2026-06-02 00:00:29,020 [ERROR] LogOutputStream:75 - [STDERR_REDIRECT] 
2026-06-04 09:44:03,003 [INFO] Activator:176 - 


2026-06-04 09:44:03,006 [INFO] Activator:177 - !SESSION log4j initialized
2026-06-04 09:44:06,206 [INFO] LogOutputStream:77 - [STDOUT_REDIRECT] 
2026-06-04 09:44:10,072 [INFO] ApplicationProperties:184 - Using Application install path: /opt/st/stm32cubeide_1.17.0_2/plugins/com.st.stm32cube.common.mx_6.13.0.202411220809
2026-06-04 09:44:10,107 [INFO] DbMcusXml:78 - Set database path to: /opt/st/stm32cubeide_1.17.0_2/plugins/com.st.stm32cube.common.mx_6.13.0.202411220809//db//mcu/
2026-06-04 09:44:10,107 [INFO] ApiDb:274 - Set plugin database path to: /opt/st/stm32cubeide_1.17.0_2/plugins/com.st.stm32cube.common.mx_6.13.0.202411220809//db//plugins/boardmanager/
2026-06-04 09:44:10,108 [WARN] ApiDb:259 - Overriding images path with different value:  => /opt/st/stm32cubeide_1.17.0_2/plugins/com.st.stm32cube.common.mx_6.13.0.202411220809//db//plugins/mcufinder/images/
2026-06-04 09:44:10,117 [INFO] ApiDb:250 - Set database path to: /home/santiago/.stmcufinder/plugins/mcufinder//mcu/
2026-06-04 09:44:10,119 [INFO] DbMcusAds:125 - Set database path to: /home/santiago/.stmcufinder/plugins/mcufinder//mcu/
2026-06-04 09:44:10,124 [INFO] CrossReferenceDbSqlite:203 - Set database path to: /home/santiago/.stmcufinder/plugins/mcufinder//mcu/cs/
2026-06-04 09:44:10,385 [INFO] RulesReader:64 - Compatibility file has been processed (297 Rules)
2026-06-04 09:44:10,513 [INFO] DbMcusXml:78 - Set database path to: /opt/st/stm32cubeide_1.17.0_2/plugins/com.st.stm32cube.common.mx_6.13.0.202411220809//db//mcu/
2026-06-04 09:44:10,513 [INFO] ApiDb:274 - Set plugin database path to: /opt/st/stm32cubeide_1.17.0_2/plugins/com.st.stm32cube.common.mx_6.13.0.202411220809//db//plugins/boardmanager/
2026-06-04 09:44:10,514 [INFO] ApiDb:261 - Set plugin images path to: /opt/st/stm32cubeide_1.17.0_2/plugins/com.st.stm32cube.common.mx_6.13.0.202411220809//db//plugins/mcufinder/images/
2026-06-04 09:44:10,514 [WARN] DbFile:41 - Overriding database path with different value: /home/santiago/.stmcufinder/plugins/mcufinder/ => /home/santiago/.stmcufinder/plugins/mcufinder
2026-06-04 09:44:10,514 [INFO] ApiDb:250 - Set database path to: /home/santiago/.stmcufinder/plugins/mcufinder//mcu/
2026-06-04 09:44:10,514 [WARN] DbFile:41 - Overriding database path with different value: /home/santiago/.stmcufinder/plugins/mcufinder/ => /home/santiago/.stmcufinder/plugins/mcufinder
2026-06-04 09:44:10,515 [INFO] DbMcusAds:125 - Set database path to: /home/santiago/.stmcufinder/plugins/mcufinder//mcu/
2026-06-04 09:44:10,515 [WARN] DbFile:41 - Overriding database path with different value: /home/santiago/.stmcufinder/plugins/mcufinder/ => /home/santiago/.stmcufinder/plugins/mcufinder
2026-06-04 09:44:10,515 [WARN] DbFile:41 - Overriding database path with different value: /home/santiago/.stmcufinder/plugins/mcufinder/ => /home/santiago/.stmcufinder/plugins/mcufinder
2026-06-04 09:44:10,515 [INFO] CrossReferenceDbSqlite:203 - Set database path to: /home/santiago/.stmcufinder/plugins/mcufinder//mcu/cs/
2026-06-04 09:44:10,604 [INFO] MainPanel:272 - HeapMemory: 268435456
2026-06-04 09:44:10,765 [INFO] DbMcusXml:78 - Set database path to: /opt/st/stm32cubeide_1.17.0_2/plugins/com.st.stm32cube.common.mx_6.13.0.202411220809//db//mcu/
2026-06-04 09:44:10,766 [INFO] ApiDb:274 - Set plugin database path to: /opt/st/stm32cubeide_1.17.0_2/plugins/com.st.stm32cube.common.mx_6.13.0.202411220809//db//plugins/boardmanager/
2026-06-04 09:44:10,766 [INFO] ApiDb:261 - Set plugin images path to: /opt/st/stm32cubeide_1.17.0_2/plugins/com.st.stm32cube.common.mx_6.13.0.202411220809//db//plugins/mcufinder/images/
2026-06-04 09:44:10,767 [WARN] DbFile:41 - Overriding database path with different value: /home/santiago/.stmcufinder/plugins/mcufinder/ => /home/santiago/.stmcufinder/plugins/mcufinder
2026-06-04 09:44:10,767 [INFO] ApiDb:250 - Set database path to: /home/santiago/.stmcufinder/plugins/mcufinder//mcu/
2026-06-04 09:44:10,767 [WARN] DbFile:41 - Overriding database path with different value: /home/santiago/.stmcufinder/plugins/mcufinder/ => /home/santiago/.stmcufinder/plugins/mcufinder
2026-06-04 09:44:10,768 [INFO] DbMcusAds:125 - Set database path to: /home/santiago/.stmcufinder/plugins/mcufinder//mcu/
2026-06-04 09:44:10,768 [WARN] DbFile:41 - Overriding database path with different value: /home/santiago/.stmcufinder/plugins/mcufinder/ => /home/santiago/.stmcufinder/plugins/mcufinder
2026-06-04 09:44:10,768 [WARN] DbFile:41 - Overriding database path with different value: /home/santiago/.stmcufinder/plugins/mcufinder/ => /home/santiago/.stmcufinder/plugins/mcufinder
2026-06-04 09:44:10,768 [INFO] CrossReferenceDbSqlite:203 - Set database path to: /home/santiago/.stmcufinder/plugins/mcufinder//mcu/cs/
2026-06-04 09:44:10,795 [INFO] ApplicationProperties:184 - Using Application install path: /opt/st/stm32cubeide_1.17.0_2/plugins/com.st.stm32cube.common.mx_6.13.0.202411220809
2026-06-04 09:44:10,798 [INFO] PluginManage:196 - Search for loadable plugins [exclusion list=, ]
2026-06-04 09:44:10,799 [INFO] PluginManage:310 - Check plugin analytics
2026-06-04 09:44:11,352 [INFO] AnalyticsPlugin:253 - Accepted Software Licenses: 
2026-06-04 09:44:11,356 [INFO] AnalyticsPlugin:255 - Accepted CMSIS Pack Licenses: 
2026-06-04 09:44:11,358 [INFO] AnalyticsPlugin:257 - Accepted Firmware Licenses: FW.F4.1.28.0
2026-06-04 09:44:11,373 [INFO] PluginManage:359 - Loaded plugin analytics (category:tool,tabindex:-1)
2026-06-04 09:44:11,377 [INFO] PluginManage:310 - Check plugin cadmodel
2026-06-04 09:44:11,393 [INFO] CADModel:105 - Init CAD model plugin
2026-06-04 09:44:11,396 [INFO] PluginManage:359 - Loaded plugin cadmodel (category:power,tabindex:5)
2026-06-04 09:44:11,399 [INFO] PluginManage:310 - Check plugin clock
2026-06-04 09:44:11,440 [INFO] PluginManage:359 - Loaded plugin clock (category:base,tabindex:2)
2026-06-04 09:44:11,441 [INFO] PluginManage:310 - Check plugin ddr
2026-06-04 09:44:11,448 [INFO] PluginManage:359 - Loaded plugin ddr (category:tool,tabindex:6)
2026-06-04 09:44:11,449 [INFO] PluginManage:310 - Check plugin filemanager
2026-06-04 09:44:11,767 [INFO] PluginManage:359 - Loaded plugin filemanager (category:base,tabindex:10)
2026-06-04 09:44:11,768 [INFO] PluginManage:310 - Check plugin ipmanager
2026-06-04 09:44:11,775 [INFO] PluginManage:359 - Loaded plugin ipmanager (category:base,tabindex:5)
2026-06-04 09:44:11,775 [INFO] PluginManage:310 - Check plugin lpbam
2026-06-04 09:44:11,787 [INFO] PluginManage:359 - Loaded plugin lpbam (category:base,tabindex:0)
2026-06-04 09:44:11,788 [INFO] PluginManage:310 - Check plugin memorymap
2026-06-04 09:44:11,846 [INFO] PluginManage:359 - Loaded plugin memorymap (category:base,tabindex:4)
2026-06-04 09:44:11,846 [INFO] PluginManage:310 - Check plugin pinoutandconfiguration
2026-06-04 09:44:11,878 [INFO] PluginManage:359 - Loaded plugin pinoutandconfiguration (category:base,tabindex:1)
2026-06-04 09:44:11,879 [INFO] PluginManage:310 - Check plugin pinoutconfig
2026-06-04 09:44:12,104 [WARN] SupportedApi:132 - Cannot load RTOS API schema: s4s-elt-must-match.1: The content of 'definitions' must match (annotation?, (simpleType | complexType)?, (unique | key | keyref)*)). A problem was found starting at: attribute.
2026-06-04 09:44:12,360 [INFO] PluginManage:359 - Loaded plugin pinoutconfig (category:base,tabindex:0)
2026-06-04 09:44:12,361 [INFO] PluginManage:310 - Check plugin power
2026-06-04 09:44:12,380 [INFO] PluginManage:359 - Loaded plugin power (category:power,tabindex:4)
2026-06-04 09:44:12,380 [INFO] PluginManage:310 - Check plugin projectmanager
2026-06-04 09:44:12,415 [INFO] PluginManage:359 - Loaded plugin projectmanager (category:projectmanager,tabindex:4)
2026-06-04 09:44:12,415 [INFO] PluginManage:310 - Check plugin rif
2026-06-04 09:44:12,426 [INFO] PluginManage:359 - Loaded plugin rif (category:base,tabindex:3)
2026-06-04 09:44:12,426 [INFO] PluginManage:310 - Check plugin thirdparty
2026-06-04 09:44:12,594 [INFO] PluginManage:359 - Loaded plugin thirdparty (category:base,tabindex:-1)
2026-06-04 09:44:12,594 [WARN] IntegrityCheckThread:84 - waiting for thirdparty lock release [integrity check]
2026-06-04 09:44:12,594 [INFO] PluginManage:310 - Check plugin tools
2026-06-04 09:44:12,594 [INFO] IntegrityCheckThread:86 - entering critical section [integrity check]
2026-06-04 09:44:12,595 [INFO] ThirdPartyUpdaterWithRetryManager:70 - Updater plugin not ready yet. [1/15]
2026-06-04 09:44:12,598 [INFO] PluginManage:359 - Loaded plugin tools (category:base,tabindex:7)
2026-06-04 09:44:12,598 [INFO] PluginManage:310 - Check plugin tutovideos
2026-06-04 09:44:12,890 [INFO] PluginManage:359 - Loaded plugin tutovideos (category:base,tabindex:-1)
2026-06-04 09:44:12,891 [INFO] PluginManage:310 - Check plugin updater
2026-06-04 09:44:12,934 [INFO] PluginManage:359 - Loaded plugin updater (category:base,tabindex:12)
2026-06-04 09:44:12,935 [INFO] PluginManage:310 - Check plugin userauth
2026-06-04 09:44:12,942 [INFO] UserAuth:118 - Init User Auth plugin
2026-06-04 09:44:12,944 [INFO] PluginManage:359 - Loaded plugin userauth (category:base,tabindex:14)
2026-06-04 09:44:12,946 [INFO] PluginManage:283 - PluginManage : Loaded plugins [18]
2026-06-04 09:44:13,325 [INFO] PinOutPanel:1589 - setPackage(No Configuration,No Configuration)
2026-06-04 09:44:13,468 [INFO] CADModel:165 - CPN selected for project level
2026-06-04 09:44:13,468 [INFO] CADModel:114 - Register for checkConnection events
2026-06-04 09:44:13,499 [INFO] IPUIPlugin:80 - create IPUIPlugin
2026-06-04 09:44:13,499 [INFO] PluginManager:220 - loadIPPluginJar : add ipddr
2026-06-04 09:44:13,504 [INFO] IPUIPlugin:80 - create IPUIPlugin
2026-06-04 09:44:13,504 [INFO] PluginManager:220 - loadIPPluginJar : add gtzc
2026-06-04 09:44:13,510 [INFO] IPUIPlugin:80 - create IPUIPlugin
2026-06-04 09:44:13,510 [INFO] PluginManager:220 - loadIPPluginJar : add usbx
2026-06-04 09:44:13,516 [INFO] IPUIPlugin:80 - create IPUIPlugin
2026-06-04 09:44:13,516 [INFO] PluginManager:220 - loadIPPluginJar : add openamp
2026-06-04 09:44:13,521 [INFO] IPUIPlugin:80 - create IPUIPlugin
2026-06-04 09:44:13,522 [INFO] PluginManager:220 - loadIPPluginJar : add can
2026-06-04 09:44:13,532 [INFO] IPUIPlugin:80 - create IPUIPlugin
2026-06-04 09:44:13,532 [INFO] PluginManager:220 - loadIPPluginJar : add linkedlist
2026-06-04 09:44:13,534 [INFO] IPUIPlugin:80 - create IPUIPlugin
2026-06-04 09:44:13,534 [INFO] PluginManager:220 - loadIPPluginJar : add tim
2026-06-04 09:44:13,541 [INFO] IPUIPlugin:80 - create IPUIPlugin
2026-06-04 09:44:13,541 [INFO] PluginManager:220 - loadIPPluginJar : add fmc
2026-06-04 09:44:13,544 [INFO] IPUIPlugin:80 - create IPUIPlugin
2026-06-04 09:44:13,544 [INFO] PluginManager:220 - loadIPPluginJar : add i2s
2026-06-04 09:44:13,547 [INFO] IPUIPlugin:80 - create IPUIPlugin
2026-06-04 09:44:13,547 [INFO] PluginManager:220 - loadIPPluginJar : add cryp
2026-06-04 09:44:13,554 [INFO] IPUIPlugin:80 - create IPUIPlugin
2026-06-04 09:44:13,554 [INFO] PluginManager:220 - loadIPPluginJar : add stm32_wpan
2026-06-04 09:44:13,558 [INFO] IPUIPlugin:80 - create IPUIPlugin
2026-06-04 09:44:13,558 [INFO] PluginManager:220 - loadIPPluginJar : add i3c
2026-06-04 09:44:13,560 [INFO] IPUIPlugin:80 - create IPUIPlugin
2026-06-04 09:44:13,560 [INFO] PluginManager:220 - loadIPPluginJar : add quadspi
2026-06-04 09:44:13,568 [INFO] IPUIPlugin:80 - create IPUIPlugin
2026-06-04 09:44:13,569 [INFO] PluginManager:220 - loadIPPluginJar : add dma
2026-06-04 09:44:13,571 [INFO] IPUIPlugin:80 - create IPUIPlugin
2026-06-04 09:44:13,571 [INFO] PluginManager:220 - loadIPPluginJar : add ltdc
2026-06-04 09:44:13,575 [INFO] IPUIPlugin:80 - create IPUIPlugin
2026-06-04 09:44:13,576 [INFO] PluginManager:220 - loadIPPluginJar : add nvic
2026-06-04 09:44:13,580 [INFO] IPUIPlugin:80 - create IPUIPlugin
2026-06-04 09:44:13,580 [INFO] PluginManager:220 - loadIPPluginJar : add opamp
2026-06-04 09:44:13,587 [INFO] IPUIPlugin:80 - create IPUIPlugin
2026-06-04 09:44:13,588 [INFO] PluginManager:220 - loadIPPluginJar : add freertos
2026-06-04 09:44:13,590 [INFO] IPUIPlugin:80 - create IPUIPlugin
2026-06-04 09:44:13,591 [INFO] PluginManager:220 - loadIPPluginJar : add hash
2026-06-04 09:44:13,595 [INFO] IPUIPlugin:80 - create IPUIPlugin
2026-06-04 09:44:13,596 [INFO] PluginManager:220 - loadIPPluginJar : add touchsensing
2026-06-04 09:44:13,599 [INFO] IPUIPlugin:80 - create IPUIPlugin
2026-06-04 09:44:13,599 [INFO] PluginManager:220 - loadIPPluginJar : add spi
2026-06-04 09:44:13,602 [INFO] IPUIPlugin:80 - create IPUIPlugin
2026-06-04 09:44:13,602 [INFO] PluginManager:220 - loadIPPluginJar : add comp
2026-06-04 09:44:13,605 [INFO] IPUIPlugin:80 - create IPUIPlugin
2026-06-04 09:44:13,605 [INFO] PluginManager:220 - loadIPPluginJar : add ucpd
2026-06-04 09:44:13,608 [INFO] IPUIPlugin:80 - create IPUIPlugin
2026-06-04 09:44:13,609 [INFO] PluginManager:220 - loadIPPluginJar : add ddr_ctrl_phy
2026-06-04 09:44:13,611 [INFO] IPUIPlugin:80 - create IPUIPlugin
2026-06-04 09:44:13,611 [INFO] PluginManager:220 - loadIPPluginJar : add fatfs
2026-06-04 09:44:13,615 [INFO] IPUIPlugin:80 - create IPUIPlugin
2026-06-04 09:44:13,615 [INFO] PluginManager:220 - loadIPPluginJar : add dma3
2026-06-04 09:44:13,620 [INFO] IPUIPlugin:80 - create IPUIPlugin
2026-06-04 09:44:13,620 [INFO] PluginManager:220 - loadIPPluginJar : add sai
2026-06-04 09:44:13,624 [INFO] IPUIPlugin:80 - create IPUIPlugin
2026-06-04 09:44:13,624 [INFO] PluginManager:220 - loadIPPluginJar : add extmemmanager
2026-06-04 09:44:13,628 [INFO] IPUIPlugin:80 - create IPUIPlugin
2026-06-04 09:44:13,628 [INFO] PluginManager:220 - loadIPPluginJar : add i2c
2026-06-04 09:44:13,631 [INFO] IPUIPlugin:80 - create IPUIPlugin
2026-06-04 09:44:13,631 [INFO] PluginManager:220 - loadIPPluginJar : add tracer_emb
2026-06-04 09:44:13,634 [INFO] IPUIPlugin:80 - create IPUIPlugin
2026-06-04 09:44:13,634 [INFO] PluginManager:220 - loadIPPluginJar : add ts
2026-06-04 09:44:13,639 [INFO] IPUIPlugin:80 - create IPUIPlugin
2026-06-04 09:44:13,639 [INFO] PluginManager:220 - loadIPPluginJar : add resmgrutility
2026-06-04 09:44:13,646 [INFO] IPUIPlugin:80 - create IPUIPlugin
2026-06-04 09:44:13,646 [INFO] PluginManager:220 - loadIPPluginJar : add gic
2026-06-04 09:44:13,650 [INFO] IPUIPlugin:80 - create IPUIPlugin
2026-06-04 09:44:13,650 [INFO] PluginManager:220 - loadIPPluginJar : add usart
2026-06-04 09:44:13,652 [INFO] IPUIPlugin:80 - create IPUIPlugin
2026-06-04 09:44:13,653 [INFO] PluginManager:220 - loadIPPluginJar : add tsc
2026-06-04 09:44:13,656 [INFO] IPUIPlugin:80 - create IPUIPlugin
2026-06-04 09:44:13,656 [INFO] PluginManager:220 - loadIPPluginJar : add gfxmmu
2026-06-04 09:44:13,664 [INFO] IPUIPlugin:80 - create IPUIPlugin
2026-06-04 09:44:13,665 [INFO] PluginManager:220 - loadIPPluginJar : add mdma
2026-06-04 09:44:13,668 [INFO] IPUIPlugin:80 - create IPUIPlugin
2026-06-04 09:44:13,669 [INFO] PluginManager:220 - loadIPPluginJar : add lorawan
2026-06-04 09:44:13,677 [INFO] IPUIPlugin:80 - create IPUIPlugin
2026-06-04 09:44:13,677 [INFO] PluginManager:220 - loadIPPluginJar : add adc
2026-06-04 09:44:13,679 [INFO] IPUIPlugin:80 - create IPUIPlugin
2026-06-04 09:44:13,679 [INFO] PluginManager:220 - loadIPPluginJar : add genericplugin
2026-06-04 09:44:13,683 [INFO] IPUIPlugin:80 - create IPUIPlugin
2026-06-04 09:44:13,683 [INFO] PluginManager:220 - loadIPPluginJar : add pdm2pcm
2026-06-04 09:44:13,685 [INFO] IPUIPlugin:80 - create IPUIPlugin
2026-06-04 09:44:13,686 [INFO] PluginManager:220 - loadIPPluginJar : add radio
2026-06-04 09:44:13,689 [INFO] IPUIPlugin:80 - create IPUIPlugin
2026-06-04 09:44:13,690 [INFO] PluginManager:220 - loadIPPluginJar : add aes
2026-06-04 09:44:13,698 [INFO] IPUIPlugin:80 - create IPUIPlugin
2026-06-04 09:44:13,702 [INFO] PluginManager:220 - loadIPPluginJar : add plateformsettings
2026-06-04 09:44:13,707 [INFO] IPUIPlugin:80 - create IPUIPlugin
2026-06-04 09:44:13,708 [INFO] PluginManager:220 - loadIPPluginJar : add gpio
2026-06-04 09:44:13,711 [INFO] IPUIPlugin:80 - create IPUIPlugin
2026-06-04 09:44:13,711 [INFO] PluginManager:220 - loadIPPluginJar : add dfsdm
2026-06-04 09:44:13,838 [FATAL] Updater:351 - Updater called before beeing initialized
2026-06-04 09:44:52,146 [INFO] Activator:176 - 


2026-06-04 09:44:52,149 [INFO] Activator:177 - !SESSION log4j initialized
2026-06-04 09:44:55,290 [INFO] LogOutputStream:77 - [STDOUT_REDIRECT] 
2026-06-04 09:44:59,211 [INFO] ApplicationProperties:184 - Using Application install path: /opt/st/stm32cubeide_1.17.0_2/plugins/com.st.stm32cube.common.mx_6.13.0.202411220809
2026-06-04 09:44:59,235 [INFO] DbMcusXml:78 - Set database path to: /opt/st/stm32cubeide_1.17.0_2/plugins/com.st.stm32cube.common.mx_6.13.0.202411220809//db//mcu/
2026-06-04 09:44:59,236 [INFO] ApiDb:274 - Set plugin database path to: /opt/st/stm32cubeide_1.17.0_2/plugins/com.st.stm32cube.common.mx_6.13.0.202411220809//db//plugins/boardmanager/
2026-06-04 09:44:59,236 [WARN] ApiDb:259 - Overriding images path with different value:  => /opt/st/stm32cubeide_1.17.0_2/plugins/com.st.stm32cube.common.mx_6.13.0.202411220809//db//plugins/mcufinder/images/
2026-06-04 09:44:59,242 [INFO] ApiDb:250 - Set database path to: /home/santiago/.stmcufinder/plugins/mcufinder//mcu/
2026-06-04 09:44:59,244 [INFO] DbMcusAds:125 - Set database path to: /home/santiago/.stmcufinder/plugins/mcufinder//mcu/
2026-06-04 09:44:59,247 [INFO] CrossReferenceDbSqlite:203 - Set database path to: /home/santiago/.stmcufinder/plugins/mcufinder//mcu/cs/
2026-06-04 09:44:59,448 [INFO] RulesReader:64 - Compatibility file has been processed (297 Rules)
2026-06-04 09:44:59,536 [INFO] DbMcusXml:78 - Set database path to: /opt/st/stm32cubeide_1.17.0_2/plugins/com.st.stm32cube.common.mx_6.13.0.202411220809//db//mcu/
2026-06-04 09:44:59,536 [INFO] ApiDb:274 - Set plugin database path to: /opt/st/stm32cubeide_1.17.0_2/plugins/com.st.stm32cube.common.mx_6.13.0.202411220809//db//plugins/boardmanager/
2026-06-04 09:44:59,536 [INFO] ApiDb:261 - Set plugin images path to: /opt/st/stm32cubeide_1.17.0_2/plugins/com.st.stm32cube.common.mx_6.13.0.202411220809//db//plugins/mcufinder/images/
2026-06-04 09:44:59,537 [WARN] DbFile:41 - Overriding database path with different value: /home/santiago/.stmcufinder/plugins/mcufinder/ => /home/santiago/.stmcufinder/plugins/mcufinder
2026-06-04 09:44:59,537 [INFO] ApiDb:250 - Set database path to: /home/santiago/.stmcufinder/plugins/mcufinder//mcu/
2026-06-04 09:44:59,537 [WARN] DbFile:41 - Overriding database path with different value: /home/santiago/.stmcufinder/plugins/mcufinder/ => /home/santiago/.stmcufinder/plugins/mcufinder
2026-06-04 09:44:59,537 [INFO] DbMcusAds:125 - Set database path to: /home/santiago/.stmcufinder/plugins/mcufinder//mcu/
2026-06-04 09:44:59,537 [WARN] DbFile:41 - Overriding database path with different value: /home/santiago/.stmcufinder/plugins/mcufinder/ => /home/santiago/.stmcufinder/plugins/mcufinder
2026-06-04 09:44:59,538 [WARN] DbFile:41 - Overriding database path with different value: /home/santiago/.stmcufinder/plugins/mcufinder/ => /home/santiago/.stmcufinder/plugins/mcufinder
2026-06-04 09:44:59,538 [INFO] CrossReferenceDbSqlite:203 - Set database path to: /home/santiago/.stmcufinder/plugins/mcufinder//mcu/cs/
2026-06-04 09:44:59,625 [INFO] MainPanel:272 - HeapMemory: 268435456
2026-06-04 09:44:59,778 [INFO] DbMcusXml:78 - Set database path to: /opt/st/stm32cubeide_1.17.0_2/plugins/com.st.stm32cube.common.mx_6.13.0.202411220809//db//mcu/
2026-06-04 09:44:59,778 [INFO] ApiDb:274 - Set plugin database path to: /opt/st/stm32cubeide_1.17.0_2/plugins/com.st.stm32cube.common.mx_6.13.0.202411220809//db//plugins/boardmanager/
2026-06-04 09:44:59,778 [INFO] ApiDb:261 - Set plugin images path to: /opt/st/stm32cubeide_1.17.0_2/plugins/com.st.stm32cube.common.mx_6.13.0.202411220809//db//plugins/mcufinder/images/
2026-06-04 09:44:59,779 [WARN] DbFile:41 - Overriding database path with different value: /home/santiago/.stmcufinder/plugins/mcufinder/ => /home/santiago/.stmcufinder/plugins/mcufinder
2026-06-04 09:44:59,779 [INFO] ApiDb:250 - Set database path to: /home/santiago/.stmcufinder/plugins/mcufinder//mcu/
2026-06-04 09:44:59,780 [WARN] DbFile:41 - Overriding database path with different value: /home/santiago/.stmcufinder/plugins/mcufinder/ => /home/santiago/.stmcufinder/plugins/mcufinder
2026-06-04 09:44:59,780 [INFO] DbMcusAds:125 - Set database path to: /home/santiago/.stmcufinder/plugins/mcufinder//mcu/
2026-06-04 09:44:59,780 [WARN] DbFile:41 - Overriding database path with different value: /home/santiago/.stmcufinder/plugins/mcufinder/ => /home/santiago/.stmcufinder/plugins/mcufinder
2026-06-04 09:44:59,781 [WARN] DbFile:41 - Overriding database path with different value: /home/santiago/.stmcufinder/plugins/mcufinder/ => /home/santiago/.stmcufinder/plugins/mcufinder
2026-06-04 09:44:59,781 [INFO] CrossReferenceDbSqlite:203 - Set database path to: /home/santiago/.stmcufinder/plugins/mcufinder//mcu/cs/
2026-06-04 09:44:59,811 [INFO] ApplicationProperties:184 - Using Application install path: /opt/st/stm32cubeide_1.17.0_2/plugins/com.st.stm32cube.common.mx_6.13.0.202411220809
2026-06-04 09:44:59,815 [INFO] PluginManage:196 - Search for loadable plugins [exclusion list=, ]
2026-06-04 09:44:59,817 [INFO] PluginManage:310 - Check plugin analytics
2026-06-04 09:45:00,444 [INFO] AnalyticsPlugin:253 - Accepted Software Licenses: 
2026-06-04 09:45:00,444 [INFO] AnalyticsPlugin:255 - Accepted CMSIS Pack Licenses: 
2026-06-04 09:45:00,448 [INFO] AnalyticsPlugin:257 - Accepted Firmware Licenses: FW.F4.1.28.0
2026-06-04 09:45:00,460 [INFO] PluginManage:359 - Loaded plugin analytics (category:tool,tabindex:-1)
2026-06-04 09:45:00,461 [INFO] PluginManage:310 - Check plugin cadmodel
2026-06-04 09:45:00,468 [INFO] CADModel:105 - Init CAD model plugin
2026-06-04 09:45:00,469 [INFO] PluginManage:359 - Loaded plugin cadmodel (category:power,tabindex:5)
2026-06-04 09:45:00,469 [INFO] PluginManage:310 - Check plugin clock
2026-06-04 09:45:00,504 [INFO] PluginManage:359 - Loaded plugin clock (category:base,tabindex:2)
2026-06-04 09:45:00,505 [INFO] PluginManage:310 - Check plugin ddr
2026-06-04 09:45:00,511 [INFO] PluginManage:359 - Loaded plugin ddr (category:tool,tabindex:6)
2026-06-04 09:45:00,513 [INFO] PluginManage:310 - Check plugin filemanager
2026-06-04 09:45:00,869 [INFO] PluginManage:359 - Loaded plugin filemanager (category:base,tabindex:10)
2026-06-04 09:45:00,869 [INFO] PluginManage:310 - Check plugin ipmanager
2026-06-04 09:45:00,882 [INFO] PluginManage:359 - Loaded plugin ipmanager (category:base,tabindex:5)
2026-06-04 09:45:00,883 [INFO] PluginManage:310 - Check plugin lpbam
2026-06-04 09:45:00,906 [INFO] PluginManage:359 - Loaded plugin lpbam (category:base,tabindex:0)
2026-06-04 09:45:00,906 [INFO] PluginManage:310 - Check plugin memorymap
2026-06-04 09:45:00,943 [INFO] PluginManage:359 - Loaded plugin memorymap (category:base,tabindex:4)
2026-06-04 09:45:00,944 [INFO] PluginManage:310 - Check plugin pinoutandconfiguration
2026-06-04 09:45:00,963 [INFO] PluginManage:359 - Loaded plugin pinoutandconfiguration (category:base,tabindex:1)
2026-06-04 09:45:00,963 [INFO] PluginManage:310 - Check plugin pinoutconfig
2026-06-04 09:45:01,419 [WARN] SupportedApi:132 - Cannot load RTOS API schema: s4s-elt-must-match.1: The content of 'definitions' must match (annotation?, (simpleType | complexType)?, (unique | key | keyref)*)). A problem was found starting at: attribute.
2026-06-04 09:45:01,641 [INFO] PluginManage:359 - Loaded plugin pinoutconfig (category:base,tabindex:0)
2026-06-04 09:45:01,641 [INFO] PluginManage:310 - Check plugin power
2026-06-04 09:45:01,652 [INFO] PluginManage:359 - Loaded plugin power (category:power,tabindex:4)
2026-06-04 09:45:01,653 [INFO] PluginManage:310 - Check plugin projectmanager
2026-06-04 09:45:01,677 [INFO] PluginManage:359 - Loaded plugin projectmanager (category:projectmanager,tabindex:4)
2026-06-04 09:45:01,677 [INFO] PluginManage:310 - Check plugin rif
2026-06-04 09:45:01,685 [INFO] PluginManage:359 - Loaded plugin rif (category:base,tabindex:3)
2026-06-04 09:45:01,686 [INFO] PluginManage:310 - Check plugin thirdparty
2026-06-04 09:45:01,895 [INFO] PluginManage:359 - Loaded plugin thirdparty (category:base,tabindex:-1)
2026-06-04 09:45:01,895 [WARN] IntegrityCheckThread:84 - waiting for thirdparty lock release [integrity check]
2026-06-04 09:45:01,895 [INFO] PluginManage:310 - Check plugin tools
2026-06-04 09:45:01,895 [INFO] IntegrityCheckThread:86 - entering critical section [integrity check]
2026-06-04 09:45:01,896 [INFO] ThirdPartyUpdaterWithRetryManager:70 - Updater plugin not ready yet. [1/15]
2026-06-04 09:45:01,901 [INFO] PluginManage:359 - Loaded plugin tools (category:base,tabindex:7)
2026-06-04 09:45:01,902 [INFO] PluginManage:310 - Check plugin tutovideos
2026-06-04 09:45:02,152 [INFO] PluginManage:359 - Loaded plugin tutovideos (category:base,tabindex:-1)
2026-06-04 09:45:02,152 [INFO] PluginManage:310 - Check plugin updater
2026-06-04 09:45:02,196 [INFO] PluginManage:359 - Loaded plugin updater (category:base,tabindex:12)
2026-06-04 09:45:02,196 [INFO] PluginManage:310 - Check plugin userauth
2026-06-04 09:45:02,203 [INFO] UserAuth:118 - Init User Auth plugin
2026-06-04 09:45:02,205 [INFO] PluginManage:359 - Loaded plugin userauth (category:base,tabindex:14)
2026-06-04 09:45:02,205 [INFO] PluginManage:283 - PluginManage : Loaded plugins [18]
2026-06-04 09:45:02,480 [INFO] PinOutPanel:1589 - setPackage(No Configuration,No Configuration)
2026-06-04 09:45:02,594 [INFO] CADModel:165 - CPN selected for project level
2026-06-04 09:45:02,594 [INFO] CADModel:114 - Register for checkConnection events
2026-06-04 09:45:02,610 [INFO] IPUIPlugin:80 - create IPUIPlugin
2026-06-04 09:45:02,611 [INFO] PluginManager:220 - loadIPPluginJar : add ipddr
2026-06-04 09:45:02,614 [INFO] IPUIPlugin:80 - create IPUIPlugin
2026-06-04 09:45:02,614 [INFO] PluginManager:220 - loadIPPluginJar : add gtzc
2026-06-04 09:45:02,618 [INFO] IPUIPlugin:80 - create IPUIPlugin
2026-06-04 09:45:02,618 [INFO] PluginManager:220 - loadIPPluginJar : add usbx
2026-06-04 09:45:02,622 [INFO] IPUIPlugin:80 - create IPUIPlugin
2026-06-04 09:45:02,623 [INFO] PluginManager:220 - loadIPPluginJar : add openamp
2026-06-04 09:45:02,626 [INFO] IPUIPlugin:80 - create IPUIPlugin
2026-06-04 09:45:02,626 [INFO] PluginManager:220 - loadIPPluginJar : add can
2026-06-04 09:45:02,635 [INFO] IPUIPlugin:80 - create IPUIPlugin
2026-06-04 09:45:02,635 [INFO] PluginManager:220 - loadIPPluginJar : add linkedlist
2026-06-04 09:45:02,637 [INFO] IPUIPlugin:80 - create IPUIPlugin
2026-06-04 09:45:02,638 [INFO] PluginManager:220 - loadIPPluginJar : add tim
2026-06-04 09:45:02,645 [INFO] IPUIPlugin:80 - create IPUIPlugin
2026-06-04 09:45:02,645 [INFO] PluginManager:220 - loadIPPluginJar : add fmc
2026-06-04 09:45:02,648 [INFO] IPUIPlugin:80 - create IPUIPlugin
2026-06-04 09:45:02,648 [INFO] PluginManager:220 - loadIPPluginJar : add i2s
2026-06-04 09:45:02,651 [INFO] IPUIPlugin:80 - create IPUIPlugin
2026-06-04 09:45:02,651 [INFO] PluginManager:220 - loadIPPluginJar : add cryp
2026-06-04 09:45:02,659 [INFO] IPUIPlugin:80 - create IPUIPlugin
2026-06-04 09:45:02,659 [INFO] PluginManager:220 - loadIPPluginJar : add stm32_wpan
2026-06-04 09:45:02,663 [INFO] IPUIPlugin:80 - create IPUIPlugin
2026-06-04 09:45:02,663 [INFO] PluginManager:220 - loadIPPluginJar : add i3c
2026-06-04 09:45:02,665 [INFO] IPUIPlugin:80 - create IPUIPlugin
2026-06-04 09:45:02,666 [INFO] PluginManager:220 - loadIPPluginJar : add quadspi
2026-06-04 09:45:02,673 [INFO] IPUIPlugin:80 - create IPUIPlugin
2026-06-04 09:45:02,674 [INFO] PluginManager:220 - loadIPPluginJar : add dma
2026-06-04 09:45:02,676 [INFO] IPUIPlugin:80 - create IPUIPlugin
2026-06-04 09:45:02,676 [INFO] PluginManager:220 - loadIPPluginJar : add ltdc
2026-06-04 09:45:02,680 [INFO] IPUIPlugin:80 - create IPUIPlugin
2026-06-04 09:45:02,680 [INFO] PluginManager:220 - loadIPPluginJar : add nvic
2026-06-04 09:45:02,684 [INFO] IPUIPlugin:80 - create IPUIPlugin
2026-06-04 09:45:02,684 [INFO] PluginManager:220 - loadIPPluginJar : add opamp
2026-06-04 09:45:02,691 [INFO] IPUIPlugin:80 - create IPUIPlugin
2026-06-04 09:45:02,691 [INFO] PluginManager:220 - loadIPPluginJar : add freertos
2026-06-04 09:45:02,694 [INFO] IPUIPlugin:80 - create IPUIPlugin
2026-06-04 09:45:02,694 [INFO] PluginManager:220 - loadIPPluginJar : add hash
2026-06-04 09:45:02,698 [INFO] IPUIPlugin:80 - create IPUIPlugin
2026-06-04 09:45:02,699 [INFO] PluginManager:220 - loadIPPluginJar : add touchsensing
2026-06-04 09:45:02,702 [INFO] IPUIPlugin:80 - create IPUIPlugin
2026-06-04 09:45:02,702 [INFO] PluginManager:220 - loadIPPluginJar : add spi
2026-06-04 09:45:02,704 [INFO] IPUIPlugin:80 - create IPUIPlugin
2026-06-04 09:45:02,705 [INFO] PluginManager:220 - loadIPPluginJar : add comp
2026-06-04 09:45:02,707 [INFO] IPUIPlugin:80 - create IPUIPlugin
2026-06-04 09:45:02,707 [INFO] PluginManager:220 - loadIPPluginJar : add ucpd
2026-06-04 09:45:02,710 [INFO] IPUIPlugin:80 - create IPUIPlugin
2026-06-04 09:45:02,710 [INFO] PluginManager:220 - loadIPPluginJar : add ddr_ctrl_phy
2026-06-04 09:45:02,713 [INFO] IPUIPlugin:80 - create IPUIPlugin
2026-06-04 09:45:02,713 [INFO] PluginManager:220 - loadIPPluginJar : add fatfs
2026-06-04 09:45:02,716 [INFO] IPUIPlugin:80 - create IPUIPlugin
2026-06-04 09:45:02,716 [INFO] PluginManager:220 - loadIPPluginJar : add dma3
2026-06-04 09:45:02,720 [INFO] IPUIPlugin:80 - create IPUIPlugin
2026-06-04 09:45:02,720 [INFO] PluginManager:220 - loadIPPluginJar : add sai
2026-06-04 09:45:02,723 [INFO] IPUIPlugin:80 - create IPUIPlugin
2026-06-04 09:45:02,724 [INFO] PluginManager:220 - loadIPPluginJar : add extmemmanager
2026-06-04 09:45:02,727 [INFO] IPUIPlugin:80 - create IPUIPlugin
2026-06-04 09:45:02,727 [INFO] PluginManager:220 - loadIPPluginJar : add i2c
2026-06-04 09:45:02,730 [INFO] IPUIPlugin:80 - create IPUIPlugin
2026-06-04 09:45:02,730 [INFO] PluginManager:220 - loadIPPluginJar : add tracer_emb
2026-06-04 09:45:02,732 [INFO] IPUIPlugin:80 - create IPUIPlugin
2026-06-04 09:45:02,732 [INFO] PluginManager:220 - loadIPPluginJar : add ts
2026-06-04 09:45:02,737 [INFO] IPUIPlugin:80 - create IPUIPlugin
2026-06-04 09:45:02,737 [INFO] PluginManager:220 - loadIPPluginJar : add resmgrutility
2026-06-04 09:45:02,743 [INFO] IPUIPlugin:80 - create IPUIPlugin
2026-06-04 09:45:02,744 [INFO] PluginManager:220 - loadIPPluginJar : add gic
2026-06-04 09:45:02,747 [INFO] IPUIPlugin:80 - create IPUIPlugin
2026-06-04 09:45:02,747 [INFO] PluginManager:220 - loadIPPluginJar : add usart
2026-06-04 09:45:02,749 [INFO] IPUIPlugin:80 - create IPUIPlugin
2026-06-04 09:45:02,749 [INFO] PluginManager:220 - loadIPPluginJar : add tsc
2026-06-04 09:45:02,752 [INFO] IPUIPlugin:80 - create IPUIPlugin
2026-06-04 09:45:02,752 [INFO] PluginManager:220 - loadIPPluginJar : add gfxmmu
2026-06-04 09:45:02,760 [INFO] IPUIPlugin:80 - create IPUIPlugin
2026-06-04 09:45:02,761 [INFO] PluginManager:220 - loadIPPluginJar : add mdma
2026-06-04 09:45:02,764 [INFO] IPUIPlugin:80 - create IPUIPlugin
2026-06-04 09:45:02,764 [INFO] PluginManager:220 - loadIPPluginJar : add lorawan
2026-06-04 09:45:02,772 [INFO] IPUIPlugin:80 - create IPUIPlugin
2026-06-04 09:45:02,772 [INFO] PluginManager:220 - loadIPPluginJar : add adc
2026-06-04 09:45:02,774 [INFO] IPUIPlugin:80 - create IPUIPlugin
2026-06-04 09:45:02,774 [INFO] PluginManager:220 - loadIPPluginJar : add genericplugin
2026-06-04 09:45:02,778 [INFO] IPUIPlugin:80 - create IPUIPlugin
2026-06-04 09:45:02,778 [INFO] PluginManager:220 - loadIPPluginJar : add pdm2pcm
2026-06-04 09:45:02,780 [INFO] IPUIPlugin:80 - create IPUIPlugin
2026-06-04 09:45:02,781 [INFO] PluginManager:220 - loadIPPluginJar : add radio
2026-06-04 09:45:02,784 [INFO] IPUIPlugin:80 - create IPUIPlugin
2026-06-04 09:45:02,784 [INFO] PluginManager:220 - loadIPPluginJar : add aes
2026-06-04 09:45:02,792 [INFO] IPUIPlugin:80 - create IPUIPlugin
2026-06-04 09:45:02,796 [INFO] PluginManager:220 - loadIPPluginJar : add plateformsettings
2026-06-04 09:45:02,801 [INFO] IPUIPlugin:80 - create IPUIPlugin
2026-06-04 09:45:02,801 [INFO] PluginManager:220 - loadIPPluginJar : add gpio
2026-06-04 09:45:02,805 [INFO] IPUIPlugin:80 - create IPUIPlugin
2026-06-04 09:45:02,805 [INFO] PluginManager:220 - loadIPPluginJar : add dfsdm
2026-06-04 09:45:02,926 [FATAL] Updater:351 - Updater called before beeing initialized
2026-06-04 09:45:02,968 [INFO] RulesReader:64 - Compatibility file has been processed (297 Rules)
2026-06-04 09:45:02,988 [INFO] RulesReader:64 - Compatibility file has been processed (297 Rules)
2026-06-04 09:45:02,998 [INFO] CADModel:165 - CPN selected for project level
2026-06-04 09:45:02,998 [INFO] CADModel:114 - Register for checkConnection events
2026-06-04 09:45:02,998 [FATAL] Updater:351 - Updater called before beeing initialized
2026-06-04 09:45:02,999 [ERROR] CADModel:125 - Updater not yet initialized, retry later 
2026-06-04 09:45:03,178 [FATAL] Updater:351 - Updater called before beeing initialized
2026-06-04 09:45:03,180 [INFO] CADModel:165 - CPN selected for project level
2026-06-04 09:45:03,180 [INFO] CADModel:114 - Register for checkConnection events
2026-06-04 09:45:03,181 [FATAL] Updater:351 - Updater called before beeing initialized
2026-06-04 09:45:03,181 [ERROR] CADModel:125 - Updater not yet initialized, retry later 
2026-06-04 09:45:03,185 [FATAL] Updater:351 - Updater called before beeing initialized
2026-06-04 09:45:03,301 [FATAL] Updater:351 - Updater called before beeing initialized
2026-06-04 09:45:03,307 [INFO] DbMcusAds:53 - JSON generation date=Thu May 28 11:08:17 COT 2026 (1779984497073)
2026-06-04 09:45:03,308 [FATAL] Updater:351 - Updater called before beeing initialized
2026-06-04 09:45:03,362 [WARN] DetailPanel:346 - Failed to get advertising image, set to default
2026-06-04 09:45:03,866 [FATAL] Updater:351 - Updater called before beeing initialized
2026-06-04 09:45:03,868 [FATAL] Updater:351 - Updater called before beeing initialized
2026-06-04 09:45:03,869 [FATAL] Updater:351 - Updater called before beeing initialized
2026-06-04 09:45:03,869 [WARN] DetailPanel:346 - Failed to get advertising image, set to default
2026-06-04 09:45:03,871 [FATAL] Updater:351 - Updater called before beeing initialized
2026-06-04 09:45:03,932 [ERROR] Updater:1198 - MainUpdater not yet initialized. External WinMGr cannot be set.
2026-06-04 09:45:03,936 [INFO] Updater:1134 - Updater Version found : 6.13.0
2026-06-04 09:45:03,977 [INFO] ApplicationProperties:184 - Using Application install path: /opt/st/stm32cubeide_1.17.0_2/plugins/com.st.stm32cube.common.mx_6.13.0.202411220809
2026-06-04 09:46:41,259 [INFO] Activator:176 - 


2026-06-04 09:46:41,262 [INFO] Activator:177 - !SESSION log4j initialized
2026-06-04 09:46:44,374 [INFO] LogOutputStream:77 - [STDOUT_REDIRECT] 
2026-06-04 09:46:48,349 [INFO] ApplicationProperties:184 - Using Application install path: /opt/st/stm32cubeide_1.17.0_2/plugins/com.st.stm32cube.common.mx_6.13.0.202411220809
2026-06-04 09:46:48,373 [INFO] DbMcusXml:78 - Set database path to: /opt/st/stm32cubeide_1.17.0_2/plugins/com.st.stm32cube.common.mx_6.13.0.202411220809//db//mcu/
2026-06-04 09:46:48,374 [INFO] ApiDb:274 - Set plugin database path to: /opt/st/stm32cubeide_1.17.0_2/plugins/com.st.stm32cube.common.mx_6.13.0.202411220809//db//plugins/boardmanager/
2026-06-04 09:46:48,374 [WARN] ApiDb:259 - Overriding images path with different value:  => /opt/st/stm32cubeide_1.17.0_2/plugins/com.st.stm32cube.common.mx_6.13.0.202411220809//db//plugins/mcufinder/images/
2026-06-04 09:46:48,381 [INFO] ApiDb:250 - Set database path to: /home/santiago/.stmcufinder/plugins/mcufinder//mcu/
2026-06-04 09:46:48,382 [INFO] DbMcusAds:125 - Set database path to: /home/santiago/.stmcufinder/plugins/mcufinder//mcu/
2026-06-04 09:46:48,386 [INFO] CrossReferenceDbSqlite:203 - Set database path to: /home/santiago/.stmcufinder/plugins/mcufinder//mcu/cs/
2026-06-04 09:46:48,591 [INFO] RulesReader:64 - Compatibility file has been processed (297 Rules)
2026-06-04 09:46:48,679 [INFO] DbMcusXml:78 - Set database path to: /opt/st/stm32cubeide_1.17.0_2/plugins/com.st.stm32cube.common.mx_6.13.0.202411220809//db//mcu/
2026-06-04 09:46:48,679 [INFO] ApiDb:274 - Set plugin database path to: /opt/st/stm32cubeide_1.17.0_2/plugins/com.st.stm32cube.common.mx_6.13.0.202411220809//db//plugins/boardmanager/
2026-06-04 09:46:48,680 [INFO] ApiDb:261 - Set plugin images path to: /opt/st/stm32cubeide_1.17.0_2/plugins/com.st.stm32cube.common.mx_6.13.0.202411220809//db//plugins/mcufinder/images/
2026-06-04 09:46:48,680 [WARN] DbFile:41 - Overriding database path with different value: /home/santiago/.stmcufinder/plugins/mcufinder/ => /home/santiago/.stmcufinder/plugins/mcufinder
2026-06-04 09:46:48,680 [INFO] ApiDb:250 - Set database path to: /home/santiago/.stmcufinder/plugins/mcufinder//mcu/
2026-06-04 09:46:48,680 [WARN] DbFile:41 - Overriding database path with different value: /home/santiago/.stmcufinder/plugins/mcufinder/ => /home/santiago/.stmcufinder/plugins/mcufinder
2026-06-04 09:46:48,681 [INFO] DbMcusAds:125 - Set database path to: /home/santiago/.stmcufinder/plugins/mcufinder//mcu/
2026-06-04 09:46:48,681 [WARN] DbFile:41 - Overriding database path with different value: /home/santiago/.stmcufinder/plugins/mcufinder/ => /home/santiago/.stmcufinder/plugins/mcufinder
2026-06-04 09:46:48,681 [WARN] DbFile:41 - Overriding database path with different value: /home/santiago/.stmcufinder/plugins/mcufinder/ => /home/santiago/.stmcufinder/plugins/mcufinder
2026-06-04 09:46:48,681 [INFO] CrossReferenceDbSqlite:203 - Set database path to: /home/santiago/.stmcufinder/plugins/mcufinder//mcu/cs/
2026-06-04 09:46:48,770 [INFO] MainPanel:272 - HeapMemory: 268435456
2026-06-04 09:46:48,923 [INFO] DbMcusXml:78 - Set database path to: /opt/st/stm32cubeide_1.17.0_2/plugins/com.st.stm32cube.common.mx_6.13.0.202411220809//db//mcu/
2026-06-04 09:46:48,923 [INFO] ApiDb:274 - Set plugin database path to: /opt/st/stm32cubeide_1.17.0_2/plugins/com.st.stm32cube.common.mx_6.13.0.202411220809//db//plugins/boardmanager/
2026-06-04 09:46:48,923 [INFO] ApiDb:261 - Set plugin images path to: /opt/st/stm32cubeide_1.17.0_2/plugins/com.st.stm32cube.common.mx_6.13.0.202411220809//db//plugins/mcufinder/images/
2026-06-04 09:46:48,924 [WARN] DbFile:41 - Overriding database path with different value: /home/santiago/.stmcufinder/plugins/mcufinder/ => /home/santiago/.stmcufinder/plugins/mcufinder
2026-06-04 09:46:48,924 [INFO] ApiDb:250 - Set database path to: /home/santiago/.stmcufinder/plugins/mcufinder//mcu/
2026-06-04 09:46:48,924 [WARN] DbFile:41 - Overriding database path with different value: /home/santiago/.stmcufinder/plugins/mcufinder/ => /home/santiago/.stmcufinder/plugins/mcufinder
2026-06-04 09:46:48,924 [INFO] DbMcusAds:125 - Set database path to: /home/santiago/.stmcufinder/plugins/mcufinder//mcu/
2026-06-04 09:46:48,925 [WARN] DbFile:41 - Overriding database path with different value: /home/santiago/.stmcufinder/plugins/mcufinder/ => /home/santiago/.stmcufinder/plugins/mcufinder
2026-06-04 09:46:48,925 [WARN] DbFile:41 - Overriding database path with different value: /home/santiago/.stmcufinder/plugins/mcufinder/ => /home/santiago/.stmcufinder/plugins/mcufinder
2026-06-04 09:46:48,925 [INFO] CrossReferenceDbSqlite:203 - Set database path to: /home/santiago/.stmcufinder/plugins/mcufinder//mcu/cs/
2026-06-04 09:46:48,951 [INFO] ApplicationProperties:184 - Using Application install path: /opt/st/stm32cubeide_1.17.0_2/plugins/com.st.stm32cube.common.mx_6.13.0.202411220809
2026-06-04 09:46:48,954 [INFO] PluginManage:196 - Search for loadable plugins [exclusion list=, ]
2026-06-04 09:46:48,955 [INFO] PluginManage:310 - Check plugin analytics
2026-06-04 09:46:49,298 [INFO] AnalyticsPlugin:253 - Accepted Software Licenses: 
2026-06-04 09:46:49,299 [INFO] AnalyticsPlugin:255 - Accepted CMSIS Pack Licenses: 
2026-06-04 09:46:49,300 [INFO] AnalyticsPlugin:257 - Accepted Firmware Licenses: FW.F4.1.28.0
2026-06-04 09:46:49,305 [INFO] PluginManage:359 - Loaded plugin analytics (category:tool,tabindex:-1)
2026-06-04 09:46:49,305 [INFO] PluginManage:310 - Check plugin cadmodel
2026-06-04 09:46:49,312 [INFO] CADModel:105 - Init CAD model plugin
2026-06-04 09:46:49,313 [INFO] PluginManage:359 - Loaded plugin cadmodel (category:power,tabindex:5)
2026-06-04 09:46:49,314 [INFO] PluginManage:310 - Check plugin clock
2026-06-04 09:46:49,329 [INFO] PluginManage:359 - Loaded plugin clock (category:base,tabindex:2)
2026-06-04 09:46:49,329 [INFO] PluginManage:310 - Check plugin ddr
2026-06-04 09:46:49,334 [INFO] PluginManage:359 - Loaded plugin ddr (category:tool,tabindex:6)
2026-06-04 09:46:49,334 [INFO] PluginManage:310 - Check plugin filemanager
2026-06-04 09:46:49,609 [INFO] PluginManage:359 - Loaded plugin filemanager (category:base,tabindex:10)
2026-06-04 09:46:49,609 [INFO] PluginManage:310 - Check plugin ipmanager
2026-06-04 09:46:49,618 [INFO] PluginManage:359 - Loaded plugin ipmanager (category:base,tabindex:5)
2026-06-04 09:46:49,619 [INFO] PluginManage:310 - Check plugin lpbam
2026-06-04 09:46:49,639 [INFO] PluginManage:359 - Loaded plugin lpbam (category:base,tabindex:0)
2026-06-04 09:46:49,639 [INFO] PluginManage:310 - Check plugin memorymap
2026-06-04 09:46:49,665 [INFO] PluginManage:359 - Loaded plugin memorymap (category:base,tabindex:4)
2026-06-04 09:46:49,666 [INFO] PluginManage:310 - Check plugin pinoutandconfiguration
2026-06-04 09:46:49,686 [INFO] PluginManage:359 - Loaded plugin pinoutandconfiguration (category:base,tabindex:1)
2026-06-04 09:46:49,687 [INFO] PluginManage:310 - Check plugin pinoutconfig
2026-06-04 09:46:49,988 [WARN] SupportedApi:132 - Cannot load RTOS API schema: s4s-elt-must-match.1: The content of 'definitions' must match (annotation?, (simpleType | complexType)?, (unique | key | keyref)*)). A problem was found starting at: attribute.
2026-06-04 09:46:50,260 [INFO] PluginManage:359 - Loaded plugin pinoutconfig (category:base,tabindex:0)
2026-06-04 09:46:50,260 [INFO] PluginManage:310 - Check plugin power
2026-06-04 09:46:50,275 [INFO] PluginManage:359 - Loaded plugin power (category:power,tabindex:4)
2026-06-04 09:46:50,276 [INFO] PluginManage:310 - Check plugin projectmanager
2026-06-04 09:46:50,309 [INFO] PluginManage:359 - Loaded plugin projectmanager (category:projectmanager,tabindex:4)
2026-06-04 09:46:50,310 [INFO] PluginManage:310 - Check plugin rif
2026-06-04 09:46:50,321 [INFO] PluginManage:359 - Loaded plugin rif (category:base,tabindex:3)
2026-06-04 09:46:50,321 [INFO] PluginManage:310 - Check plugin thirdparty
2026-06-04 09:46:50,569 [WARN] IntegrityCheckThread:84 - waiting for thirdparty lock release [integrity check]
2026-06-04 09:46:50,569 [INFO] PluginManage:359 - Loaded plugin thirdparty (category:base,tabindex:-1)
2026-06-04 09:46:50,570 [INFO] IntegrityCheckThread:86 - entering critical section [integrity check]
2026-06-04 09:46:50,570 [INFO] PluginManage:310 - Check plugin tools
2026-06-04 09:46:50,571 [INFO] ThirdPartyUpdaterWithRetryManager:70 - Updater plugin not ready yet. [1/15]
2026-06-04 09:46:50,573 [INFO] PluginManage:359 - Loaded plugin tools (category:base,tabindex:7)
2026-06-04 09:46:50,574 [INFO] PluginManage:310 - Check plugin tutovideos
2026-06-04 09:46:50,887 [INFO] PluginManage:359 - Loaded plugin tutovideos (category:base,tabindex:-1)
2026-06-04 09:46:50,888 [INFO] PluginManage:310 - Check plugin updater
2026-06-04 09:46:50,937 [INFO] PluginManage:359 - Loaded plugin updater (category:base,tabindex:12)
2026-06-04 09:46:50,938 [INFO] PluginManage:310 - Check plugin userauth
2026-06-04 09:46:50,945 [INFO] UserAuth:118 - Init User Auth plugin
2026-06-04 09:46:50,949 [INFO] PluginManage:359 - Loaded plugin userauth (category:base,tabindex:14)
2026-06-04 09:46:50,951 [INFO] PluginManage:283 - PluginManage : Loaded plugins [18]
2026-06-04 09:46:51,376 [INFO] PinOutPanel:1589 - setPackage(No Configuration,No Configuration)
2026-06-04 09:46:51,548 [INFO] CADModel:165 - CPN selected for project level
2026-06-04 09:46:51,548 [INFO] CADModel:114 - Register for checkConnection events
2026-06-04 09:46:51,575 [INFO] IPUIPlugin:80 - create IPUIPlugin
2026-06-04 09:46:51,576 [INFO] PluginManager:220 - loadIPPluginJar : add ipddr
2026-06-04 09:46:51,581 [INFO] IPUIPlugin:80 - create IPUIPlugin
2026-06-04 09:46:51,582 [INFO] PluginManager:220 - loadIPPluginJar : add gtzc
2026-06-04 09:46:51,589 [INFO] IPUIPlugin:80 - create IPUIPlugin
2026-06-04 09:46:51,590 [INFO] PluginManager:220 - loadIPPluginJar : add usbx
2026-06-04 09:46:51,594 [INFO] IPUIPlugin:80 - create IPUIPlugin
2026-06-04 09:46:51,595 [INFO] PluginManager:220 - loadIPPluginJar : add openamp
2026-06-04 09:46:51,601 [INFO] IPUIPlugin:80 - create IPUIPlugin
2026-06-04 09:46:51,602 [INFO] PluginManager:220 - loadIPPluginJar : add can
2026-06-04 09:46:51,617 [INFO] IPUIPlugin:80 - create IPUIPlugin
2026-06-04 09:46:51,617 [INFO] PluginManager:220 - loadIPPluginJar : add linkedlist
2026-06-04 09:46:51,620 [INFO] IPUIPlugin:80 - create IPUIPlugin
2026-06-04 09:46:51,621 [INFO] PluginManager:220 - loadIPPluginJar : add tim
2026-06-04 09:46:51,632 [INFO] IPUIPlugin:80 - create IPUIPlugin
2026-06-04 09:46:51,632 [INFO] PluginManager:220 - loadIPPluginJar : add fmc
2026-06-04 09:46:51,636 [INFO] IPUIPlugin:80 - create IPUIPlugin
2026-06-04 09:46:51,637 [INFO] PluginManager:220 - loadIPPluginJar : add i2s
2026-06-04 09:46:51,641 [INFO] IPUIPlugin:80 - create IPUIPlugin
2026-06-04 09:46:51,641 [INFO] PluginManager:220 - loadIPPluginJar : add cryp
2026-06-04 09:46:51,653 [INFO] IPUIPlugin:80 - create IPUIPlugin
2026-06-04 09:46:51,653 [INFO] PluginManager:220 - loadIPPluginJar : add stm32_wpan
2026-06-04 09:46:51,658 [INFO] IPUIPlugin:80 - create IPUIPlugin
2026-06-04 09:46:51,658 [INFO] PluginManager:220 - loadIPPluginJar : add i3c
2026-06-04 09:46:51,660 [INFO] IPUIPlugin:80 - create IPUIPlugin
2026-06-04 09:46:51,661 [INFO] PluginManager:220 - loadIPPluginJar : add quadspi
2026-06-04 09:46:51,671 [INFO] IPUIPlugin:80 - create IPUIPlugin
2026-06-04 09:46:51,672 [INFO] PluginManager:220 - loadIPPluginJar : add dma
2026-06-04 09:46:51,674 [INFO] IPUIPlugin:80 - create IPUIPlugin
2026-06-04 09:46:51,674 [INFO] PluginManager:220 - loadIPPluginJar : add ltdc
2026-06-04 09:46:51,679 [INFO] IPUIPlugin:80 - create IPUIPlugin
2026-06-04 09:46:51,680 [INFO] PluginManager:220 - loadIPPluginJar : add nvic
2026-06-04 09:46:51,685 [INFO] IPUIPlugin:80 - create IPUIPlugin
2026-06-04 09:46:51,685 [INFO] PluginManager:220 - loadIPPluginJar : add opamp
2026-06-04 09:46:51,693 [INFO] IPUIPlugin:80 - create IPUIPlugin
2026-06-04 09:46:51,694 [INFO] PluginManager:220 - loadIPPluginJar : add freertos
2026-06-04 09:46:51,697 [INFO] IPUIPlugin:80 - create IPUIPlugin
2026-06-04 09:46:51,698 [INFO] PluginManager:220 - loadIPPluginJar : add hash
2026-06-04 09:46:51,703 [INFO] IPUIPlugin:80 - create IPUIPlugin
2026-06-04 09:46:51,703 [INFO] PluginManager:220 - loadIPPluginJar : add touchsensing
2026-06-04 09:46:51,707 [INFO] IPUIPlugin:80 - create IPUIPlugin
2026-06-04 09:46:51,707 [INFO] PluginManager:220 - loadIPPluginJar : add spi
2026-06-04 09:46:51,709 [INFO] IPUIPlugin:80 - create IPUIPlugin
2026-06-04 09:46:51,710 [INFO] PluginManager:220 - loadIPPluginJar : add comp
2026-06-04 09:46:51,712 [INFO] IPUIPlugin:80 - create IPUIPlugin
2026-06-04 09:46:51,713 [INFO] PluginManager:220 - loadIPPluginJar : add ucpd
2026-06-04 09:46:51,716 [INFO] IPUIPlugin:80 - create IPUIPlugin
2026-06-04 09:46:51,717 [INFO] PluginManager:220 - loadIPPluginJar : add ddr_ctrl_phy
2026-06-04 09:46:51,719 [INFO] IPUIPlugin:80 - create IPUIPlugin
2026-06-04 09:46:51,720 [INFO] PluginManager:220 - loadIPPluginJar : add fatfs
2026-06-04 09:46:51,723 [INFO] IPUIPlugin:80 - create IPUIPlugin
2026-06-04 09:46:51,723 [INFO] PluginManager:220 - loadIPPluginJar : add dma3
2026-06-04 09:46:51,728 [INFO] IPUIPlugin:80 - create IPUIPlugin
2026-06-04 09:46:51,728 [INFO] PluginManager:220 - loadIPPluginJar : add sai
2026-06-04 09:46:51,732 [INFO] IPUIPlugin:80 - create IPUIPlugin
2026-06-04 09:46:51,733 [INFO] PluginManager:220 - loadIPPluginJar : add extmemmanager
2026-06-04 09:46:51,737 [INFO] IPUIPlugin:80 - create IPUIPlugin
2026-06-04 09:46:51,737 [INFO] PluginManager:220 - loadIPPluginJar : add i2c
2026-06-04 09:46:51,740 [INFO] IPUIPlugin:80 - create IPUIPlugin
2026-06-04 09:46:51,740 [INFO] PluginManager:220 - loadIPPluginJar : add tracer_emb
2026-06-04 09:46:51,743 [INFO] IPUIPlugin:80 - create IPUIPlugin
2026-06-04 09:46:51,744 [INFO] PluginManager:220 - loadIPPluginJar : add ts
2026-06-04 09:46:51,749 [INFO] IPUIPlugin:80 - create IPUIPlugin
2026-06-04 09:46:51,749 [INFO] PluginManager:220 - loadIPPluginJar : add resmgrutility
2026-06-04 09:46:51,755 [INFO] IPUIPlugin:80 - create IPUIPlugin
2026-06-04 09:46:51,755 [INFO] PluginManager:220 - loadIPPluginJar : add gic
2026-06-04 09:46:51,758 [INFO] IPUIPlugin:80 - create IPUIPlugin
2026-06-04 09:46:51,758 [INFO] PluginManager:220 - loadIPPluginJar : add usart
2026-06-04 09:46:51,760 [INFO] IPUIPlugin:80 - create IPUIPlugin
2026-06-04 09:46:51,760 [INFO] PluginManager:220 - loadIPPluginJar : add tsc
2026-06-04 09:46:51,763 [INFO] IPUIPlugin:80 - create IPUIPlugin
2026-06-04 09:46:51,763 [INFO] PluginManager:220 - loadIPPluginJar : add gfxmmu
2026-06-04 09:46:51,770 [INFO] IPUIPlugin:80 - create IPUIPlugin
2026-06-04 09:46:51,770 [INFO] PluginManager:220 - loadIPPluginJar : add mdma
2026-06-04 09:46:51,773 [INFO] IPUIPlugin:80 - create IPUIPlugin
2026-06-04 09:46:51,774 [INFO] PluginManager:220 - loadIPPluginJar : add lorawan
2026-06-04 09:46:51,780 [INFO] IPUIPlugin:80 - create IPUIPlugin
2026-06-04 09:46:51,781 [INFO] PluginManager:220 - loadIPPluginJar : add adc
2026-06-04 09:46:51,783 [INFO] IPUIPlugin:80 - create IPUIPlugin
2026-06-04 09:46:51,783 [INFO] PluginManager:220 - loadIPPluginJar : add genericplugin
2026-06-04 09:46:51,786 [INFO] IPUIPlugin:80 - create IPUIPlugin
2026-06-04 09:46:51,786 [INFO] PluginManager:220 - loadIPPluginJar : add pdm2pcm
2026-06-04 09:46:51,788 [INFO] IPUIPlugin:80 - create IPUIPlugin
2026-06-04 09:46:51,789 [INFO] PluginManager:220 - loadIPPluginJar : add radio
2026-06-04 09:46:51,792 [INFO] IPUIPlugin:80 - create IPUIPlugin
2026-06-04 09:46:51,792 [INFO] PluginManager:220 - loadIPPluginJar : add aes
2026-06-04 09:46:51,800 [INFO] IPUIPlugin:80 - create IPUIPlugin
2026-06-04 09:46:51,804 [INFO] PluginManager:220 - loadIPPluginJar : add plateformsettings
2026-06-04 09:46:51,809 [INFO] IPUIPlugin:80 - create IPUIPlugin
2026-06-04 09:46:51,809 [INFO] PluginManager:220 - loadIPPluginJar : add gpio
2026-06-04 09:46:51,812 [INFO] IPUIPlugin:80 - create IPUIPlugin
2026-06-04 09:46:51,812 [INFO] PluginManager:220 - loadIPPluginJar : add dfsdm
2026-06-04 09:46:51,935 [FATAL] Updater:351 - Updater called before beeing initialized
2026-06-04 09:46:51,998 [INFO] RulesReader:64 - Compatibility file has been processed (297 Rules)
2026-06-04 09:46:52,036 [INFO] RulesReader:64 - Compatibility file has been processed (297 Rules)
2026-06-04 09:46:52,049 [INFO] CADModel:165 - CPN selected for project level
2026-06-04 09:46:52,049 [INFO] CADModel:114 - Register for checkConnection events
2026-06-04 09:46:52,049 [FATAL] Updater:351 - Updater called before beeing initialized
2026-06-04 09:46:52,049 [ERROR] CADModel:125 - Updater not yet initialized, retry later 
2026-06-04 09:46:52,241 [FATAL] Updater:351 - Updater called before beeing initialized
2026-06-04 09:46:52,243 [INFO] CADModel:165 - CPN selected for project level
2026-06-04 09:46:52,243 [INFO] CADModel:114 - Register for checkConnection events
2026-06-04 09:46:52,244 [FATAL] Updater:351 - Updater called before beeing initialized
2026-06-04 09:46:52,244 [ERROR] CADModel:125 - Updater not yet initialized, retry later 
2026-06-04 09:46:52,248 [FATAL] Updater:351 - Updater called before beeing initialized
2026-06-04 09:46:52,359 [FATAL] Updater:351 - Updater called before beeing initialized
2026-06-04 09:46:52,365 [INFO] DbMcusAds:53 - JSON generation date=Thu May 28 11:08:17 COT 2026 (1779984497073)
2026-06-04 09:46:52,365 [FATAL] Updater:351 - Updater called before beeing initialized
2026-06-04 09:46:52,422 [WARN] DetailPanel:346 - Failed to get advertising image, set to default
2026-06-04 09:46:53,011 [FATAL] Updater:351 - Updater called before beeing initialized
2026-06-04 09:46:53,014 [FATAL] Updater:351 - Updater called before beeing initialized
2026-06-04 09:46:53,015 [FATAL] Updater:351 - Updater called before beeing initialized
2026-06-04 09:46:53,015 [WARN] DetailPanel:346 - Failed to get advertising image, set to default
2026-06-04 09:46:53,018 [FATAL] Updater:351 - Updater called before beeing initialized
2026-06-04 09:46:53,094 [ERROR] Updater:1198 - MainUpdater not yet initialized. External WinMGr cannot be set.
2026-06-04 09:46:53,097 [INFO] Updater:1134 - Updater Version found : 6.13.0
2026-06-04 09:46:53,134 [INFO] ApplicationProperties:184 - Using Application install path: /opt/st/stm32cubeide_1.17.0_2/plugins/com.st.stm32cube.common.mx_6.13.0.202411220809
2026-06-04 09:46:53,339 [ERROR] ExternalUserPreferencesManager:606 - Error while get path from external application: Cannot invoke "com.st.stm32cube.common.mx.MxActivator.getBundle()" because the return value of "com.st.stm32cube.common.mx.MxActivator.getDefault()" is null
2026-06-04 09:46:53,339 [ERROR] ExternalUserPreferencesManager:336 - Error while get preference info from external application: Cannot invoke "com.st.stm32cube.common.mx.MxActivator.getBundle()" because the return value of "com.st.stm32cube.common.mx.MxActivator.getDefault()" is null
2026-06-04 09:46:53,340 [ERROR] ExternalUserPreferencesManager:560 - Error while get preference info from external application: Cannot invoke "com.st.stm32cube.common.mx.MxActivator.getBundle()" because the return value of "com.st.stm32cube.common.mx.MxActivator.getDefault()" is null
2026-06-04 09:46:53,552 [INFO] MainUpdater:2872 - connection check result : 10
2026-06-04 09:46:53,554 [INFO] MainUpdater:289 - Updater Check For Update Now.
2026-06-04 09:46:53,554 [INFO] MicroXplorer:498 - Change Database Version : DB.6.0.130
2026-06-04 09:46:53,571 [WARN] MainUpdater:1193 - Updater busy. Cannot search thirdparties
2026-06-04 09:46:53,572 [INFO] ThirdPartyUpdaterWithRetryManager:96 - Updater plugin is busy. [1/15]
2026-06-04 09:47:18,913 [INFO] Activator:176 - 


2026-06-04 09:47:18,917 [INFO] Activator:177 - !SESSION log4j initialized
2026-06-04 09:47:22,224 [INFO] LogOutputStream:77 - [STDOUT_REDIRECT] 
2026-06-04 09:47:25,979 [INFO] ApplicationProperties:184 - Using Application install path: /opt/st/stm32cubeide_1.17.0_2/plugins/com.st.stm32cube.common.mx_6.13.0.202411220809
2026-06-04 09:47:26,007 [INFO] DbMcusXml:78 - Set database path to: /opt/st/stm32cubeide_1.17.0_2/plugins/com.st.stm32cube.common.mx_6.13.0.202411220809//db//mcu/
2026-06-04 09:47:26,008 [INFO] ApiDb:274 - Set plugin database path to: /opt/st/stm32cubeide_1.17.0_2/plugins/com.st.stm32cube.common.mx_6.13.0.202411220809//db//plugins/boardmanager/
2026-06-04 09:47:26,008 [WARN] ApiDb:259 - Overriding images path with different value:  => /opt/st/stm32cubeide_1.17.0_2/plugins/com.st.stm32cube.common.mx_6.13.0.202411220809//db//plugins/mcufinder/images/
2026-06-04 09:47:26,014 [INFO] ApiDb:250 - Set database path to: /home/santiago/.stmcufinder/plugins/mcufinder//mcu/
2026-06-04 09:47:26,017 [INFO] DbMcusAds:125 - Set database path to: /home/santiago/.stmcufinder/plugins/mcufinder//mcu/
2026-06-04 09:47:26,021 [INFO] CrossReferenceDbSqlite:203 - Set database path to: /home/santiago/.stmcufinder/plugins/mcufinder//mcu/cs/
2026-06-04 09:47:26,260 [INFO] RulesReader:64 - Compatibility file has been processed (297 Rules)
2026-06-04 09:47:26,410 [INFO] DbMcusXml:78 - Set database path to: /opt/st/stm32cubeide_1.17.0_2/plugins/com.st.stm32cube.common.mx_6.13.0.202411220809//db//mcu/
2026-06-04 09:47:26,410 [INFO] ApiDb:274 - Set plugin database path to: /opt/st/stm32cubeide_1.17.0_2/plugins/com.st.stm32cube.common.mx_6.13.0.202411220809//db//plugins/boardmanager/
2026-06-04 09:47:26,410 [INFO] ApiDb:261 - Set plugin images path to: /opt/st/stm32cubeide_1.17.0_2/plugins/com.st.stm32cube.common.mx_6.13.0.202411220809//db//plugins/mcufinder/images/
2026-06-04 09:47:26,411 [WARN] DbFile:41 - Overriding database path with different value: /home/santiago/.stmcufinder/plugins/mcufinder/ => /home/santiago/.stmcufinder/plugins/mcufinder
2026-06-04 09:47:26,412 [INFO] ApiDb:250 - Set database path to: /home/santiago/.stmcufinder/plugins/mcufinder//mcu/
2026-06-04 09:47:26,412 [WARN] DbFile:41 - Overriding database path with different value: /home/santiago/.stmcufinder/plugins/mcufinder/ => /home/santiago/.stmcufinder/plugins/mcufinder
2026-06-04 09:47:26,413 [INFO] DbMcusAds:125 - Set database path to: /home/santiago/.stmcufinder/plugins/mcufinder//mcu/
2026-06-04 09:47:26,413 [WARN] DbFile:41 - Overriding database path with different value: /home/santiago/.stmcufinder/plugins/mcufinder/ => /home/santiago/.stmcufinder/plugins/mcufinder
2026-06-04 09:47:26,414 [WARN] DbFile:41 - Overriding database path with different value: /home/santiago/.stmcufinder/plugins/mcufinder/ => /home/santiago/.stmcufinder/plugins/mcufinder
2026-06-04 09:47:26,414 [INFO] CrossReferenceDbSqlite:203 - Set database path to: /home/santiago/.stmcufinder/plugins/mcufinder//mcu/cs/
2026-06-04 09:47:26,558 [INFO] MainPanel:272 - HeapMemory: 268435456
2026-06-04 09:47:26,775 [INFO] DbMcusXml:78 - Set database path to: /opt/st/stm32cubeide_1.17.0_2/plugins/com.st.stm32cube.common.mx_6.13.0.202411220809//db//mcu/
2026-06-04 09:47:26,776 [INFO] ApiDb:274 - Set plugin database path to: /opt/st/stm32cubeide_1.17.0_2/plugins/com.st.stm32cube.common.mx_6.13.0.202411220809//db//plugins/boardmanager/
2026-06-04 09:47:26,776 [INFO] ApiDb:261 - Set plugin images path to: /opt/st/stm32cubeide_1.17.0_2/plugins/com.st.stm32cube.common.mx_6.13.0.202411220809//db//plugins/mcufinder/images/
2026-06-04 09:47:26,777 [WARN] DbFile:41 - Overriding database path with different value: /home/santiago/.stmcufinder/plugins/mcufinder/ => /home/santiago/.stmcufinder/plugins/mcufinder
2026-06-04 09:47:26,777 [INFO] ApiDb:250 - Set database path to: /home/santiago/.stmcufinder/plugins/mcufinder//mcu/
2026-06-04 09:47:26,778 [WARN] DbFile:41 - Overriding database path with different value: /home/santiago/.stmcufinder/plugins/mcufinder/ => /home/santiago/.stmcufinder/plugins/mcufinder
2026-06-04 09:47:26,778 [INFO] DbMcusAds:125 - Set database path to: /home/santiago/.stmcufinder/plugins/mcufinder//mcu/
2026-06-04 09:47:26,778 [WARN] DbFile:41 - Overriding database path with different value: /home/santiago/.stmcufinder/plugins/mcufinder/ => /home/santiago/.stmcufinder/plugins/mcufinder
2026-06-04 09:47:26,778 [WARN] DbFile:41 - Overriding database path with different value: /home/santiago/.stmcufinder/plugins/mcufinder/ => /home/santiago/.stmcufinder/plugins/mcufinder
2026-06-04 09:47:26,779 [INFO] CrossReferenceDbSqlite:203 - Set database path to: /home/santiago/.stmcufinder/plugins/mcufinder//mcu/cs/
2026-06-04 09:47:26,808 [INFO] ApplicationProperties:184 - Using Application install path: /opt/st/stm32cubeide_1.17.0_2/plugins/com.st.stm32cube.common.mx_6.13.0.202411220809
2026-06-04 09:47:26,811 [INFO] PluginManage:196 - Search for loadable plugins [exclusion list=, ]
2026-06-04 09:47:26,813 [INFO] PluginManage:310 - Check plugin analytics
2026-06-04 09:47:27,167 [INFO] AnalyticsPlugin:253 - Accepted Software Licenses: 
2026-06-04 09:47:27,168 [INFO] AnalyticsPlugin:255 - Accepted CMSIS Pack Licenses: 
2026-06-04 09:47:27,169 [INFO] AnalyticsPlugin:257 - Accepted Firmware Licenses: FW.F4.1.28.0
2026-06-04 09:47:27,175 [INFO] PluginManage:359 - Loaded plugin analytics (category:tool,tabindex:-1)
2026-06-04 09:47:27,175 [INFO] PluginManage:310 - Check plugin cadmodel
2026-06-04 09:47:27,181 [INFO] CADModel:105 - Init CAD model plugin
2026-06-04 09:47:27,181 [INFO] PluginManage:359 - Loaded plugin cadmodel (category:power,tabindex:5)
2026-06-04 09:47:27,182 [INFO] PluginManage:310 - Check plugin clock
2026-06-04 09:47:27,198 [INFO] PluginManage:359 - Loaded plugin clock (category:base,tabindex:2)
2026-06-04 09:47:27,198 [INFO] PluginManage:310 - Check plugin ddr
2026-06-04 09:47:27,203 [INFO] PluginManage:359 - Loaded plugin ddr (category:tool,tabindex:6)
2026-06-04 09:47:27,204 [INFO] PluginManage:310 - Check plugin filemanager
2026-06-04 09:47:27,529 [INFO] PluginManage:359 - Loaded plugin filemanager (category:base,tabindex:10)
2026-06-04 09:47:27,529 [INFO] PluginManage:310 - Check plugin ipmanager
2026-06-04 09:47:27,541 [INFO] PluginManage:359 - Loaded plugin ipmanager (category:base,tabindex:5)
2026-06-04 09:47:27,541 [INFO] PluginManage:310 - Check plugin lpbam
2026-06-04 09:47:27,575 [INFO] PluginManage:359 - Loaded plugin lpbam (category:base,tabindex:0)
2026-06-04 09:47:27,576 [INFO] PluginManage:310 - Check plugin memorymap
2026-06-04 09:47:27,610 [INFO] PluginManage:359 - Loaded plugin memorymap (category:base,tabindex:4)
2026-06-04 09:47:27,610 [INFO] PluginManage:310 - Check plugin pinoutandconfiguration
2026-06-04 09:47:27,629 [INFO] PluginManage:359 - Loaded plugin pinoutandconfiguration (category:base,tabindex:1)
2026-06-04 09:47:27,629 [INFO] PluginManage:310 - Check plugin pinoutconfig
2026-06-04 09:47:27,878 [WARN] SupportedApi:132 - Cannot load RTOS API schema: s4s-elt-must-match.1: The content of 'definitions' must match (annotation?, (simpleType | complexType)?, (unique | key | keyref)*)). A problem was found starting at: attribute.
2026-06-04 09:47:28,187 [INFO] PluginManage:359 - Loaded plugin pinoutconfig (category:base,tabindex:0)
2026-06-04 09:47:28,188 [INFO] PluginManage:310 - Check plugin power
2026-06-04 09:47:28,210 [INFO] PluginManage:359 - Loaded plugin power (category:power,tabindex:4)
2026-06-04 09:47:28,210 [INFO] PluginManage:310 - Check plugin projectmanager
2026-06-04 09:47:28,258 [INFO] PluginManage:359 - Loaded plugin projectmanager (category:projectmanager,tabindex:4)
2026-06-04 09:47:28,258 [INFO] PluginManage:310 - Check plugin rif
2026-06-04 09:47:28,271 [INFO] PluginManage:359 - Loaded plugin rif (category:base,tabindex:3)
2026-06-04 09:47:28,272 [INFO] PluginManage:310 - Check plugin thirdparty
2026-06-04 09:47:28,558 [INFO] PluginManage:359 - Loaded plugin thirdparty (category:base,tabindex:-1)
2026-06-04 09:47:28,558 [WARN] IntegrityCheckThread:84 - waiting for thirdparty lock release [integrity check]
2026-06-04 09:47:28,558 [INFO] IntegrityCheckThread:86 - entering critical section [integrity check]
2026-06-04 09:47:28,558 [INFO] PluginManage:310 - Check plugin tools
2026-06-04 09:47:28,559 [INFO] ThirdPartyUpdaterWithRetryManager:70 - Updater plugin not ready yet. [1/15]
2026-06-04 09:47:28,562 [INFO] PluginManage:359 - Loaded plugin tools (category:base,tabindex:7)
2026-06-04 09:47:28,562 [INFO] PluginManage:310 - Check plugin tutovideos
2026-06-04 09:47:28,827 [INFO] PluginManage:359 - Loaded plugin tutovideos (category:base,tabindex:-1)
2026-06-04 09:47:28,827 [INFO] PluginManage:310 - Check plugin updater
2026-06-04 09:47:28,867 [INFO] PluginManage:359 - Loaded plugin updater (category:base,tabindex:12)
2026-06-04 09:47:28,867 [INFO] PluginManage:310 - Check plugin userauth
2026-06-04 09:47:28,872 [INFO] UserAuth:118 - Init User Auth plugin
2026-06-04 09:47:28,874 [INFO] PluginManage:359 - Loaded plugin userauth (category:base,tabindex:14)
2026-06-04 09:47:28,874 [INFO] PluginManage:283 - PluginManage : Loaded plugins [18]
2026-06-04 09:47:29,139 [INFO] PinOutPanel:1589 - setPackage(No Configuration,No Configuration)
2026-06-04 09:47:29,229 [INFO] CADModel:165 - CPN selected for project level
2026-06-04 09:47:29,229 [INFO] CADModel:114 - Register for checkConnection events
2026-06-04 09:47:29,245 [INFO] IPUIPlugin:80 - create IPUIPlugin
2026-06-04 09:47:29,245 [INFO] PluginManager:220 - loadIPPluginJar : add ipddr
2026-06-04 09:47:29,248 [INFO] IPUIPlugin:80 - create IPUIPlugin
2026-06-04 09:47:29,248 [INFO] PluginManager:220 - loadIPPluginJar : add gtzc
2026-06-04 09:47:29,251 [INFO] IPUIPlugin:80 - create IPUIPlugin
2026-06-04 09:47:29,252 [INFO] PluginManager:220 - loadIPPluginJar : add usbx
2026-06-04 09:47:29,255 [INFO] IPUIPlugin:80 - create IPUIPlugin
2026-06-04 09:47:29,255 [INFO] PluginManager:220 - loadIPPluginJar : add openamp
2026-06-04 09:47:29,258 [INFO] IPUIPlugin:80 - create IPUIPlugin
2026-06-04 09:47:29,258 [INFO] PluginManager:220 - loadIPPluginJar : add can
2026-06-04 09:47:29,267 [INFO] IPUIPlugin:80 - create IPUIPlugin
2026-06-04 09:47:29,267 [INFO] PluginManager:220 - loadIPPluginJar : add linkedlist
2026-06-04 09:47:29,269 [INFO] IPUIPlugin:80 - create IPUIPlugin
2026-06-04 09:47:29,269 [INFO] PluginManager:220 - loadIPPluginJar : add tim
2026-06-04 09:47:29,276 [INFO] IPUIPlugin:80 - create IPUIPlugin
2026-06-04 09:47:29,276 [INFO] PluginManager:220 - loadIPPluginJar : add fmc
2026-06-04 09:47:29,279 [INFO] IPUIPlugin:80 - create IPUIPlugin
2026-06-04 09:47:29,279 [INFO] PluginManager:220 - loadIPPluginJar : add i2s
2026-06-04 09:47:29,281 [INFO] IPUIPlugin:80 - create IPUIPlugin
2026-06-04 09:47:29,282 [INFO] PluginManager:220 - loadIPPluginJar : add cryp
2026-06-04 09:47:29,288 [INFO] IPUIPlugin:80 - create IPUIPlugin
2026-06-04 09:47:29,288 [INFO] PluginManager:220 - loadIPPluginJar : add stm32_wpan
2026-06-04 09:47:29,291 [INFO] IPUIPlugin:80 - create IPUIPlugin
2026-06-04 09:47:29,291 [INFO] PluginManager:220 - loadIPPluginJar : add i3c
2026-06-04 09:47:29,293 [INFO] IPUIPlugin:80 - create IPUIPlugin
2026-06-04 09:47:29,293 [INFO] PluginManager:220 - loadIPPluginJar : add quadspi
2026-06-04 09:47:29,300 [INFO] IPUIPlugin:80 - create IPUIPlugin
2026-06-04 09:47:29,300 [INFO] PluginManager:220 - loadIPPluginJar : add dma
2026-06-04 09:47:29,301 [INFO] IPUIPlugin:80 - create IPUIPlugin
2026-06-04 09:47:29,302 [INFO] PluginManager:220 - loadIPPluginJar : add ltdc
2026-06-04 09:47:29,305 [INFO] IPUIPlugin:80 - create IPUIPlugin
2026-06-04 09:47:29,305 [INFO] PluginManager:220 - loadIPPluginJar : add nvic
2026-06-04 09:47:29,308 [INFO] IPUIPlugin:80 - create IPUIPlugin
2026-06-04 09:47:29,308 [INFO] PluginManager:220 - loadIPPluginJar : add opamp
2026-06-04 09:47:29,314 [INFO] IPUIPlugin:80 - create IPUIPlugin
2026-06-04 09:47:29,314 [INFO] PluginManager:220 - loadIPPluginJar : add freertos
2026-06-04 09:47:29,316 [INFO] IPUIPlugin:80 - create IPUIPlugin
2026-06-04 09:47:29,316 [INFO] PluginManager:220 - loadIPPluginJar : add hash
2026-06-04 09:47:29,320 [INFO] IPUIPlugin:80 - create IPUIPlugin
2026-06-04 09:47:29,321 [INFO] PluginManager:220 - loadIPPluginJar : add touchsensing
2026-06-04 09:47:29,323 [INFO] IPUIPlugin:80 - create IPUIPlugin
2026-06-04 09:47:29,324 [INFO] PluginManager:220 - loadIPPluginJar : add spi
2026-06-04 09:47:29,325 [INFO] IPUIPlugin:80 - create IPUIPlugin
2026-06-04 09:47:29,326 [INFO] PluginManager:220 - loadIPPluginJar : add comp
2026-06-04 09:47:29,328 [INFO] IPUIPlugin:80 - create IPUIPlugin
2026-06-04 09:47:29,329 [INFO] PluginManager:220 - loadIPPluginJar : add ucpd
2026-06-04 09:47:29,331 [INFO] IPUIPlugin:80 - create IPUIPlugin
2026-06-04 09:47:29,332 [INFO] PluginManager:220 - loadIPPluginJar : add ddr_ctrl_phy
2026-06-04 09:47:29,334 [INFO] IPUIPlugin:80 - create IPUIPlugin
2026-06-04 09:47:29,334 [INFO] PluginManager:220 - loadIPPluginJar : add fatfs
2026-06-04 09:47:29,337 [INFO] IPUIPlugin:80 - create IPUIPlugin
2026-06-04 09:47:29,337 [INFO] PluginManager:220 - loadIPPluginJar : add dma3
2026-06-04 09:47:29,340 [INFO] IPUIPlugin:80 - create IPUIPlugin
2026-06-04 09:47:29,340 [INFO] PluginManager:220 - loadIPPluginJar : add sai
2026-06-04 09:47:29,344 [INFO] IPUIPlugin:80 - create IPUIPlugin
2026-06-04 09:47:29,344 [INFO] PluginManager:220 - loadIPPluginJar : add extmemmanager
2026-06-04 09:47:29,347 [INFO] IPUIPlugin:80 - create IPUIPlugin
2026-06-04 09:47:29,347 [INFO] PluginManager:220 - loadIPPluginJar : add i2c
2026-06-04 09:47:29,350 [INFO] IPUIPlugin:80 - create IPUIPlugin
2026-06-04 09:47:29,350 [INFO] PluginManager:220 - loadIPPluginJar : add tracer_emb
2026-06-04 09:47:29,352 [INFO] IPUIPlugin:80 - create IPUIPlugin
2026-06-04 09:47:29,352 [INFO] PluginManager:220 - loadIPPluginJar : add ts
2026-06-04 09:47:29,356 [INFO] IPUIPlugin:80 - create IPUIPlugin
2026-06-04 09:47:29,356 [INFO] PluginManager:220 - loadIPPluginJar : add resmgrutility
2026-06-04 09:47:29,362 [INFO] IPUIPlugin:80 - create IPUIPlugin
2026-06-04 09:47:29,363 [INFO] PluginManager:220 - loadIPPluginJar : add gic
2026-06-04 09:47:29,367 [INFO] IPUIPlugin:80 - create IPUIPlugin
2026-06-04 09:47:29,367 [INFO] PluginManager:220 - loadIPPluginJar : add usart
2026-06-04 09:47:29,368 [INFO] IPUIPlugin:80 - create IPUIPlugin
2026-06-04 09:47:29,369 [INFO] PluginManager:220 - loadIPPluginJar : add tsc
2026-06-04 09:47:29,371 [INFO] IPUIPlugin:80 - create IPUIPlugin
2026-06-04 09:47:29,371 [INFO] PluginManager:220 - loadIPPluginJar : add gfxmmu
2026-06-04 09:47:29,378 [INFO] IPUIPlugin:80 - create IPUIPlugin
2026-06-04 09:47:29,379 [INFO] PluginManager:220 - loadIPPluginJar : add mdma
2026-06-04 09:47:29,382 [INFO] IPUIPlugin:80 - create IPUIPlugin
2026-06-04 09:47:29,383 [INFO] PluginManager:220 - loadIPPluginJar : add lorawan
2026-06-04 09:47:29,390 [INFO] IPUIPlugin:80 - create IPUIPlugin
2026-06-04 09:47:29,390 [INFO] PluginManager:220 - loadIPPluginJar : add adc
2026-06-04 09:47:29,392 [INFO] IPUIPlugin:80 - create IPUIPlugin
2026-06-04 09:47:29,392 [INFO] PluginManager:220 - loadIPPluginJar : add genericplugin
2026-06-04 09:47:29,395 [INFO] IPUIPlugin:80 - create IPUIPlugin
2026-06-04 09:47:29,395 [INFO] PluginManager:220 - loadIPPluginJar : add pdm2pcm
2026-06-04 09:47:29,398 [INFO] IPUIPlugin:80 - create IPUIPlugin
2026-06-04 09:47:29,399 [INFO] PluginManager:220 - loadIPPluginJar : add radio
2026-06-04 09:47:29,401 [INFO] IPUIPlugin:80 - create IPUIPlugin
2026-06-04 09:47:29,401 [INFO] PluginManager:220 - loadIPPluginJar : add aes
2026-06-04 09:47:29,409 [INFO] IPUIPlugin:80 - create IPUIPlugin
2026-06-04 09:47:29,413 [INFO] PluginManager:220 - loadIPPluginJar : add plateformsettings
2026-06-04 09:47:29,418 [INFO] IPUIPlugin:80 - create IPUIPlugin
2026-06-04 09:47:29,418 [INFO] PluginManager:220 - loadIPPluginJar : add gpio
2026-06-04 09:47:29,422 [INFO] IPUIPlugin:80 - create IPUIPlugin
2026-06-04 09:47:29,422 [INFO] PluginManager:220 - loadIPPluginJar : add dfsdm
2026-06-04 09:47:29,545 [FATAL] Updater:351 - Updater called before beeing initialized
2026-06-04 09:47:29,589 [INFO] RulesReader:64 - Compatibility file has been processed (297 Rules)
2026-06-04 09:47:29,609 [INFO] RulesReader:64 - Compatibility file has been processed (297 Rules)
2026-06-04 09:47:29,618 [INFO] CADModel:165 - CPN selected for project level
2026-06-04 09:47:29,618 [INFO] CADModel:114 - Register for checkConnection events
2026-06-04 09:47:29,618 [FATAL] Updater:351 - Updater called before beeing initialized
2026-06-04 09:47:29,619 [ERROR] CADModel:125 - Updater not yet initialized, retry later 
2026-06-04 09:47:29,801 [FATAL] Updater:351 - Updater called before beeing initialized
2026-06-04 09:47:29,803 [INFO] CADModel:165 - CPN selected for project level
2026-06-04 09:47:29,804 [INFO] CADModel:114 - Register for checkConnection events
2026-06-04 09:47:29,804 [FATAL] Updater:351 - Updater called before beeing initialized
2026-06-04 09:47:29,804 [ERROR] CADModel:125 - Updater not yet initialized, retry later 
2026-06-04 09:47:29,811 [FATAL] Updater:351 - Updater called before beeing initialized
2026-06-04 09:47:29,945 [FATAL] Updater:351 - Updater called before beeing initialized
2026-06-04 09:47:29,951 [INFO] DbMcusAds:53 - JSON generation date=Thu May 28 11:08:17 COT 2026 (1779984497073)
2026-06-04 09:47:29,952 [FATAL] Updater:351 - Updater called before beeing initialized
2026-06-04 09:47:30,010 [WARN] DetailPanel:346 - Failed to get advertising image, set to default
2026-06-04 09:47:30,527 [FATAL] Updater:351 - Updater called before beeing initialized
2026-06-04 09:47:30,529 [FATAL] Updater:351 - Updater called before beeing initialized
2026-06-04 09:47:30,529 [FATAL] Updater:351 - Updater called before beeing initialized
2026-06-04 09:47:30,529 [WARN] DetailPanel:346 - Failed to get advertising image, set to default
2026-06-04 09:47:30,531 [FATAL] Updater:351 - Updater called before beeing initialized
2026-06-04 09:47:30,584 [ERROR] Updater:1198 - MainUpdater not yet initialized. External WinMGr cannot be set.
2026-06-04 09:47:30,586 [INFO] Updater:1134 - Updater Version found : 6.13.0
2026-06-04 09:47:30,616 [INFO] ApplicationProperties:184 - Using Application install path: /opt/st/stm32cubeide_1.17.0_2/plugins/com.st.stm32cube.common.mx_6.13.0.202411220809
2026-06-04 09:47:31,056 [INFO] MainUpdater:2872 - connection check result : 10
2026-06-04 09:47:31,058 [INFO] MainUpdater:289 - Updater Check For Update Now.
2026-06-04 09:47:31,058 [INFO] MicroXplorer:498 - Change Database Version : DB.6.0.130
2026-06-04 09:47:31,069 [INFO] McuFinderGlobals:63 - Set McuFinder mode to 2 (CubeIDE integrated)
2026-06-04 09:47:31,070 [INFO] UserAuth:486 - Internet connection configuration mode: 1
2026-06-04 09:47:31,097 [INFO] JxBrowserEngine:152 - Initiate JxBrowser Engine with user profile folder
2026-06-04 09:47:31,389 [INFO] CheckServerUpdateThread:120 - End of CheckServer Thread
2026-06-04 09:47:31,977 [WARN] PackLoader:240 - Cannot read IP mode file for STMicroelectronics.X-CUBE-AZRTOS-H7.3.5.0
2026-06-04 09:47:32,024 [WARN] PackLoader:240 - Cannot read IP mode file for STMicroelectronics.FP-SNS-MOTENVWB1.1.4.0
2026-06-04 09:47:32,043 [ERROR] Engine:466 - /home/santiago/.stm32cubemx/thirdparties/pdsc/STMicroelectronics.X-CUBE-SMBUS.2.1.1.pdsc: PDSC version is not supported
2026-06-04 09:47:32,049 [WARN] PackLoader:240 - Cannot read IP mode file for STMicroelectronics.X-CUBE-SMBUS.2.1.0
2026-06-04 09:47:32,128 [WARN] PackLoader:240 - Cannot read IP mode file for STMicroelectronics.X-CUBE-AZRTOS-F7.1.1.0
2026-06-04 09:47:32,163 [ERROR] Engine:466 - /home/santiago/.stm32cubemx/thirdparties/pdsc/WES.I-CUBE-Cesium.1.4.0.pdsc: PDSC version is not supported
2026-06-04 09:47:32,186 [WARN] PackLoader:240 - Cannot read IP mode file for STMicroelectronics.X-CUBE-DISPLAY.3.0.0
2026-06-04 09:47:32,214 [WARN] PackLoader:240 - Cannot read IP mode file for STMicroelectronics.X-CUBE-GNSS1.7.1.1
2026-06-04 09:47:32,223 [ERROR] Engine:466 - /home/santiago/.stm32cubemx/thirdparties/pdsc/STMicroelectronics.FP-SNS-MOTENVWB1.1.5.0.pdsc: PDSC version is not supported
2026-06-04 09:47:32,230 [WARN] PackLoader:240 - Cannot read IP mode file for wolfSSL.I-CUBE-wolfSSL.5.9.1
2026-06-04 09:47:32,249 [WARN] PackLoader:240 - Cannot read IP mode file for STMicroelectronics.X-CUBE-NFC10.1.0.0
2026-06-04 09:47:32,267 [WARN] PackLoader:240 - Cannot read IP mode file for STMicroelectronics.X-CUBE-ST60.1.1.0
2026-06-04 09:47:32,284 [WARN] PackLoader:240 - Cannot read IP mode file for emotas.I-CUBE-CANOPEN.1.3.0
2026-06-04 09:47:32,295 [WARN] PackLoader:240 - Cannot read IP mode file for STMicroelectronics.FP-SNS-SMARTAG2.1.2.0
2026-06-04 09:47:32,316 [INFO] LogOutputStream:77 - [STDOUT_REDIRECT] 1 : Invalid condition id : UX_CORESTACK_Condition cause : null
2026-06-04 09:47:32,318 [INFO] LogOutputStream:77 - [STDOUT_REDIRECT] 1 : Invalid condition id : UX_CORESTACK_Condition cause : null
2026-06-04 09:47:32,319 [INFO] LogOutputStream:77 - [STDOUT_REDIRECT] 1 : Invalid condition id : UX_CORESTACK_Condition cause : null
2026-06-04 09:47:32,323 [INFO] LogOutputStream:77 - [STDOUT_REDIRECT] 1 : Invalid condition id : UX_CORESTACK_Condition cause : null
2026-06-04 09:47:32,324 [INFO] LogOutputStream:77 - [STDOUT_REDIRECT] 1 : Invalid condition id : UX_CORESTACK_Condition cause : null
2026-06-04 09:47:32,339 [WARN] PackLoader:240 - Cannot read IP mode file for STMicroelectronics.X-CUBE-AZRTOS-WL.2.0.0
2026-06-04 09:47:32,405 [WARN] PackLoader:240 - Cannot read IP mode file for STMicroelectronics.X-CUBE-AZRTOS-H7RS.1.2.0
2026-06-04 09:47:32,425 [WARN] PackLoader:240 - Cannot read IP mode file for STMicroelectronics.X-CUBE-BLE2.3.3.0
2026-06-04 09:47:32,517 [WARN] PackLoader:240 - Cannot read IP mode file for Infineon.AIROC-Wi-Fi-Bluetooth-STM32.1.8.0
2026-06-04 09:47:32,547 [WARN] PackLoader:240 - Cannot read IP mode file for STMicroelectronics.X-CUBE-NFC9.1.0.0
2026-06-04 09:47:32,559 [WARN] PackLoader:240 - Cannot read IP mode file for wolfSSL.I-CUBE-wolfMQTT.1.19.2
2026-06-04 09:47:32,565 [ERROR] Engine:466 - /home/santiago/.stm32cubemx/thirdparties/pdsc/STMicroelectronics.FP-SNS-STAIOTCFT.1.1.0.pdsc: PDSC version is not supported
2026-06-04 09:47:32,621 [WARN] PackLoader:240 - Cannot read IP mode file for STMicroelectronics.X-CUBE-AZRTOS-G0.1.1.0
2026-06-04 09:47:32,637 [WARN] PackLoader:240 - Cannot read IP mode file for STMicroelectronics.X-CUBE-NFC4.3.0.0
2026-06-04 09:47:32,638 [INFO] WebApp:168 - Instantiating new browser for Auth
2026-06-04 09:47:32,655 [WARN] PackLoader:240 - Cannot read IP mode file for EmbeddedOffice.I-CUBE-FS-RTOS.1.0.1
2026-06-04 09:47:32,662 [WARN] PackLoader:240 - Cannot read IP mode file for wolfSSL.I-CUBE-wolfTPM.3.8.0
2026-06-04 09:47:32,672 [WARN] PackLoader:240 - Cannot read IP mode file for STMicroelectronics.X-CUBE-TCPP.4.2.0
2026-06-04 09:47:32,685 [WARN] PackLoader:240 - Cannot read IP mode file for RealThread.X-CUBE-RT-Thread_Nano.4.1.1
2026-06-04 09:47:32,691 [WARN] PackLoader:240 - Cannot read IP mode file for STMicroelectronics.FP-ATR-SIGFOX1.3.2.0
2026-06-04 09:47:32,696 [ERROR] Engine:466 - /home/santiago/.stm32cubemx/thirdparties/pdsc/STMicroelectronics.X-CUBE-FREERTOS.1.5.0.pdsc: PDSC version is not supported
2026-06-04 09:47:32,706 [WARN] PackLoader:240 - Cannot read IP mode file for ITTIA_DB.I-CUBE-ITTIADB.8.9.0
2026-06-04 09:47:32,710 [WARN] PackLoader:240 - Cannot read IP mode file for Cesanta.I-CUBE-Mongoose.7.21.7
2026-06-04 09:47:32,723 [WARN] PackLoader:240 - Cannot read IP mode file for STMicroelectronics.X-CUBE-NFC6.3.2.0
2026-06-04 09:47:32,847 [WARN] PackLoader:240 - Cannot read IP mode file for STMicroelectronics.X-CUBE-MEMS1.12.1.0
2026-06-04 09:47:33,030 [WARN] PackLoader:240 - Cannot read IP mode file for SEGGER.I-CUBE-embOS.1.3.1
2026-06-04 09:47:33,144 [WARN] PackLoader:240 - Cannot read IP mode file for STMicroelectronics.X-CUBE-ALGOBUILD.1.4.0
2026-06-04 09:47:33,154 [WARN] PackLoader:240 - Cannot read IP mode file for STMicroelectronics.X-CUBE-PM33A1.1.0.0
2026-06-04 09:47:33,220 [WARN] PackLoader:240 - Cannot read IP mode file for STMicroelectronics.X-CUBE-AZRTOS-F4.1.1.0
2026-06-04 09:47:33,234 [WARN] PackLoader:240 - Cannot read IP mode file for STMicroelectronics.X-CUBE-ISPU.2.1.0
2026-06-04 09:47:33,249 [ERROR] Engine:466 - /home/santiago/.stm32cubemx/thirdparties/pdsc/STMicroelectronics.X-CUBE-IPS.3.2.0.pdsc: PDSC version is not supported
2026-06-04 09:47:33,253 [WARN] PackLoader:240 - Cannot read IP mode file for STMicroelectronics.eDS-WB_DPC_TT-BIDIR.2.1.1
2026-06-04 09:47:33,265 [WARN] PackLoader:240 - Cannot read IP mode file for STMicroelectronics.X-CUBE-NFC12.1.0.0
2026-06-04 09:47:33,315 [WARN] PackLoader:240 - Cannot read IP mode file for STMicroelectronics.X-CUBE-AZRTOS-L5.2.0.0
2026-06-04 09:47:33,334 [WARN] PackLoader:240 - Cannot read IP mode file for STMicroelectronics.X-CUBE-ALGOBUILD.1.5.0
2026-06-04 09:47:33,341 [WARN] PackLoader:240 - Cannot read IP mode file for STMicroelectronics.eDS-WB_DPC_VIENNA.1.2.0
2026-06-04 09:47:33,348 [WARN] PackLoader:240 - Cannot read IP mode file for STMicroelectronics.eDS-WB_DPC_3PH2L-BIDIR.1.1.1
2026-06-04 09:47:33,358 [ERROR] Engine:466 - /home/santiago/.stm32cubemx/thirdparties/pdsc/STMicroelectronics.X-CUBE-ST67W61.1.3.0.pdsc: PDSC version is not supported
2026-06-04 09:47:33,365 [WARN] PackLoader:240 - Cannot read IP mode file for STMicroelectronics.X-CUBE-TOUCHGFX.4.26.1
2026-06-04 09:47:33,407 [WARN] PackLoader:240 - Cannot read IP mode file for STMicroelectronics.FP-SNS-STAIOTCFT.1.0.0
2026-06-04 09:47:33,481 [WARN] ConditionMgr:438 - getConditionDescription Invalid condition id : LAN8742 Phy interface Condition cause : null
2026-06-04 09:47:33,483 [WARN] PackLoader:240 - Cannot read IP mode file for STMicroelectronics.X-CUBE-AZRTOS-L4.2.0.0
2026-06-04 09:47:33,488 [WARN] ConditionMgr:1044 - genDependencies : Invalid condition id : LAN8742 Phy interface Condition cause : null
2026-06-04 09:47:33,504 [WARN] ConditionMgr:1044 - genDependencies : Invalid condition id : LAN8742 Phy interface Condition cause : null
2026-06-04 09:47:33,506 [WARN] ConditionMgr:1044 - genDependencies : Invalid condition id : LAN8742 Phy interface Condition cause : null
2026-06-04 09:47:33,534 [WARN] PackLoader:240 - Cannot read IP mode file for STMicroelectronics.X-CUBE-SFXS2LP1.4.0.0
2026-06-04 09:47:33,546 [WARN] PackLoader:240 - Cannot read IP mode file for STMicroelectronics.X-CUBE-WB05N.2.1.0
2026-06-04 09:47:33,575 [WARN] ConditionMgr:438 - getConditionDescription Invalid condition id : UX DEVICE CLASS RTOS Condition cause : null
2026-06-04 09:47:33,575 [WARN] ConditionMgr:438 - getConditionDescription Invalid condition id : UX DEVICE CLASS RTOS Condition cause : null
2026-06-04 09:47:33,581 [WARN] PackLoader:240 - Cannot read IP mode file for STMicroelectronics.X-CUBE-AZRTOS-WB.2.0.0
2026-06-04 09:47:33,583 [WARN] ConditionMgr:1044 - genDependencies : Invalid condition id : UX DEVICE CLASS RTOS Condition cause : null
2026-06-04 09:47:33,583 [WARN] ConditionMgr:1044 - genDependencies : Invalid condition id : UX DEVICE CLASS RTOS Condition cause : null
2026-06-04 09:47:33,584 [WARN] ConditionMgr:1044 - genDependencies : Invalid condition id : UX DEVICE CLASS RTOS Condition cause : null
2026-06-04 09:47:33,585 [WARN] ConditionMgr:1044 - genDependencies : Invalid condition id : UX DEVICE CLASS RTOS Condition cause : null
2026-06-04 09:47:33,585 [WARN] ConditionMgr:1044 - genDependencies : Invalid condition id : UX DEVICE CLASS RTOS Condition cause : null
2026-06-04 09:47:33,592 [WARN] ConditionMgr:438 - getConditionDescription Invalid condition id : Cortex-A Device cause : null
2026-06-04 09:47:33,606 [WARN] ConditionMgr:1044 - genDependencies : Invalid condition id : Cortex-A Device cause : null
2026-06-04 09:47:33,607 [WARN] ConditionMgr:1044 - genDependencies : Invalid condition id : Cortex-A Device cause : null
2026-06-04 09:47:33,607 [WARN] ConditionMgr:1044 - genDependencies : Invalid condition id : Cortex-A Device cause : null
2026-06-04 09:47:33,619 [WARN] PackLoader:240 - Cannot read IP mode file for STMicroelectronics.X-CUBE-STSE01.2.0.0
2026-06-04 09:47:33,643 [WARN] PackLoader:240 - Cannot read IP mode file for STMicroelectronics.X-CUBE-SUBG2.5.0.0
2026-06-04 09:47:33,685 [WARN] PackLoader:240 - Cannot read IP mode file for STMicroelectronics.X-CUBE-AZRTOS-G4.2.0.0
2026-06-04 09:47:33,693 [WARN] PackLoader:240 - Cannot read IP mode file for wolfSSL.I-CUBE-wolfSSH.1.4.20
2026-06-04 09:47:33,700 [WARN] PackLoader:240 - Cannot read IP mode file for STMicroelectronics.X-CUBE-NFC7.2.0.0
2026-06-04 09:47:33,707 [WARN] PackLoader:240 - Cannot read IP mode file for STMicroelectronics.X-CUBE-ALS.1.0.2
2026-06-04 09:47:33,731 [WARN] PackLoader:240 - Cannot read IP mode file for STMicroelectronics.X-CUBE-TOF1.3.4.3
2026-06-04 09:47:33,790 [INFO] ThirdParty:978 - Integrity check success = true
2026-06-04 09:47:33,790 [INFO] IntegrityCheckThread:100 - exiting critical section [integrity check]
2026-06-04 09:47:33,790 [INFO] IntegrityCheckThread:103 - End integrity checks thread
2026-06-04 09:47:34,164 [ERROR] LogOutputStream:75 - [STDERR_REDIRECT] SWT SessionManagerDBus: Failed to UnregisterClient: GDBus.Error:org.xfce.SessionManager.Error.General: Client with id of '/org/xfce/SessionClients/org_eclipse_swt_Application' was not found
2026-06-04 09:47:34,549 [INFO] WebApp:449 - Apply proxy settings
2026-06-04 09:47:34,550 [INFO] WebApp:534 - Chromium requires no authentication
2026-06-04 09:47:34,561 [INFO] WebApp:477 - Direct internet connection detected
2026-06-04 09:47:34,596 [INFO] WebApp:880 - Register for checkConnection events
2026-06-04 09:47:34,597 [INFO] WebApp:449 - Apply proxy settings
2026-06-04 09:47:34,597 [INFO] WebApp:534 - Chromium requires no authentication
2026-06-04 09:47:34,598 [INFO] WebApp:477 - Direct internet connection detected
2026-06-04 09:48:13,011 [INFO] Activator:176 - 


2026-06-04 09:48:13,015 [INFO] Activator:177 - !SESSION log4j initialized
2026-06-04 09:48:16,327 [INFO] LogOutputStream:77 - [STDOUT_REDIRECT] 
2026-06-04 09:48:20,313 [INFO] ApplicationProperties:184 - Using Application install path: /opt/st/stm32cubeide_1.17.0_2/plugins/com.st.stm32cube.common.mx_6.13.0.202411220809
2026-06-04 09:48:20,336 [INFO] DbMcusXml:78 - Set database path to: /opt/st/stm32cubeide_1.17.0_2/plugins/com.st.stm32cube.common.mx_6.13.0.202411220809//db//mcu/
2026-06-04 09:48:20,337 [INFO] ApiDb:274 - Set plugin database path to: /opt/st/stm32cubeide_1.17.0_2/plugins/com.st.stm32cube.common.mx_6.13.0.202411220809//db//plugins/boardmanager/
2026-06-04 09:48:20,337 [WARN] ApiDb:259 - Overriding images path with different value:  => /opt/st/stm32cubeide_1.17.0_2/plugins/com.st.stm32cube.common.mx_6.13.0.202411220809//db//plugins/mcufinder/images/
2026-06-04 09:48:20,343 [INFO] ApiDb:250 - Set database path to: /home/santiago/.stmcufinder/plugins/mcufinder//mcu/
2026-06-04 09:48:20,345 [INFO] DbMcusAds:125 - Set database path to: /home/santiago/.stmcufinder/plugins/mcufinder//mcu/
2026-06-04 09:48:20,348 [INFO] CrossReferenceDbSqlite:203 - Set database path to: /home/santiago/.stmcufinder/plugins/mcufinder//mcu/cs/
2026-06-04 09:48:20,573 [INFO] RulesReader:64 - Compatibility file has been processed (297 Rules)
2026-06-04 09:48:20,691 [INFO] DbMcusXml:78 - Set database path to: /opt/st/stm32cubeide_1.17.0_2/plugins/com.st.stm32cube.common.mx_6.13.0.202411220809//db//mcu/
2026-06-04 09:48:20,691 [INFO] ApiDb:274 - Set plugin database path to: /opt/st/stm32cubeide_1.17.0_2/plugins/com.st.stm32cube.common.mx_6.13.0.202411220809//db//plugins/boardmanager/
2026-06-04 09:48:20,691 [INFO] ApiDb:261 - Set plugin images path to: /opt/st/stm32cubeide_1.17.0_2/plugins/com.st.stm32cube.common.mx_6.13.0.202411220809//db//plugins/mcufinder/images/
2026-06-04 09:48:20,692 [WARN] DbFile:41 - Overriding database path with different value: /home/santiago/.stmcufinder/plugins/mcufinder/ => /home/santiago/.stmcufinder/plugins/mcufinder
2026-06-04 09:48:20,692 [INFO] ApiDb:250 - Set database path to: /home/santiago/.stmcufinder/plugins/mcufinder//mcu/
2026-06-04 09:48:20,692 [WARN] DbFile:41 - Overriding database path with different value: /home/santiago/.stmcufinder/plugins/mcufinder/ => /home/santiago/.stmcufinder/plugins/mcufinder
2026-06-04 09:48:20,693 [INFO] DbMcusAds:125 - Set database path to: /home/santiago/.stmcufinder/plugins/mcufinder//mcu/
2026-06-04 09:48:20,693 [WARN] DbFile:41 - Overriding database path with different value: /home/santiago/.stmcufinder/plugins/mcufinder/ => /home/santiago/.stmcufinder/plugins/mcufinder
2026-06-04 09:48:20,693 [WARN] DbFile:41 - Overriding database path with different value: /home/santiago/.stmcufinder/plugins/mcufinder/ => /home/santiago/.stmcufinder/plugins/mcufinder
2026-06-04 09:48:20,693 [INFO] CrossReferenceDbSqlite:203 - Set database path to: /home/santiago/.stmcufinder/plugins/mcufinder//mcu/cs/
2026-06-04 09:48:20,781 [INFO] MainPanel:272 - HeapMemory: 268435456
2026-06-04 09:48:20,932 [INFO] DbMcusXml:78 - Set database path to: /opt/st/stm32cubeide_1.17.0_2/plugins/com.st.stm32cube.common.mx_6.13.0.202411220809//db//mcu/
2026-06-04 09:48:20,933 [INFO] ApiDb:274 - Set plugin database path to: /opt/st/stm32cubeide_1.17.0_2/plugins/com.st.stm32cube.common.mx_6.13.0.202411220809//db//plugins/boardmanager/
2026-06-04 09:48:20,933 [INFO] ApiDb:261 - Set plugin images path to: /opt/st/stm32cubeide_1.17.0_2/plugins/com.st.stm32cube.common.mx_6.13.0.202411220809//db//plugins/mcufinder/images/
2026-06-04 09:48:20,933 [WARN] DbFile:41 - Overriding database path with different value: /home/santiago/.stmcufinder/plugins/mcufinder/ => /home/santiago/.stmcufinder/plugins/mcufinder
2026-06-04 09:48:20,934 [INFO] ApiDb:250 - Set database path to: /home/santiago/.stmcufinder/plugins/mcufinder//mcu/
2026-06-04 09:48:20,934 [WARN] DbFile:41 - Overriding database path with different value: /home/santiago/.stmcufinder/plugins/mcufinder/ => /home/santiago/.stmcufinder/plugins/mcufinder
2026-06-04 09:48:20,934 [INFO] DbMcusAds:125 - Set database path to: /home/santiago/.stmcufinder/plugins/mcufinder//mcu/
2026-06-04 09:48:20,934 [WARN] DbFile:41 - Overriding database path with different value: /home/santiago/.stmcufinder/plugins/mcufinder/ => /home/santiago/.stmcufinder/plugins/mcufinder
2026-06-04 09:48:20,934 [WARN] DbFile:41 - Overriding database path with different value: /home/santiago/.stmcufinder/plugins/mcufinder/ => /home/santiago/.stmcufinder/plugins/mcufinder
2026-06-04 09:48:20,935 [INFO] CrossReferenceDbSqlite:203 - Set database path to: /home/santiago/.stmcufinder/plugins/mcufinder//mcu/cs/
2026-06-04 09:48:20,958 [INFO] ApplicationProperties:184 - Using Application install path: /opt/st/stm32cubeide_1.17.0_2/plugins/com.st.stm32cube.common.mx_6.13.0.202411220809
2026-06-04 09:48:20,961 [INFO] PluginManage:196 - Search for loadable plugins [exclusion list=, ]
2026-06-04 09:48:20,962 [INFO] PluginManage:310 - Check plugin analytics
2026-06-04 09:48:21,244 [INFO] AnalyticsPlugin:253 - Accepted Software Licenses: 
2026-06-04 09:48:21,244 [INFO] AnalyticsPlugin:255 - Accepted CMSIS Pack Licenses: 
2026-06-04 09:48:21,244 [INFO] AnalyticsPlugin:257 - Accepted Firmware Licenses: FW.F4.1.28.0
2026-06-04 09:48:21,251 [INFO] PluginManage:359 - Loaded plugin analytics (category:tool,tabindex:-1)
2026-06-04 09:48:21,253 [INFO] PluginManage:310 - Check plugin cadmodel
2026-06-04 09:48:21,258 [INFO] CADModel:105 - Init CAD model plugin
2026-06-04 09:48:21,258 [INFO] PluginManage:359 - Loaded plugin cadmodel (category:power,tabindex:5)
2026-06-04 09:48:21,258 [INFO] PluginManage:310 - Check plugin clock
2026-06-04 09:48:21,278 [INFO] PluginManage:359 - Loaded plugin clock (category:base,tabindex:2)
2026-06-04 09:48:21,278 [INFO] PluginManage:310 - Check plugin ddr
2026-06-04 09:48:21,283 [INFO] PluginManage:359 - Loaded plugin ddr (category:tool,tabindex:6)
2026-06-04 09:48:21,284 [INFO] PluginManage:310 - Check plugin filemanager
2026-06-04 09:48:21,570 [INFO] PluginManage:359 - Loaded plugin filemanager (category:base,tabindex:10)
2026-06-04 09:48:21,570 [INFO] PluginManage:310 - Check plugin ipmanager
2026-06-04 09:48:21,579 [INFO] PluginManage:359 - Loaded plugin ipmanager (category:base,tabindex:5)
2026-06-04 09:48:21,579 [INFO] PluginManage:310 - Check plugin lpbam
2026-06-04 09:48:21,594 [INFO] PluginManage:359 - Loaded plugin lpbam (category:base,tabindex:0)
2026-06-04 09:48:21,594 [INFO] PluginManage:310 - Check plugin memorymap
2026-06-04 09:48:21,654 [INFO] PluginManage:359 - Loaded plugin memorymap (category:base,tabindex:4)
2026-06-04 09:48:21,655 [INFO] PluginManage:310 - Check plugin pinoutandconfiguration
2026-06-04 09:48:21,668 [INFO] PluginManage:359 - Loaded plugin pinoutandconfiguration (category:base,tabindex:1)
2026-06-04 09:48:21,668 [INFO] PluginManage:310 - Check plugin pinoutconfig
2026-06-04 09:48:21,937 [WARN] SupportedApi:132 - Cannot load RTOS API schema: s4s-elt-must-match.1: The content of 'definitions' must match (annotation?, (simpleType | complexType)?, (unique | key | keyref)*)). A problem was found starting at: attribute.
2026-06-04 09:48:22,195 [INFO] PluginManage:359 - Loaded plugin pinoutconfig (category:base,tabindex:0)
2026-06-04 09:48:22,196 [INFO] PluginManage:310 - Check plugin power
2026-06-04 09:48:22,211 [INFO] PluginManage:359 - Loaded plugin power (category:power,tabindex:4)
2026-06-04 09:48:22,212 [INFO] PluginManage:310 - Check plugin projectmanager
2026-06-04 09:48:22,245 [INFO] PluginManage:359 - Loaded plugin projectmanager (category:projectmanager,tabindex:4)
2026-06-04 09:48:22,246 [INFO] PluginManage:310 - Check plugin rif
2026-06-04 09:48:22,256 [INFO] PluginManage:359 - Loaded plugin rif (category:base,tabindex:3)
2026-06-04 09:48:22,257 [INFO] PluginManage:310 - Check plugin thirdparty
2026-06-04 09:48:22,474 [INFO] PluginManage:359 - Loaded plugin thirdparty (category:base,tabindex:-1)
2026-06-04 09:48:22,474 [WARN] IntegrityCheckThread:84 - waiting for thirdparty lock release [integrity check]
2026-06-04 09:48:22,475 [INFO] IntegrityCheckThread:86 - entering critical section [integrity check]
2026-06-04 09:48:22,475 [INFO] PluginManage:310 - Check plugin tools
2026-06-04 09:48:22,476 [INFO] ThirdPartyUpdaterWithRetryManager:70 - Updater plugin not ready yet. [1/15]
2026-06-04 09:48:22,479 [INFO] PluginManage:359 - Loaded plugin tools (category:base,tabindex:7)
2026-06-04 09:48:22,480 [INFO] PluginManage:310 - Check plugin tutovideos
2026-06-04 09:48:22,767 [INFO] PluginManage:359 - Loaded plugin tutovideos (category:base,tabindex:-1)
2026-06-04 09:48:22,768 [INFO] PluginManage:310 - Check plugin updater
2026-06-04 09:48:22,815 [INFO] PluginManage:359 - Loaded plugin updater (category:base,tabindex:12)
2026-06-04 09:48:22,815 [INFO] PluginManage:310 - Check plugin userauth
2026-06-04 09:48:22,821 [INFO] UserAuth:118 - Init User Auth plugin
2026-06-04 09:48:22,823 [INFO] PluginManage:359 - Loaded plugin userauth (category:base,tabindex:14)
2026-06-04 09:48:22,824 [INFO] PluginManage:283 - PluginManage : Loaded plugins [18]
2026-06-04 09:48:23,099 [INFO] PinOutPanel:1589 - setPackage(No Configuration,No Configuration)
2026-06-04 09:48:23,193 [INFO] CADModel:165 - CPN selected for project level
2026-06-04 09:48:23,193 [INFO] CADModel:114 - Register for checkConnection events
2026-06-04 09:48:23,211 [INFO] IPUIPlugin:80 - create IPUIPlugin
2026-06-04 09:48:23,211 [INFO] PluginManager:220 - loadIPPluginJar : add ipddr
2026-06-04 09:48:23,214 [INFO] IPUIPlugin:80 - create IPUIPlugin
2026-06-04 09:48:23,215 [INFO] PluginManager:220 - loadIPPluginJar : add gtzc
2026-06-04 09:48:23,219 [INFO] IPUIPlugin:80 - create IPUIPlugin
2026-06-04 09:48:23,219 [INFO] PluginManager:220 - loadIPPluginJar : add usbx
2026-06-04 09:48:23,223 [INFO] IPUIPlugin:80 - create IPUIPlugin
2026-06-04 09:48:23,224 [INFO] PluginManager:220 - loadIPPluginJar : add openamp
2026-06-04 09:48:23,227 [INFO] IPUIPlugin:80 - create IPUIPlugin
2026-06-04 09:48:23,227 [INFO] PluginManager:220 - loadIPPluginJar : add can
2026-06-04 09:48:23,236 [INFO] IPUIPlugin:80 - create IPUIPlugin
2026-06-04 09:48:23,236 [INFO] PluginManager:220 - loadIPPluginJar : add linkedlist
2026-06-04 09:48:23,238 [INFO] IPUIPlugin:80 - create IPUIPlugin
2026-06-04 09:48:23,238 [INFO] PluginManager:220 - loadIPPluginJar : add tim
2026-06-04 09:48:23,245 [INFO] IPUIPlugin:80 - create IPUIPlugin
2026-06-04 09:48:23,245 [INFO] PluginManager:220 - loadIPPluginJar : add fmc
2026-06-04 09:48:23,248 [INFO] IPUIPlugin:80 - create IPUIPlugin
2026-06-04 09:48:23,248 [INFO] PluginManager:220 - loadIPPluginJar : add i2s
2026-06-04 09:48:23,251 [INFO] IPUIPlugin:80 - create IPUIPlugin
2026-06-04 09:48:23,251 [INFO] PluginManager:220 - loadIPPluginJar : add cryp
2026-06-04 09:48:23,257 [INFO] IPUIPlugin:80 - create IPUIPlugin
2026-06-04 09:48:23,258 [INFO] PluginManager:220 - loadIPPluginJar : add stm32_wpan
2026-06-04 09:48:23,261 [INFO] IPUIPlugin:80 - create IPUIPlugin
2026-06-04 09:48:23,261 [INFO] PluginManager:220 - loadIPPluginJar : add i3c
2026-06-04 09:48:23,263 [INFO] IPUIPlugin:80 - create IPUIPlugin
2026-06-04 09:48:23,263 [INFO] PluginManager:220 - loadIPPluginJar : add quadspi
2026-06-04 09:48:23,273 [INFO] IPUIPlugin:80 - create IPUIPlugin
2026-06-04 09:48:23,274 [INFO] PluginManager:220 - loadIPPluginJar : add dma
2026-06-04 09:48:23,276 [INFO] IPUIPlugin:80 - create IPUIPlugin
2026-06-04 09:48:23,277 [INFO] PluginManager:220 - loadIPPluginJar : add ltdc
2026-06-04 09:48:23,281 [INFO] IPUIPlugin:80 - create IPUIPlugin
2026-06-04 09:48:23,282 [INFO] PluginManager:220 - loadIPPluginJar : add nvic
2026-06-04 09:48:23,285 [INFO] IPUIPlugin:80 - create IPUIPlugin
2026-06-04 09:48:23,286 [INFO] PluginManager:220 - loadIPPluginJar : add opamp
2026-06-04 09:48:23,292 [INFO] IPUIPlugin:80 - create IPUIPlugin
2026-06-04 09:48:23,292 [INFO] PluginManager:220 - loadIPPluginJar : add freertos
2026-06-04 09:48:23,295 [INFO] IPUIPlugin:80 - create IPUIPlugin
2026-06-04 09:48:23,295 [INFO] PluginManager:220 - loadIPPluginJar : add hash
2026-06-04 09:48:23,299 [INFO] IPUIPlugin:80 - create IPUIPlugin
2026-06-04 09:48:23,300 [INFO] PluginManager:220 - loadIPPluginJar : add touchsensing
2026-06-04 09:48:23,302 [INFO] IPUIPlugin:80 - create IPUIPlugin
2026-06-04 09:48:23,302 [INFO] PluginManager:220 - loadIPPluginJar : add spi
2026-06-04 09:48:23,304 [INFO] IPUIPlugin:80 - create IPUIPlugin
2026-06-04 09:48:23,304 [INFO] PluginManager:220 - loadIPPluginJar : add comp
2026-06-04 09:48:23,307 [INFO] IPUIPlugin:80 - create IPUIPlugin
2026-06-04 09:48:23,307 [INFO] PluginManager:220 - loadIPPluginJar : add ucpd
2026-06-04 09:48:23,310 [INFO] IPUIPlugin:80 - create IPUIPlugin
2026-06-04 09:48:23,310 [INFO] PluginManager:220 - loadIPPluginJar : add ddr_ctrl_phy
2026-06-04 09:48:23,312 [INFO] IPUIPlugin:80 - create IPUIPlugin
2026-06-04 09:48:23,312 [INFO] PluginManager:220 - loadIPPluginJar : add fatfs
2026-06-04 09:48:23,315 [INFO] IPUIPlugin:80 - create IPUIPlugin
2026-06-04 09:48:23,316 [INFO] PluginManager:220 - loadIPPluginJar : add dma3
2026-06-04 09:48:23,319 [INFO] IPUIPlugin:80 - create IPUIPlugin
2026-06-04 09:48:23,319 [INFO] PluginManager:220 - loadIPPluginJar : add sai
2026-06-04 09:48:23,322 [INFO] IPUIPlugin:80 - create IPUIPlugin
2026-06-04 09:48:23,322 [INFO] PluginManager:220 - loadIPPluginJar : add extmemmanager
2026-06-04 09:48:23,326 [INFO] IPUIPlugin:80 - create IPUIPlugin
2026-06-04 09:48:23,326 [INFO] PluginManager:220 - loadIPPluginJar : add i2c
2026-06-04 09:48:23,328 [INFO] IPUIPlugin:80 - create IPUIPlugin
2026-06-04 09:48:23,328 [INFO] PluginManager:220 - loadIPPluginJar : add tracer_emb
2026-06-04 09:48:23,331 [INFO] IPUIPlugin:80 - create IPUIPlugin
2026-06-04 09:48:23,331 [INFO] PluginManager:220 - loadIPPluginJar : add ts
2026-06-04 09:48:23,335 [INFO] IPUIPlugin:80 - create IPUIPlugin
2026-06-04 09:48:23,335 [INFO] PluginManager:220 - loadIPPluginJar : add resmgrutility
2026-06-04 09:48:23,341 [INFO] IPUIPlugin:80 - create IPUIPlugin
2026-06-04 09:48:23,341 [INFO] PluginManager:220 - loadIPPluginJar : add gic
2026-06-04 09:48:23,345 [INFO] IPUIPlugin:80 - create IPUIPlugin
2026-06-04 09:48:23,345 [INFO] PluginManager:220 - loadIPPluginJar : add usart
2026-06-04 09:48:23,347 [INFO] IPUIPlugin:80 - create IPUIPlugin
2026-06-04 09:48:23,347 [INFO] PluginManager:220 - loadIPPluginJar : add tsc
2026-06-04 09:48:23,349 [INFO] IPUIPlugin:80 - create IPUIPlugin
2026-06-04 09:48:23,349 [INFO] PluginManager:220 - loadIPPluginJar : add gfxmmu
2026-06-04 09:48:23,357 [INFO] IPUIPlugin:80 - create IPUIPlugin
2026-06-04 09:48:23,358 [INFO] PluginManager:220 - loadIPPluginJar : add mdma
2026-06-04 09:48:23,361 [INFO] IPUIPlugin:80 - create IPUIPlugin
2026-06-04 09:48:23,362 [INFO] PluginManager:220 - loadIPPluginJar : add lorawan
2026-06-04 09:48:23,369 [INFO] IPUIPlugin:80 - create IPUIPlugin
2026-06-04 09:48:23,370 [INFO] PluginManager:220 - loadIPPluginJar : add adc
2026-06-04 09:48:23,372 [INFO] IPUIPlugin:80 - create IPUIPlugin
2026-06-04 09:48:23,372 [INFO] PluginManager:220 - loadIPPluginJar : add genericplugin
2026-06-04 09:48:23,375 [INFO] IPUIPlugin:80 - create IPUIPlugin
2026-06-04 09:48:23,376 [INFO] PluginManager:220 - loadIPPluginJar : add pdm2pcm
2026-06-04 09:48:23,379 [INFO] IPUIPlugin:80 - create IPUIPlugin
2026-06-04 09:48:23,380 [INFO] PluginManager:220 - loadIPPluginJar : add radio
2026-06-04 09:48:23,383 [INFO] IPUIPlugin:80 - create IPUIPlugin
2026-06-04 09:48:23,383 [INFO] PluginManager:220 - loadIPPluginJar : add aes
2026-06-04 09:48:23,391 [INFO] IPUIPlugin:80 - create IPUIPlugin
2026-06-04 09:48:23,396 [INFO] PluginManager:220 - loadIPPluginJar : add plateformsettings
2026-06-04 09:48:23,401 [INFO] IPUIPlugin:80 - create IPUIPlugin
2026-06-04 09:48:23,402 [INFO] PluginManager:220 - loadIPPluginJar : add gpio
2026-06-04 09:48:23,405 [INFO] IPUIPlugin:80 - create IPUIPlugin
2026-06-04 09:48:23,405 [INFO] PluginManager:220 - loadIPPluginJar : add dfsdm
2026-06-04 09:48:23,544 [FATAL] Updater:351 - Updater called before beeing initialized
2026-06-04 09:48:23,615 [INFO] RulesReader:64 - Compatibility file has been processed (297 Rules)
2026-06-04 09:48:23,648 [INFO] RulesReader:64 - Compatibility file has been processed (297 Rules)
2026-06-04 09:48:23,661 [INFO] CADModel:165 - CPN selected for project level
2026-06-04 09:48:23,662 [INFO] CADModel:114 - Register for checkConnection events
2026-06-04 09:48:23,662 [FATAL] Updater:351 - Updater called before beeing initialized
2026-06-04 09:48:23,662 [ERROR] CADModel:125 - Updater not yet initialized, retry later 
2026-06-04 09:48:23,848 [FATAL] Updater:351 - Updater called before beeing initialized
2026-06-04 09:48:23,850 [INFO] CADModel:165 - CPN selected for project level
2026-06-04 09:48:23,850 [INFO] CADModel:114 - Register for checkConnection events
2026-06-04 09:48:23,850 [FATAL] Updater:351 - Updater called before beeing initialized
2026-06-04 09:48:23,851 [ERROR] CADModel:125 - Updater not yet initialized, retry later 
2026-06-04 09:48:23,856 [FATAL] Updater:351 - Updater called before beeing initialized
2026-06-04 09:48:23,970 [FATAL] Updater:351 - Updater called before beeing initialized
2026-06-04 09:48:23,975 [INFO] DbMcusAds:53 - JSON generation date=Thu May 28 11:08:17 COT 2026 (1779984497073)
2026-06-04 09:48:23,976 [FATAL] Updater:351 - Updater called before beeing initialized
2026-06-04 09:48:24,041 [WARN] DetailPanel:346 - Failed to get advertising image, set to default
2026-06-04 09:48:24,531 [FATAL] Updater:351 - Updater called before beeing initialized
2026-06-04 09:48:24,533 [FATAL] Updater:351 - Updater called before beeing initialized
2026-06-04 09:48:24,533 [FATAL] Updater:351 - Updater called before beeing initialized
2026-06-04 09:48:24,533 [WARN] DetailPanel:346 - Failed to get advertising image, set to default
2026-06-04 09:48:24,535 [FATAL] Updater:351 - Updater called before beeing initialized
2026-06-04 09:48:24,600 [ERROR] Updater:1198 - MainUpdater not yet initialized. External WinMGr cannot be set.
2026-06-04 09:48:24,603 [INFO] Updater:1134 - Updater Version found : 6.13.0
2026-06-04 09:48:24,627 [INFO] ApplicationProperties:184 - Using Application install path: /opt/st/stm32cubeide_1.17.0_2/plugins/com.st.stm32cube.common.mx_6.13.0.202411220809
2026-06-04 09:48:24,963 [INFO] MainUpdater:2872 - connection check result : 10
2026-06-04 09:48:24,965 [INFO] MainUpdater:289 - Updater Check For Update Now.
2026-06-04 09:48:24,965 [INFO] MicroXplorer:498 - Change Database Version : DB.6.0.130
2026-06-04 09:48:24,971 [INFO] McuFinderGlobals:63 - Set McuFinder mode to 2 (CubeIDE integrated)
2026-06-04 09:48:24,972 [INFO] UserAuth:486 - Internet connection configuration mode: 1
2026-06-04 09:48:24,989 [INFO] JxBrowserEngine:152 - Initiate JxBrowser Engine with user profile folder
2026-06-04 09:48:25,209 [INFO] CheckServerUpdateThread:120 - End of CheckServer Thread
2026-06-04 09:48:25,845 [WARN] PackLoader:240 - Cannot read IP mode file for STMicroelectronics.X-CUBE-AZRTOS-H7.3.5.0
2026-06-04 09:48:25,861 [WARN] PackLoader:240 - Cannot read IP mode file for STMicroelectronics.FP-SNS-MOTENVWB1.1.4.0
2026-06-04 09:48:25,870 [ERROR] Engine:466 - /home/santiago/.stm32cubemx/thirdparties/pdsc/STMicroelectronics.X-CUBE-SMBUS.2.1.1.pdsc: PDSC version is not supported
2026-06-04 09:48:25,874 [WARN] PackLoader:240 - Cannot read IP mode file for STMicroelectronics.X-CUBE-SMBUS.2.1.0
2026-06-04 09:48:25,939 [WARN] PackLoader:240 - Cannot read IP mode file for STMicroelectronics.X-CUBE-AZRTOS-F7.1.1.0
2026-06-04 09:48:25,960 [ERROR] Engine:466 - /home/santiago/.stm32cubemx/thirdparties/pdsc/WES.I-CUBE-Cesium.1.4.0.pdsc: PDSC version is not supported
2026-06-04 09:48:25,978 [WARN] PackLoader:240 - Cannot read IP mode file for STMicroelectronics.X-CUBE-DISPLAY.3.0.0
2026-06-04 09:48:25,999 [WARN] PackLoader:240 - Cannot read IP mode file for STMicroelectronics.X-CUBE-GNSS1.7.1.1
2026-06-04 09:48:26,007 [ERROR] Engine:466 - /home/santiago/.stm32cubemx/thirdparties/pdsc/STMicroelectronics.FP-SNS-MOTENVWB1.1.5.0.pdsc: PDSC version is not supported
2026-06-04 09:48:26,012 [WARN] PackLoader:240 - Cannot read IP mode file for wolfSSL.I-CUBE-wolfSSL.5.9.1
2026-06-04 09:48:26,022 [WARN] PackLoader:240 - Cannot read IP mode file for STMicroelectronics.X-CUBE-NFC10.1.0.0
2026-06-04 09:48:26,032 [WARN] PackLoader:240 - Cannot read IP mode file for STMicroelectronics.X-CUBE-ST60.1.1.0
2026-06-04 09:48:26,040 [WARN] PackLoader:240 - Cannot read IP mode file for emotas.I-CUBE-CANOPEN.1.3.0
2026-06-04 09:48:26,046 [WARN] PackLoader:240 - Cannot read IP mode file for STMicroelectronics.FP-SNS-SMARTAG2.1.2.0
2026-06-04 09:48:26,061 [INFO] LogOutputStream:77 - [STDOUT_REDIRECT] 1 : Invalid condition id : UX_CORESTACK_Condition cause : null
2026-06-04 09:48:26,063 [INFO] LogOutputStream:77 - [STDOUT_REDIRECT] 1 : Invalid condition id : UX_CORESTACK_Condition cause : null
2026-06-04 09:48:26,063 [INFO] LogOutputStream:77 - [STDOUT_REDIRECT] 1 : Invalid condition id : UX_CORESTACK_Condition cause : null
2026-06-04 09:48:26,064 [INFO] LogOutputStream:77 - [STDOUT_REDIRECT] 1 : Invalid condition id : UX_CORESTACK_Condition cause : null
2026-06-04 09:48:26,065 [INFO] LogOutputStream:77 - [STDOUT_REDIRECT] 1 : Invalid condition id : UX_CORESTACK_Condition cause : null
2026-06-04 09:48:26,075 [WARN] PackLoader:240 - Cannot read IP mode file for STMicroelectronics.X-CUBE-AZRTOS-WL.2.0.0
2026-06-04 09:48:26,145 [WARN] PackLoader:240 - Cannot read IP mode file for STMicroelectronics.X-CUBE-AZRTOS-H7RS.1.2.0
2026-06-04 09:48:26,159 [WARN] PackLoader:240 - Cannot read IP mode file for STMicroelectronics.X-CUBE-BLE2.3.3.0
2026-06-04 09:48:26,176 [INFO] WebApp:168 - Instantiating new browser for Auth
2026-06-04 09:48:26,245 [WARN] PackLoader:240 - Cannot read IP mode file for Infineon.AIROC-Wi-Fi-Bluetooth-STM32.1.8.0
2026-06-04 09:48:26,276 [WARN] PackLoader:240 - Cannot read IP mode file for STMicroelectronics.X-CUBE-NFC9.1.0.0
2026-06-04 09:48:26,286 [WARN] PackLoader:240 - Cannot read IP mode file for wolfSSL.I-CUBE-wolfMQTT.1.19.2
2026-06-04 09:48:26,291 [ERROR] Engine:466 - /home/santiago/.stm32cubemx/thirdparties/pdsc/STMicroelectronics.FP-SNS-STAIOTCFT.1.1.0.pdsc: PDSC version is not supported
2026-06-04 09:48:26,322 [WARN] PackLoader:240 - Cannot read IP mode file for STMicroelectronics.X-CUBE-AZRTOS-G0.1.1.0
2026-06-04 09:48:26,335 [WARN] PackLoader:240 - Cannot read IP mode file for STMicroelectronics.X-CUBE-NFC4.3.0.0
2026-06-04 09:48:26,350 [WARN] PackLoader:240 - Cannot read IP mode file for EmbeddedOffice.I-CUBE-FS-RTOS.1.0.1
2026-06-04 09:48:26,356 [WARN] PackLoader:240 - Cannot read IP mode file for wolfSSL.I-CUBE-wolfTPM.3.8.0
2026-06-04 09:48:26,364 [WARN] PackLoader:240 - Cannot read IP mode file for STMicroelectronics.X-CUBE-TCPP.4.2.0
2026-06-04 09:48:26,374 [WARN] PackLoader:240 - Cannot read IP mode file for RealThread.X-CUBE-RT-Thread_Nano.4.1.1
2026-06-04 09:48:26,381 [WARN] PackLoader:240 - Cannot read IP mode file for STMicroelectronics.FP-ATR-SIGFOX1.3.2.0
2026-06-04 09:48:26,386 [ERROR] Engine:466 - /home/santiago/.stm32cubemx/thirdparties/pdsc/STMicroelectronics.X-CUBE-FREERTOS.1.5.0.pdsc: PDSC version is not supported
2026-06-04 09:48:26,393 [WARN] PackLoader:240 - Cannot read IP mode file for ITTIA_DB.I-CUBE-ITTIADB.8.9.0
2026-06-04 09:48:26,398 [WARN] PackLoader:240 - Cannot read IP mode file for Cesanta.I-CUBE-Mongoose.7.21.7
2026-06-04 09:48:26,412 [WARN] PackLoader:240 - Cannot read IP mode file for STMicroelectronics.X-CUBE-NFC6.3.2.0
2026-06-04 09:48:26,508 [WARN] PackLoader:240 - Cannot read IP mode file for STMicroelectronics.X-CUBE-MEMS1.12.1.0
2026-06-04 09:48:26,918 [WARN] PackLoader:240 - Cannot read IP mode file for SEGGER.I-CUBE-embOS.1.3.1
2026-06-04 09:48:26,990 [WARN] PackLoader:240 - Cannot read IP mode file for STMicroelectronics.X-CUBE-ALGOBUILD.1.4.0
2026-06-04 09:48:26,998 [WARN] PackLoader:240 - Cannot read IP mode file for STMicroelectronics.X-CUBE-PM33A1.1.0.0
2026-06-04 09:48:27,084 [WARN] PackLoader:240 - Cannot read IP mode file for STMicroelectronics.X-CUBE-AZRTOS-F4.1.1.0
2026-06-04 09:48:27,098 [WARN] PackLoader:240 - Cannot read IP mode file for STMicroelectronics.X-CUBE-ISPU.2.1.0
2026-06-04 09:48:27,112 [ERROR] Engine:466 - /home/santiago/.stm32cubemx/thirdparties/pdsc/STMicroelectronics.X-CUBE-IPS.3.2.0.pdsc: PDSC version is not supported
2026-06-04 09:48:27,117 [WARN] PackLoader:240 - Cannot read IP mode file for STMicroelectronics.eDS-WB_DPC_TT-BIDIR.2.1.1
2026-06-04 09:48:27,124 [WARN] PackLoader:240 - Cannot read IP mode file for STMicroelectronics.X-CUBE-NFC12.1.0.0
2026-06-04 09:48:27,153 [WARN] PackLoader:240 - Cannot read IP mode file for STMicroelectronics.X-CUBE-AZRTOS-L5.2.0.0
2026-06-04 09:48:27,165 [WARN] PackLoader:240 - Cannot read IP mode file for STMicroelectronics.X-CUBE-ALGOBUILD.1.5.0
2026-06-04 09:48:27,170 [WARN] PackLoader:240 - Cannot read IP mode file for STMicroelectronics.eDS-WB_DPC_VIENNA.1.2.0
2026-06-04 09:48:27,173 [WARN] PackLoader:240 - Cannot read IP mode file for STMicroelectronics.eDS-WB_DPC_3PH2L-BIDIR.1.1.1
2026-06-04 09:48:27,178 [ERROR] Engine:466 - /home/santiago/.stm32cubemx/thirdparties/pdsc/STMicroelectronics.X-CUBE-ST67W61.1.3.0.pdsc: PDSC version is not supported
2026-06-04 09:48:27,183 [WARN] PackLoader:240 - Cannot read IP mode file for STMicroelectronics.X-CUBE-TOUCHGFX.4.26.1
2026-06-04 09:48:27,190 [WARN] PackLoader:240 - Cannot read IP mode file for STMicroelectronics.FP-SNS-STAIOTCFT.1.0.0
2026-06-04 09:48:27,217 [WARN] ConditionMgr:438 - getConditionDescription Invalid condition id : LAN8742 Phy interface Condition cause : null
2026-06-04 09:48:27,218 [WARN] PackLoader:240 - Cannot read IP mode file for STMicroelectronics.X-CUBE-AZRTOS-L4.2.0.0
2026-06-04 09:48:27,221 [WARN] ConditionMgr:1044 - genDependencies : Invalid condition id : LAN8742 Phy interface Condition cause : null
2026-06-04 09:48:27,221 [WARN] ConditionMgr:1044 - genDependencies : Invalid condition id : LAN8742 Phy interface Condition cause : null
2026-06-04 09:48:27,223 [WARN] ConditionMgr:1044 - genDependencies : Invalid condition id : LAN8742 Phy interface Condition cause : null
2026-06-04 09:48:27,232 [WARN] PackLoader:240 - Cannot read IP mode file for STMicroelectronics.X-CUBE-SFXS2LP1.4.0.0
2026-06-04 09:48:27,240 [WARN] PackLoader:240 - Cannot read IP mode file for STMicroelectronics.X-CUBE-WB05N.2.1.0
2026-06-04 09:48:27,257 [WARN] ConditionMgr:438 - getConditionDescription Invalid condition id : UX DEVICE CLASS RTOS Condition cause : null
2026-06-04 09:48:27,258 [WARN] ConditionMgr:438 - getConditionDescription Invalid condition id : UX DEVICE CLASS RTOS Condition cause : null
2026-06-04 09:48:27,261 [WARN] PackLoader:240 - Cannot read IP mode file for STMicroelectronics.X-CUBE-AZRTOS-WB.2.0.0
2026-06-04 09:48:27,262 [WARN] ConditionMgr:1044 - genDependencies : Invalid condition id : UX DEVICE CLASS RTOS Condition cause : null
2026-06-04 09:48:27,262 [WARN] ConditionMgr:1044 - genDependencies : Invalid condition id : UX DEVICE CLASS RTOS Condition cause : null
2026-06-04 09:48:27,263 [WARN] ConditionMgr:1044 - genDependencies : Invalid condition id : UX DEVICE CLASS RTOS Condition cause : null
2026-06-04 09:48:27,263 [WARN] ConditionMgr:1044 - genDependencies : Invalid condition id : UX DEVICE CLASS RTOS Condition cause : null
2026-06-04 09:48:27,263 [WARN] ConditionMgr:1044 - genDependencies : Invalid condition id : UX DEVICE CLASS RTOS Condition cause : null
2026-06-04 09:48:27,268 [WARN] ConditionMgr:438 - getConditionDescription Invalid condition id : Cortex-A Device cause : null
2026-06-04 09:48:27,280 [WARN] ConditionMgr:1044 - genDependencies : Invalid condition id : Cortex-A Device cause : null
2026-06-04 09:48:27,280 [WARN] ConditionMgr:1044 - genDependencies : Invalid condition id : Cortex-A Device cause : null
2026-06-04 09:48:27,280 [WARN] ConditionMgr:1044 - genDependencies : Invalid condition id : Cortex-A Device cause : null
2026-06-04 09:48:27,292 [WARN] PackLoader:240 - Cannot read IP mode file for STMicroelectronics.X-CUBE-STSE01.2.0.0
2026-06-04 09:48:27,312 [WARN] PackLoader:240 - Cannot read IP mode file for STMicroelectronics.X-CUBE-SUBG2.5.0.0
2026-06-04 09:48:27,339 [WARN] PackLoader:240 - Cannot read IP mode file for STMicroelectronics.X-CUBE-AZRTOS-G4.2.0.0
2026-06-04 09:48:27,344 [WARN] PackLoader:240 - Cannot read IP mode file for wolfSSL.I-CUBE-wolfSSH.1.4.20
2026-06-04 09:48:27,350 [WARN] PackLoader:240 - Cannot read IP mode file for STMicroelectronics.X-CUBE-NFC7.2.0.0
2026-06-04 09:48:27,358 [WARN] PackLoader:240 - Cannot read IP mode file for STMicroelectronics.X-CUBE-ALS.1.0.2
2026-06-04 09:48:27,381 [WARN] PackLoader:240 - Cannot read IP mode file for STMicroelectronics.X-CUBE-TOF1.3.4.3
2026-06-04 09:48:27,414 [INFO] ThirdParty:978 - Integrity check success = true
2026-06-04 09:48:27,414 [INFO] IntegrityCheckThread:100 - exiting critical section [integrity check]
2026-06-04 09:48:27,414 [INFO] IntegrityCheckThread:103 - End integrity checks thread
2026-06-04 09:48:27,634 [INFO] WebApp:449 - Apply proxy settings
2026-06-04 09:48:27,635 [INFO] WebApp:534 - Chromium requires no authentication
2026-06-04 09:48:27,646 [INFO] WebApp:477 - Direct internet connection detected
2026-06-04 09:48:27,676 [INFO] WebApp:880 - Register for checkConnection events
2026-06-04 09:48:27,677 [INFO] WebApp:449 - Apply proxy settings
2026-06-04 09:48:27,677 [INFO] WebApp:534 - Chromium requires no authentication
2026-06-04 09:48:27,678 [INFO] WebApp:477 - Direct internet connection detected
2026-06-04 09:48:27,892 [INFO] WebApp:221 - Starting web application
2026-06-04 09:48:27,892 [INFO] WebApp:579 - Web application path used /opt/st/stm32cubeide_1.17.0_2/plugins/com.st.stm32cube.common.mx_6.13.0.202411220809/db/plugins/mcufinder/reactClient1/index.html
2026-06-04 09:48:28,086 [INFO] UserAuth:486 - Internet connection configuration mode: 1
2026-06-04 09:48:28,200 [INFO] WebApp:187 - Connection restablished
2026-06-04 10:57:29,906 [INFO] WebApp:190 - Connection lost
2026-06-04 10:57:31,805 [INFO] WebApp:187 - Connection restablished
2026-06-04 10:57:33,530 [INFO] WebApp:190 - Connection lost
2026-06-04 10:57:34,064 [INFO] WebApp:187 - Connection restablished
2026-06-04 11:15:16,342 [ERROR] LogOutputStream:75 - [STDERR_REDIRECT] 
2026-06-08 20:57:01,591 [INFO] Activator:176 - 


2026-06-08 20:57:01,594 [INFO] Activator:177 - !SESSION log4j initialized
2026-06-08 20:57:04,175 [INFO] LogOutputStream:77 - [STDOUT_REDIRECT] 
2026-06-08 20:57:08,637 [INFO] ApplicationProperties:184 - Using Application install path: /opt/st/stm32cubeide_1.17.0_2/plugins/com.st.stm32cube.common.mx_6.13.0.202411220809
2026-06-08 20:57:08,656 [INFO] DbMcusXml:78 - Set database path to: /opt/st/stm32cubeide_1.17.0_2/plugins/com.st.stm32cube.common.mx_6.13.0.202411220809//db//mcu/
2026-06-08 20:57:08,656 [INFO] ApiDb:274 - Set plugin database path to: /opt/st/stm32cubeide_1.17.0_2/plugins/com.st.stm32cube.common.mx_6.13.0.202411220809//db//plugins/boardmanager/
2026-06-08 20:57:08,657 [WARN] ApiDb:259 - Overriding images path with different value:  => /opt/st/stm32cubeide_1.17.0_2/plugins/com.st.stm32cube.common.mx_6.13.0.202411220809//db//plugins/mcufinder/images/
2026-06-08 20:57:08,664 [INFO] ApiDb:250 - Set database path to: /home/santiago/.stmcufinder/plugins/mcufinder//mcu/
2026-06-08 20:57:08,665 [INFO] DbMcusAds:125 - Set database path to: /home/santiago/.stmcufinder/plugins/mcufinder//mcu/
2026-06-08 20:57:08,667 [INFO] CrossReferenceDbSqlite:203 - Set database path to: /home/santiago/.stmcufinder/plugins/mcufinder//mcu/cs/
2026-06-08 20:57:08,784 [INFO] RulesReader:64 - Compatibility file has been processed (297 Rules)
2026-06-08 20:57:08,940 [INFO] DbMcusXml:78 - Set database path to: /opt/st/stm32cubeide_1.17.0_2/plugins/com.st.stm32cube.common.mx_6.13.0.202411220809//db//mcu/
2026-06-08 20:57:08,940 [INFO] ApiDb:274 - Set plugin database path to: /opt/st/stm32cubeide_1.17.0_2/plugins/com.st.stm32cube.common.mx_6.13.0.202411220809//db//plugins/boardmanager/
2026-06-08 20:57:08,941 [INFO] ApiDb:261 - Set plugin images path to: /opt/st/stm32cubeide_1.17.0_2/plugins/com.st.stm32cube.common.mx_6.13.0.202411220809//db//plugins/mcufinder/images/
2026-06-08 20:57:08,941 [WARN] DbFile:41 - Overriding database path with different value: /home/santiago/.stmcufinder/plugins/mcufinder/ => /home/santiago/.stmcufinder/plugins/mcufinder
2026-06-08 20:57:08,942 [INFO] ApiDb:250 - Set database path to: /home/santiago/.stmcufinder/plugins/mcufinder//mcu/
2026-06-08 20:57:08,942 [WARN] DbFile:41 - Overriding database path with different value: /home/santiago/.stmcufinder/plugins/mcufinder/ => /home/santiago/.stmcufinder/plugins/mcufinder
2026-06-08 20:57:08,943 [INFO] DbMcusAds:125 - Set database path to: /home/santiago/.stmcufinder/plugins/mcufinder//mcu/
2026-06-08 20:57:08,943 [WARN] DbFile:41 - Overriding database path with different value: /home/santiago/.stmcufinder/plugins/mcufinder/ => /home/santiago/.stmcufinder/plugins/mcufinder
2026-06-08 20:57:08,943 [WARN] DbFile:41 - Overriding database path with different value: /home/santiago/.stmcufinder/plugins/mcufinder/ => /home/santiago/.stmcufinder/plugins/mcufinder
2026-06-08 20:57:08,943 [INFO] CrossReferenceDbSqlite:203 - Set database path to: /home/santiago/.stmcufinder/plugins/mcufinder//mcu/cs/
2026-06-08 20:57:09,171 [INFO] MainPanel:272 - HeapMemory: 268435456
2026-06-08 20:57:09,466 [INFO] DbMcusXml:78 - Set database path to: /opt/st/stm32cubeide_1.17.0_2/plugins/com.st.stm32cube.common.mx_6.13.0.202411220809//db//mcu/
2026-06-08 20:57:09,467 [INFO] ApiDb:274 - Set plugin database path to: /opt/st/stm32cubeide_1.17.0_2/plugins/com.st.stm32cube.common.mx_6.13.0.202411220809//db//plugins/boardmanager/
2026-06-08 20:57:09,467 [INFO] ApiDb:261 - Set plugin images path to: /opt/st/stm32cubeide_1.17.0_2/plugins/com.st.stm32cube.common.mx_6.13.0.202411220809//db//plugins/mcufinder/images/
2026-06-08 20:57:09,468 [WARN] DbFile:41 - Overriding database path with different value: /home/santiago/.stmcufinder/plugins/mcufinder/ => /home/santiago/.stmcufinder/plugins/mcufinder
2026-06-08 20:57:09,468 [INFO] ApiDb:250 - Set database path to: /home/santiago/.stmcufinder/plugins/mcufinder//mcu/
2026-06-08 20:57:09,468 [WARN] DbFile:41 - Overriding database path with different value: /home/santiago/.stmcufinder/plugins/mcufinder/ => /home/santiago/.stmcufinder/plugins/mcufinder
2026-06-08 20:57:09,469 [INFO] DbMcusAds:125 - Set database path to: /home/santiago/.stmcufinder/plugins/mcufinder//mcu/
2026-06-08 20:57:09,469 [WARN] DbFile:41 - Overriding database path with different value: /home/santiago/.stmcufinder/plugins/mcufinder/ => /home/santiago/.stmcufinder/plugins/mcufinder
2026-06-08 20:57:09,469 [WARN] DbFile:41 - Overriding database path with different value: /home/santiago/.stmcufinder/plugins/mcufinder/ => /home/santiago/.stmcufinder/plugins/mcufinder
2026-06-08 20:57:09,469 [INFO] CrossReferenceDbSqlite:203 - Set database path to: /home/santiago/.stmcufinder/plugins/mcufinder//mcu/cs/
2026-06-08 20:57:09,501 [INFO] ApplicationProperties:184 - Using Application install path: /opt/st/stm32cubeide_1.17.0_2/plugins/com.st.stm32cube.common.mx_6.13.0.202411220809
2026-06-08 20:57:09,503 [INFO] PluginManage:196 - Search for loadable plugins [exclusion list=, ]
2026-06-08 20:57:09,505 [INFO] PluginManage:310 - Check plugin analytics
2026-06-08 20:57:10,045 [INFO] AnalyticsPlugin:253 - Accepted Software Licenses: 
2026-06-08 20:57:10,046 [INFO] AnalyticsPlugin:255 - Accepted CMSIS Pack Licenses: 
2026-06-08 20:57:10,046 [INFO] AnalyticsPlugin:257 - Accepted Firmware Licenses: FW.F4.1.28.0
2026-06-08 20:57:10,059 [INFO] PluginManage:359 - Loaded plugin analytics (category:tool,tabindex:-1)
2026-06-08 20:57:10,060 [INFO] PluginManage:310 - Check plugin cadmodel
2026-06-08 20:57:10,075 [INFO] CADModel:105 - Init CAD model plugin
2026-06-08 20:57:10,076 [INFO] PluginManage:359 - Loaded plugin cadmodel (category:power,tabindex:5)
2026-06-08 20:57:10,077 [INFO] PluginManage:310 - Check plugin clock
2026-06-08 20:57:10,107 [INFO] PluginManage:359 - Loaded plugin clock (category:base,tabindex:2)
2026-06-08 20:57:10,108 [INFO] PluginManage:310 - Check plugin ddr
2026-06-08 20:57:10,117 [INFO] PluginManage:359 - Loaded plugin ddr (category:tool,tabindex:6)
2026-06-08 20:57:10,118 [INFO] PluginManage:310 - Check plugin filemanager
2026-06-08 20:57:10,403 [INFO] PluginManage:359 - Loaded plugin filemanager (category:base,tabindex:10)
2026-06-08 20:57:10,403 [INFO] PluginManage:310 - Check plugin ipmanager
2026-06-08 20:57:10,408 [INFO] PluginManage:359 - Loaded plugin ipmanager (category:base,tabindex:5)
2026-06-08 20:57:10,409 [INFO] PluginManage:310 - Check plugin lpbam
2026-06-08 20:57:10,417 [INFO] PluginManage:359 - Loaded plugin lpbam (category:base,tabindex:0)
2026-06-08 20:57:10,417 [INFO] PluginManage:310 - Check plugin memorymap
2026-06-08 20:57:10,430 [INFO] PluginManage:359 - Loaded plugin memorymap (category:base,tabindex:4)
2026-06-08 20:57:10,430 [INFO] PluginManage:310 - Check plugin pinoutandconfiguration
2026-06-08 20:57:10,440 [INFO] PluginManage:359 - Loaded plugin pinoutandconfiguration (category:base,tabindex:1)
2026-06-08 20:57:10,440 [INFO] PluginManage:310 - Check plugin pinoutconfig
2026-06-08 20:57:10,597 [WARN] SupportedApi:132 - Cannot load RTOS API schema: s4s-elt-must-match.1: The content of 'definitions' must match (annotation?, (simpleType | complexType)?, (unique | key | keyref)*)). A problem was found starting at: attribute.
2026-06-08 20:57:10,761 [INFO] PluginManage:359 - Loaded plugin pinoutconfig (category:base,tabindex:0)
2026-06-08 20:57:10,761 [INFO] PluginManage:310 - Check plugin power
2026-06-08 20:57:10,771 [INFO] PluginManage:359 - Loaded plugin power (category:power,tabindex:4)
2026-06-08 20:57:10,771 [INFO] PluginManage:310 - Check plugin projectmanager
2026-06-08 20:57:10,788 [INFO] PluginManage:359 - Loaded plugin projectmanager (category:projectmanager,tabindex:4)
2026-06-08 20:57:10,788 [INFO] PluginManage:310 - Check plugin rif
2026-06-08 20:57:10,795 [INFO] PluginManage:359 - Loaded plugin rif (category:base,tabindex:3)
2026-06-08 20:57:10,796 [INFO] PluginManage:310 - Check plugin thirdparty
2026-06-08 20:57:10,908 [WARN] IntegrityCheckThread:84 - waiting for thirdparty lock release [integrity check]
2026-06-08 20:57:10,909 [INFO] PluginManage:359 - Loaded plugin thirdparty (category:base,tabindex:-1)
2026-06-08 20:57:10,909 [INFO] IntegrityCheckThread:86 - entering critical section [integrity check]
2026-06-08 20:57:10,909 [INFO] PluginManage:310 - Check plugin tools
2026-06-08 20:57:10,909 [INFO] ThirdPartyUpdaterWithRetryManager:70 - Updater plugin not ready yet. [1/15]
2026-06-08 20:57:10,911 [INFO] PluginManage:359 - Loaded plugin tools (category:base,tabindex:7)
2026-06-08 20:57:10,911 [INFO] PluginManage:310 - Check plugin tutovideos
2026-06-08 20:57:11,047 [INFO] PluginManage:359 - Loaded plugin tutovideos (category:base,tabindex:-1)
2026-06-08 20:57:11,047 [INFO] PluginManage:310 - Check plugin updater
2026-06-08 20:57:11,064 [INFO] PluginManage:359 - Loaded plugin updater (category:base,tabindex:12)
2026-06-08 20:57:11,064 [INFO] PluginManage:310 - Check plugin userauth
2026-06-08 20:57:11,067 [INFO] UserAuth:118 - Init User Auth plugin
2026-06-08 20:57:11,068 [INFO] PluginManage:359 - Loaded plugin userauth (category:base,tabindex:14)
2026-06-08 20:57:11,069 [INFO] PluginManage:283 - PluginManage : Loaded plugins [18]
2026-06-08 20:57:11,216 [INFO] PinOutPanel:1589 - setPackage(No Configuration,No Configuration)
2026-06-08 20:57:11,273 [INFO] CADModel:165 - CPN selected for project level
2026-06-08 20:57:11,273 [INFO] CADModel:114 - Register for checkConnection events
2026-06-08 20:57:11,283 [INFO] IPUIPlugin:80 - create IPUIPlugin
2026-06-08 20:57:11,283 [INFO] PluginManager:220 - loadIPPluginJar : add ipddr
2026-06-08 20:57:11,285 [INFO] IPUIPlugin:80 - create IPUIPlugin
2026-06-08 20:57:11,285 [INFO] PluginManager:220 - loadIPPluginJar : add gtzc
2026-06-08 20:57:11,288 [INFO] IPUIPlugin:80 - create IPUIPlugin
2026-06-08 20:57:11,288 [INFO] PluginManager:220 - loadIPPluginJar : add usbx
2026-06-08 20:57:11,290 [INFO] IPUIPlugin:80 - create IPUIPlugin
2026-06-08 20:57:11,290 [INFO] PluginManager:220 - loadIPPluginJar : add openamp
2026-06-08 20:57:11,292 [INFO] IPUIPlugin:80 - create IPUIPlugin
2026-06-08 20:57:11,292 [INFO] PluginManager:220 - loadIPPluginJar : add can
2026-06-08 20:57:11,298 [INFO] IPUIPlugin:80 - create IPUIPlugin
2026-06-08 20:57:11,298 [INFO] PluginManager:220 - loadIPPluginJar : add linkedlist
2026-06-08 20:57:11,300 [INFO] IPUIPlugin:80 - create IPUIPlugin
2026-06-08 20:57:11,300 [INFO] PluginManager:220 - loadIPPluginJar : add tim
2026-06-08 20:57:11,305 [INFO] IPUIPlugin:80 - create IPUIPlugin
2026-06-08 20:57:11,305 [INFO] PluginManager:220 - loadIPPluginJar : add fmc
2026-06-08 20:57:11,307 [INFO] IPUIPlugin:80 - create IPUIPlugin
2026-06-08 20:57:11,307 [INFO] PluginManager:220 - loadIPPluginJar : add i2s
2026-06-08 20:57:11,309 [INFO] IPUIPlugin:80 - create IPUIPlugin
2026-06-08 20:57:11,309 [INFO] PluginManager:220 - loadIPPluginJar : add cryp
2026-06-08 20:57:11,313 [INFO] IPUIPlugin:80 - create IPUIPlugin
2026-06-08 20:57:11,314 [INFO] PluginManager:220 - loadIPPluginJar : add stm32_wpan
2026-06-08 20:57:11,316 [INFO] IPUIPlugin:80 - create IPUIPlugin
2026-06-08 20:57:11,316 [INFO] PluginManager:220 - loadIPPluginJar : add i3c
2026-06-08 20:57:11,317 [INFO] IPUIPlugin:80 - create IPUIPlugin
2026-06-08 20:57:11,317 [INFO] PluginManager:220 - loadIPPluginJar : add quadspi
2026-06-08 20:57:11,322 [INFO] IPUIPlugin:80 - create IPUIPlugin
2026-06-08 20:57:11,322 [INFO] PluginManager:220 - loadIPPluginJar : add dma
2026-06-08 20:57:11,323 [INFO] IPUIPlugin:80 - create IPUIPlugin
2026-06-08 20:57:11,323 [INFO] PluginManager:220 - loadIPPluginJar : add ltdc
2026-06-08 20:57:11,326 [INFO] IPUIPlugin:80 - create IPUIPlugin
2026-06-08 20:57:11,326 [INFO] PluginManager:220 - loadIPPluginJar : add nvic
2026-06-08 20:57:11,329 [INFO] IPUIPlugin:80 - create IPUIPlugin
2026-06-08 20:57:11,329 [INFO] PluginManager:220 - loadIPPluginJar : add opamp
2026-06-08 20:57:11,333 [INFO] IPUIPlugin:80 - create IPUIPlugin
2026-06-08 20:57:11,333 [INFO] PluginManager:220 - loadIPPluginJar : add freertos
2026-06-08 20:57:11,335 [INFO] IPUIPlugin:80 - create IPUIPlugin
2026-06-08 20:57:11,335 [INFO] PluginManager:220 - loadIPPluginJar : add hash
2026-06-08 20:57:11,338 [INFO] IPUIPlugin:80 - create IPUIPlugin
2026-06-08 20:57:11,338 [INFO] PluginManager:220 - loadIPPluginJar : add touchsensing
2026-06-08 20:57:11,340 [INFO] IPUIPlugin:80 - create IPUIPlugin
2026-06-08 20:57:11,340 [INFO] PluginManager:220 - loadIPPluginJar : add spi
2026-06-08 20:57:11,342 [INFO] IPUIPlugin:80 - create IPUIPlugin
2026-06-08 20:57:11,342 [INFO] PluginManager:220 - loadIPPluginJar : add comp
2026-06-08 20:57:11,343 [INFO] IPUIPlugin:80 - create IPUIPlugin
2026-06-08 20:57:11,344 [INFO] PluginManager:220 - loadIPPluginJar : add ucpd
2026-06-08 20:57:11,346 [INFO] IPUIPlugin:80 - create IPUIPlugin
2026-06-08 20:57:11,347 [INFO] PluginManager:220 - loadIPPluginJar : add ddr_ctrl_phy
2026-06-08 20:57:11,348 [INFO] IPUIPlugin:80 - create IPUIPlugin
2026-06-08 20:57:11,348 [INFO] PluginManager:220 - loadIPPluginJar : add fatfs
2026-06-08 20:57:11,350 [INFO] IPUIPlugin:80 - create IPUIPlugin
2026-06-08 20:57:11,350 [INFO] PluginManager:220 - loadIPPluginJar : add dma3
2026-06-08 20:57:11,352 [INFO] IPUIPlugin:80 - create IPUIPlugin
2026-06-08 20:57:11,352 [INFO] PluginManager:220 - loadIPPluginJar : add sai
2026-06-08 20:57:11,354 [INFO] IPUIPlugin:80 - create IPUIPlugin
2026-06-08 20:57:11,355 [INFO] PluginManager:220 - loadIPPluginJar : add extmemmanager
2026-06-08 20:57:11,357 [INFO] IPUIPlugin:80 - create IPUIPlugin
2026-06-08 20:57:11,357 [INFO] PluginManager:220 - loadIPPluginJar : add i2c
2026-06-08 20:57:11,358 [INFO] IPUIPlugin:80 - create IPUIPlugin
2026-06-08 20:57:11,359 [INFO] PluginManager:220 - loadIPPluginJar : add tracer_emb
2026-06-08 20:57:11,360 [INFO] IPUIPlugin:80 - create IPUIPlugin
2026-06-08 20:57:11,360 [INFO] PluginManager:220 - loadIPPluginJar : add ts
2026-06-08 20:57:11,363 [INFO] IPUIPlugin:80 - create IPUIPlugin
2026-06-08 20:57:11,363 [INFO] PluginManager:220 - loadIPPluginJar : add resmgrutility
2026-06-08 20:57:11,366 [INFO] IPUIPlugin:80 - create IPUIPlugin
2026-06-08 20:57:11,367 [INFO] PluginManager:220 - loadIPPluginJar : add gic
2026-06-08 20:57:11,369 [INFO] IPUIPlugin:80 - create IPUIPlugin
2026-06-08 20:57:11,369 [INFO] PluginManager:220 - loadIPPluginJar : add usart
2026-06-08 20:57:11,370 [INFO] IPUIPlugin:80 - create IPUIPlugin
2026-06-08 20:57:11,370 [INFO] PluginManager:220 - loadIPPluginJar : add tsc
2026-06-08 20:57:11,371 [INFO] IPUIPlugin:80 - create IPUIPlugin
2026-06-08 20:57:11,371 [INFO] PluginManager:220 - loadIPPluginJar : add gfxmmu
2026-06-08 20:57:11,376 [INFO] IPUIPlugin:80 - create IPUIPlugin
2026-06-08 20:57:11,376 [INFO] PluginManager:220 - loadIPPluginJar : add mdma
2026-06-08 20:57:11,378 [INFO] IPUIPlugin:80 - create IPUIPlugin
2026-06-08 20:57:11,378 [INFO] PluginManager:220 - loadIPPluginJar : add lorawan
2026-06-08 20:57:11,383 [INFO] IPUIPlugin:80 - create IPUIPlugin
2026-06-08 20:57:11,383 [INFO] PluginManager:220 - loadIPPluginJar : add adc
2026-06-08 20:57:11,388 [INFO] IPUIPlugin:80 - create IPUIPlugin
2026-06-08 20:57:11,388 [INFO] PluginManager:220 - loadIPPluginJar : add genericplugin
2026-06-08 20:57:11,391 [INFO] IPUIPlugin:80 - create IPUIPlugin
2026-06-08 20:57:11,391 [INFO] PluginManager:220 - loadIPPluginJar : add pdm2pcm
2026-06-08 20:57:11,392 [INFO] IPUIPlugin:80 - create IPUIPlugin
2026-06-08 20:57:11,393 [INFO] PluginManager:220 - loadIPPluginJar : add radio
2026-06-08 20:57:11,395 [INFO] IPUIPlugin:80 - create IPUIPlugin
2026-06-08 20:57:11,395 [INFO] PluginManager:220 - loadIPPluginJar : add aes
2026-06-08 20:57:11,399 [INFO] IPUIPlugin:80 - create IPUIPlugin
2026-06-08 20:57:11,402 [INFO] PluginManager:220 - loadIPPluginJar : add plateformsettings
2026-06-08 20:57:11,406 [INFO] IPUIPlugin:80 - create IPUIPlugin
2026-06-08 20:57:11,406 [INFO] PluginManager:220 - loadIPPluginJar : add gpio
2026-06-08 20:57:11,408 [INFO] IPUIPlugin:80 - create IPUIPlugin
2026-06-08 20:57:11,408 [INFO] PluginManager:220 - loadIPPluginJar : add dfsdm
2026-06-08 20:57:11,510 [FATAL] Updater:351 - Updater called before beeing initialized
2026-06-08 20:57:11,533 [INFO] RulesReader:64 - Compatibility file has been processed (297 Rules)
2026-06-08 20:57:11,543 [INFO] RulesReader:64 - Compatibility file has been processed (297 Rules)
2026-06-08 20:57:11,548 [INFO] CADModel:165 - CPN selected for project level
2026-06-08 20:57:11,548 [INFO] CADModel:114 - Register for checkConnection events
2026-06-08 20:57:11,548 [FATAL] Updater:351 - Updater called before beeing initialized
2026-06-08 20:57:11,548 [ERROR] CADModel:125 - Updater not yet initialized, retry later 
2026-06-08 20:57:11,653 [FATAL] Updater:351 - Updater called before beeing initialized
2026-06-08 20:57:11,654 [INFO] CADModel:165 - CPN selected for project level
2026-06-08 20:57:11,654 [INFO] CADModel:114 - Register for checkConnection events
2026-06-08 20:57:11,654 [FATAL] Updater:351 - Updater called before beeing initialized
2026-06-08 20:57:11,654 [ERROR] CADModel:125 - Updater not yet initialized, retry later 
2026-06-08 20:57:11,657 [FATAL] Updater:351 - Updater called before beeing initialized
2026-06-08 20:57:11,718 [FATAL] Updater:351 - Updater called before beeing initialized
2026-06-08 20:57:11,722 [INFO] DbMcusAds:53 - JSON generation date=Thu May 28 11:08:17 COT 2026 (1779984497073)
2026-06-08 20:57:11,722 [FATAL] Updater:351 - Updater called before beeing initialized
2026-06-08 20:57:11,751 [WARN] DetailPanel:346 - Failed to get advertising image, set to default
2026-06-08 20:57:11,982 [FATAL] Updater:351 - Updater called before beeing initialized
2026-06-08 20:57:11,984 [FATAL] Updater:351 - Updater called before beeing initialized
2026-06-08 20:57:11,984 [FATAL] Updater:351 - Updater called before beeing initialized
2026-06-08 20:57:11,984 [WARN] DetailPanel:346 - Failed to get advertising image, set to default
2026-06-08 20:57:11,985 [FATAL] Updater:351 - Updater called before beeing initialized
2026-06-08 20:57:12,011 [ERROR] Updater:1198 - MainUpdater not yet initialized. External WinMGr cannot be set.
2026-06-08 20:57:12,012 [INFO] Updater:1134 - Updater Version found : 6.13.0
2026-06-08 20:57:12,025 [INFO] ApplicationProperties:184 - Using Application install path: /opt/st/stm32cubeide_1.17.0_2/plugins/com.st.stm32cube.common.mx_6.13.0.202411220809
2026-06-08 20:57:12,283 [INFO] MainUpdater:2872 - connection check result : 10
2026-06-08 20:57:12,284 [INFO] MainUpdater:289 - Updater Check For Update Now.
2026-06-08 20:57:12,285 [INFO] MicroXplorer:498 - Change Database Version : DB.6.0.130
2026-06-08 20:57:12,290 [INFO] McuFinderGlobals:63 - Set McuFinder mode to 2 (CubeIDE integrated)
2026-06-08 20:57:12,290 [INFO] UserAuth:486 - Internet connection configuration mode: 1
2026-06-08 20:57:12,305 [INFO] JxBrowserEngine:152 - Initiate JxBrowser Engine with user profile folder
2026-06-08 20:57:12,474 [INFO] CheckServerUpdateThread:120 - End of CheckServer Thread
2026-06-08 20:57:12,981 [INFO] WebApp:168 - Instantiating new browser for Auth
2026-06-08 20:57:13,728 [INFO] WebApp:449 - Apply proxy settings
2026-06-08 20:57:13,729 [INFO] WebApp:534 - Chromium requires no authentication
2026-06-08 20:57:13,734 [INFO] WebApp:477 - Direct internet connection detected
2026-06-08 20:57:13,749 [INFO] WebApp:880 - Register for checkConnection events
2026-06-08 20:57:13,750 [INFO] WebApp:449 - Apply proxy settings
2026-06-08 20:57:13,750 [INFO] WebApp:534 - Chromium requires no authentication
2026-06-08 20:57:13,750 [INFO] WebApp:477 - Direct internet connection detected
2026-06-08 20:57:14,184 [INFO] WebApp:221 - Starting web application
2026-06-08 20:57:14,184 [INFO] WebApp:579 - Web application path used /opt/st/stm32cubeide_1.17.0_2/plugins/com.st.stm32cube.common.mx_6.13.0.202411220809/db/plugins/mcufinder/reactClient1/index.html
2026-06-08 20:57:14,230 [INFO] WebApp:187 - Connection restablished
2026-06-08 20:57:14,656 [INFO] UserAuth:486 - Internet connection configuration mode: 1
2026-06-08 20:57:14,711 [WARN] PackLoader:240 - Cannot read IP mode file for STMicroelectronics.X-CUBE-AZRTOS-H7.3.5.0
2026-06-08 20:57:14,756 [WARN] PackLoader:240 - Cannot read IP mode file for STMicroelectronics.FP-SNS-MOTENVWB1.1.4.0
2026-06-08 20:57:14,782 [ERROR] Engine:466 - /home/santiago/.stm32cubemx/thirdparties/pdsc/STMicroelectronics.X-CUBE-SMBUS.2.1.1.pdsc: PDSC version is not supported
2026-06-08 20:57:14,797 [WARN] PackLoader:240 - Cannot read IP mode file for STMicroelectronics.X-CUBE-SMBUS.2.1.0
2026-06-08 20:57:14,913 [WARN] PackLoader:240 - Cannot read IP mode file for STMicroelectronics.X-CUBE-AZRTOS-F7.1.1.0
2026-06-08 20:57:14,950 [ERROR] Engine:466 - /home/santiago/.stm32cubemx/thirdparties/pdsc/WES.I-CUBE-Cesium.1.4.0.pdsc: PDSC version is not supported
2026-06-08 20:57:14,972 [WARN] PackLoader:240 - Cannot read IP mode file for STMicroelectronics.X-CUBE-DISPLAY.3.0.0
2026-06-08 20:57:15,015 [WARN] PackLoader:240 - Cannot read IP mode file for STMicroelectronics.X-CUBE-GNSS1.7.1.1
2026-06-08 20:57:15,035 [ERROR] Engine:466 - /home/santiago/.stm32cubemx/thirdparties/pdsc/STMicroelectronics.FP-SNS-MOTENVWB1.1.5.0.pdsc: PDSC version is not supported
2026-06-08 20:57:15,051 [WARN] PackLoader:240 - Cannot read IP mode file for wolfSSL.I-CUBE-wolfSSL.5.9.1
2026-06-08 20:57:15,083 [WARN] PackLoader:240 - Cannot read IP mode file for STMicroelectronics.X-CUBE-NFC10.1.0.0
2026-06-08 20:57:15,120 [WARN] PackLoader:240 - Cannot read IP mode file for STMicroelectronics.X-CUBE-ST60.1.1.0
2026-06-08 20:57:15,152 [WARN] PackLoader:240 - Cannot read IP mode file for emotas.I-CUBE-CANOPEN.1.3.0
2026-06-08 20:57:15,170 [WARN] PackLoader:240 - Cannot read IP mode file for STMicroelectronics.FP-SNS-SMARTAG2.1.2.0
2026-06-08 20:57:15,223 [INFO] LogOutputStream:77 - [STDOUT_REDIRECT] 1 : Invalid condition id : UX_CORESTACK_Condition cause : null
2026-06-08 20:57:15,226 [INFO] LogOutputStream:77 - [STDOUT_REDIRECT] 1 : Invalid condition id : UX_CORESTACK_Condition cause : null
2026-06-08 20:57:15,227 [INFO] LogOutputStream:77 - [STDOUT_REDIRECT] 1 : Invalid condition id : UX_CORESTACK_Condition cause : null
2026-06-08 20:57:15,227 [INFO] LogOutputStream:77 - [STDOUT_REDIRECT] 1 : Invalid condition id : UX_CORESTACK_Condition cause : null
2026-06-08 20:57:15,228 [INFO] LogOutputStream:77 - [STDOUT_REDIRECT] 1 : Invalid condition id : UX_CORESTACK_Condition cause : null
2026-06-08 20:57:15,247 [WARN] PackLoader:240 - Cannot read IP mode file for STMicroelectronics.X-CUBE-AZRTOS-WL.2.0.0
2026-06-08 20:57:15,335 [WARN] PackLoader:240 - Cannot read IP mode file for STMicroelectronics.X-CUBE-AZRTOS-H7RS.1.2.0
2026-06-08 20:57:15,350 [WARN] PackLoader:240 - Cannot read IP mode file for STMicroelectronics.X-CUBE-BLE2.3.3.0
2026-06-08 20:57:15,402 [WARN] PackLoader:240 - Cannot read IP mode file for Infineon.AIROC-Wi-Fi-Bluetooth-STM32.1.8.0
2026-06-08 20:57:15,418 [WARN] PackLoader:240 - Cannot read IP mode file for STMicroelectronics.X-CUBE-NFC9.1.0.0
2026-06-08 20:57:15,426 [WARN] PackLoader:240 - Cannot read IP mode file for wolfSSL.I-CUBE-wolfMQTT.1.19.2
2026-06-08 20:57:15,431 [ERROR] Engine:466 - /home/santiago/.stm32cubemx/thirdparties/pdsc/STMicroelectronics.FP-SNS-STAIOTCFT.1.1.0.pdsc: PDSC version is not supported
2026-06-08 20:57:15,463 [WARN] PackLoader:240 - Cannot read IP mode file for STMicroelectronics.X-CUBE-AZRTOS-G0.1.1.0
2026-06-08 20:57:15,475 [WARN] PackLoader:240 - Cannot read IP mode file for STMicroelectronics.X-CUBE-NFC4.3.0.0
2026-06-08 20:57:15,489 [WARN] PackLoader:240 - Cannot read IP mode file for EmbeddedOffice.I-CUBE-FS-RTOS.1.0.1
2026-06-08 20:57:15,494 [WARN] PackLoader:240 - Cannot read IP mode file for wolfSSL.I-CUBE-wolfTPM.3.8.0
2026-06-08 20:57:15,504 [WARN] PackLoader:240 - Cannot read IP mode file for STMicroelectronics.X-CUBE-TCPP.4.2.0
2026-06-08 20:57:15,513 [WARN] PackLoader:240 - Cannot read IP mode file for RealThread.X-CUBE-RT-Thread_Nano.4.1.1
2026-06-08 20:57:15,520 [WARN] PackLoader:240 - Cannot read IP mode file for STMicroelectronics.FP-ATR-SIGFOX1.3.2.0
2026-06-08 20:57:15,527 [ERROR] Engine:466 - /home/santiago/.stm32cubemx/thirdparties/pdsc/STMicroelectronics.X-CUBE-FREERTOS.1.5.0.pdsc: PDSC version is not supported
2026-06-08 20:57:15,539 [WARN] PackLoader:240 - Cannot read IP mode file for ITTIA_DB.I-CUBE-ITTIADB.8.9.0
2026-06-08 20:57:15,590 [WARN] PackLoader:240 - Cannot read IP mode file for Cesanta.I-CUBE-Mongoose.7.21.7
2026-06-08 20:57:15,637 [WARN] PackLoader:240 - Cannot read IP mode file for STMicroelectronics.X-CUBE-NFC6.3.2.0
2026-06-08 20:57:15,904 [WARN] PackLoader:240 - Cannot read IP mode file for STMicroelectronics.X-CUBE-MEMS1.12.1.0
2026-06-08 20:57:16,176 [WARN] PackLoader:240 - Cannot read IP mode file for SEGGER.I-CUBE-embOS.1.3.1
2026-06-08 20:57:16,251 [WARN] PackLoader:240 - Cannot read IP mode file for STMicroelectronics.X-CUBE-ALGOBUILD.1.4.0
2026-06-08 20:57:16,261 [WARN] PackLoader:240 - Cannot read IP mode file for STMicroelectronics.X-CUBE-PM33A1.1.0.0
2026-06-08 20:57:16,284 [WARN] PackLoader:240 - Cannot read IP mode file for STMicroelectronics.X-CUBE-AZRTOS-F4.1.1.0
2026-06-08 20:57:16,294 [WARN] PackLoader:240 - Cannot read IP mode file for STMicroelectronics.X-CUBE-ISPU.2.1.0
2026-06-08 20:57:16,301 [ERROR] Engine:466 - /home/santiago/.stm32cubemx/thirdparties/pdsc/STMicroelectronics.X-CUBE-IPS.3.2.0.pdsc: PDSC version is not supported
2026-06-08 20:57:16,303 [WARN] PackLoader:240 - Cannot read IP mode file for STMicroelectronics.eDS-WB_DPC_TT-BIDIR.2.1.1
2026-06-08 20:57:16,314 [WARN] PackLoader:240 - Cannot read IP mode file for STMicroelectronics.X-CUBE-NFC12.1.0.0
2026-06-08 20:57:16,337 [WARN] PackLoader:240 - Cannot read IP mode file for STMicroelectronics.X-CUBE-AZRTOS-L5.2.0.0
2026-06-08 20:57:16,348 [WARN] PackLoader:240 - Cannot read IP mode file for STMicroelectronics.X-CUBE-ALGOBUILD.1.5.0
2026-06-08 20:57:16,351 [WARN] PackLoader:240 - Cannot read IP mode file for STMicroelectronics.eDS-WB_DPC_VIENNA.1.2.0
2026-06-08 20:57:16,353 [WARN] PackLoader:240 - Cannot read IP mode file for STMicroelectronics.eDS-WB_DPC_3PH2L-BIDIR.1.1.1
2026-06-08 20:57:16,359 [ERROR] Engine:466 - /home/santiago/.stm32cubemx/thirdparties/pdsc/STMicroelectronics.X-CUBE-ST67W61.1.3.0.pdsc: PDSC version is not supported
2026-06-08 20:57:16,363 [WARN] PackLoader:240 - Cannot read IP mode file for STMicroelectronics.X-CUBE-TOUCHGFX.4.26.1
2026-06-08 20:57:16,366 [WARN] PackLoader:240 - Cannot read IP mode file for STMicroelectronics.FP-SNS-STAIOTCFT.1.0.0
2026-06-08 20:57:16,394 [WARN] ConditionMgr:438 - getConditionDescription Invalid condition id : LAN8742 Phy interface Condition cause : null
2026-06-08 20:57:16,395 [WARN] PackLoader:240 - Cannot read IP mode file for STMicroelectronics.X-CUBE-AZRTOS-L4.2.0.0
2026-06-08 20:57:16,397 [WARN] ConditionMgr:1044 - genDependencies : Invalid condition id : LAN8742 Phy interface Condition cause : null
2026-06-08 20:57:16,398 [WARN] ConditionMgr:1044 - genDependencies : Invalid condition id : LAN8742 Phy interface Condition cause : null
2026-06-08 20:57:16,398 [WARN] ConditionMgr:1044 - genDependencies : Invalid condition id : LAN8742 Phy interface Condition cause : null
2026-06-08 20:57:16,408 [WARN] PackLoader:240 - Cannot read IP mode file for STMicroelectronics.X-CUBE-SFXS2LP1.4.0.0
2026-06-08 20:57:16,414 [WARN] PackLoader:240 - Cannot read IP mode file for STMicroelectronics.X-CUBE-WB05N.2.1.0
2026-06-08 20:57:16,429 [WARN] ConditionMgr:438 - getConditionDescription Invalid condition id : UX DEVICE CLASS RTOS Condition cause : null
2026-06-08 20:57:16,430 [WARN] ConditionMgr:438 - getConditionDescription Invalid condition id : UX DEVICE CLASS RTOS Condition cause : null
2026-06-08 20:57:16,432 [WARN] PackLoader:240 - Cannot read IP mode file for STMicroelectronics.X-CUBE-AZRTOS-WB.2.0.0
2026-06-08 20:57:16,433 [WARN] ConditionMgr:1044 - genDependencies : Invalid condition id : UX DEVICE CLASS RTOS Condition cause : null
2026-06-08 20:57:16,433 [WARN] ConditionMgr:1044 - genDependencies : Invalid condition id : UX DEVICE CLASS RTOS Condition cause : null
2026-06-08 20:57:16,433 [WARN] ConditionMgr:1044 - genDependencies : Invalid condition id : UX DEVICE CLASS RTOS Condition cause : null
2026-06-08 20:57:16,433 [WARN] ConditionMgr:1044 - genDependencies : Invalid condition id : UX DEVICE CLASS RTOS Condition cause : null
2026-06-08 20:57:16,433 [WARN] ConditionMgr:1044 - genDependencies : Invalid condition id : UX DEVICE CLASS RTOS Condition cause : null
2026-06-08 20:57:16,437 [WARN] ConditionMgr:438 - getConditionDescription Invalid condition id : Cortex-A Device cause : null
2026-06-08 20:57:16,446 [WARN] ConditionMgr:1044 - genDependencies : Invalid condition id : Cortex-A Device cause : null
2026-06-08 20:57:16,446 [WARN] ConditionMgr:1044 - genDependencies : Invalid condition id : Cortex-A Device cause : null
2026-06-08 20:57:16,446 [WARN] ConditionMgr:1044 - genDependencies : Invalid condition id : Cortex-A Device cause : null
2026-06-08 20:57:16,457 [WARN] PackLoader:240 - Cannot read IP mode file for STMicroelectronics.X-CUBE-STSE01.2.0.0
2026-06-08 20:57:16,469 [WARN] PackLoader:240 - Cannot read IP mode file for STMicroelectronics.X-CUBE-SUBG2.5.0.0
2026-06-08 20:57:16,492 [WARN] PackLoader:240 - Cannot read IP mode file for STMicroelectronics.X-CUBE-AZRTOS-G4.2.0.0
2026-06-08 20:57:16,496 [WARN] PackLoader:240 - Cannot read IP mode file for wolfSSL.I-CUBE-wolfSSH.1.4.20
2026-06-08 20:57:16,517 [WARN] PackLoader:240 - Cannot read IP mode file for STMicroelectronics.X-CUBE-NFC7.2.0.0
2026-06-08 20:57:16,525 [WARN] PackLoader:240 - Cannot read IP mode file for STMicroelectronics.X-CUBE-ALS.1.0.2
2026-06-08 20:57:16,536 [WARN] PackLoader:240 - Cannot read IP mode file for STMicroelectronics.X-CUBE-TOF1.3.4.3
2026-06-08 20:57:16,551 [INFO] ThirdParty:978 - Integrity check success = true
2026-06-08 20:57:16,552 [INFO] IntegrityCheckThread:100 - exiting critical section [integrity check]
2026-06-08 20:57:16,552 [INFO] IntegrityCheckThread:103 - End integrity checks thread
2026-06-08 20:58:57,706 [ERROR] LogOutputStream:75 - [STDERR_REDIRECT] 
2026-06-08 20:59:14,000 [INFO] Activator:176 - 


2026-06-08 20:59:14,002 [INFO] Activator:177 - !SESSION log4j initialized
2026-06-08 20:59:17,204 [INFO] LogOutputStream:77 - [STDOUT_REDIRECT] 
2026-06-08 20:59:21,438 [INFO] ApplicationProperties:184 - Using Application install path: /opt/st/stm32cubeide_1.17.0_2/plugins/com.st.stm32cube.common.mx_6.13.0.202411220809
2026-06-08 20:59:21,453 [INFO] DbMcusXml:78 - Set database path to: /opt/st/stm32cubeide_1.17.0_2/plugins/com.st.stm32cube.common.mx_6.13.0.202411220809//db//mcu/
2026-06-08 20:59:21,454 [INFO] ApiDb:274 - Set plugin database path to: /opt/st/stm32cubeide_1.17.0_2/plugins/com.st.stm32cube.common.mx_6.13.0.202411220809//db//plugins/boardmanager/
2026-06-08 20:59:21,454 [WARN] ApiDb:259 - Overriding images path with different value:  => /opt/st/stm32cubeide_1.17.0_2/plugins/com.st.stm32cube.common.mx_6.13.0.202411220809//db//plugins/mcufinder/images/
2026-06-08 20:59:21,461 [INFO] ApiDb:250 - Set database path to: /home/santiago/.stmcufinder/plugins/mcufinder//mcu/
2026-06-08 20:59:21,462 [INFO] DbMcusAds:125 - Set database path to: /home/santiago/.stmcufinder/plugins/mcufinder//mcu/
2026-06-08 20:59:21,464 [INFO] CrossReferenceDbSqlite:203 - Set database path to: /home/santiago/.stmcufinder/plugins/mcufinder//mcu/cs/
2026-06-08 20:59:21,570 [INFO] RulesReader:64 - Compatibility file has been processed (297 Rules)
2026-06-08 20:59:21,630 [INFO] DbMcusXml:78 - Set database path to: /opt/st/stm32cubeide_1.17.0_2/plugins/com.st.stm32cube.common.mx_6.13.0.202411220809//db//mcu/
2026-06-08 20:59:21,630 [INFO] ApiDb:274 - Set plugin database path to: /opt/st/stm32cubeide_1.17.0_2/plugins/com.st.stm32cube.common.mx_6.13.0.202411220809//db//plugins/boardmanager/
2026-06-08 20:59:21,630 [INFO] ApiDb:261 - Set plugin images path to: /opt/st/stm32cubeide_1.17.0_2/plugins/com.st.stm32cube.common.mx_6.13.0.202411220809//db//plugins/mcufinder/images/
2026-06-08 20:59:21,630 [WARN] DbFile:41 - Overriding database path with different value: /home/santiago/.stmcufinder/plugins/mcufinder/ => /home/santiago/.stmcufinder/plugins/mcufinder
2026-06-08 20:59:21,631 [INFO] ApiDb:250 - Set database path to: /home/santiago/.stmcufinder/plugins/mcufinder//mcu/
2026-06-08 20:59:21,631 [WARN] DbFile:41 - Overriding database path with different value: /home/santiago/.stmcufinder/plugins/mcufinder/ => /home/santiago/.stmcufinder/plugins/mcufinder
2026-06-08 20:59:21,631 [INFO] DbMcusAds:125 - Set database path to: /home/santiago/.stmcufinder/plugins/mcufinder//mcu/
2026-06-08 20:59:21,631 [WARN] DbFile:41 - Overriding database path with different value: /home/santiago/.stmcufinder/plugins/mcufinder/ => /home/santiago/.stmcufinder/plugins/mcufinder
2026-06-08 20:59:21,631 [WARN] DbFile:41 - Overriding database path with different value: /home/santiago/.stmcufinder/plugins/mcufinder/ => /home/santiago/.stmcufinder/plugins/mcufinder
2026-06-08 20:59:21,631 [INFO] CrossReferenceDbSqlite:203 - Set database path to: /home/santiago/.stmcufinder/plugins/mcufinder//mcu/cs/
2026-06-08 20:59:21,704 [INFO] MainPanel:272 - HeapMemory: 268435456
2026-06-08 20:59:22,240 [INFO] DbMcusXml:78 - Set database path to: /opt/st/stm32cubeide_1.17.0_2/plugins/com.st.stm32cube.common.mx_6.13.0.202411220809//db//mcu/
2026-06-08 20:59:22,241 [INFO] ApiDb:274 - Set plugin database path to: /opt/st/stm32cubeide_1.17.0_2/plugins/com.st.stm32cube.common.mx_6.13.0.202411220809//db//plugins/boardmanager/
2026-06-08 20:59:22,242 [INFO] ApiDb:261 - Set plugin images path to: /opt/st/stm32cubeide_1.17.0_2/plugins/com.st.stm32cube.common.mx_6.13.0.202411220809//db//plugins/mcufinder/images/
2026-06-08 20:59:22,243 [WARN] DbFile:41 - Overriding database path with different value: /home/santiago/.stmcufinder/plugins/mcufinder/ => /home/santiago/.stmcufinder/plugins/mcufinder
2026-06-08 20:59:22,243 [INFO] ApiDb:250 - Set database path to: /home/santiago/.stmcufinder/plugins/mcufinder//mcu/
2026-06-08 20:59:22,243 [WARN] DbFile:41 - Overriding database path with different value: /home/santiago/.stmcufinder/plugins/mcufinder/ => /home/santiago/.stmcufinder/plugins/mcufinder
2026-06-08 20:59:22,244 [INFO] DbMcusAds:125 - Set database path to: /home/santiago/.stmcufinder/plugins/mcufinder//mcu/
2026-06-08 20:59:22,244 [WARN] DbFile:41 - Overriding database path with different value: /home/santiago/.stmcufinder/plugins/mcufinder/ => /home/santiago/.stmcufinder/plugins/mcufinder
2026-06-08 20:59:22,245 [WARN] DbFile:41 - Overriding database path with different value: /home/santiago/.stmcufinder/plugins/mcufinder/ => /home/santiago/.stmcufinder/plugins/mcufinder
2026-06-08 20:59:22,245 [INFO] CrossReferenceDbSqlite:203 - Set database path to: /home/santiago/.stmcufinder/plugins/mcufinder//mcu/cs/
2026-06-08 20:59:22,324 [INFO] ApplicationProperties:184 - Using Application install path: /opt/st/stm32cubeide_1.17.0_2/plugins/com.st.stm32cube.common.mx_6.13.0.202411220809
2026-06-08 20:59:22,331 [INFO] PluginManage:196 - Search for loadable plugins [exclusion list=, ]
2026-06-08 20:59:22,335 [INFO] PluginManage:310 - Check plugin analytics
2026-06-08 20:59:22,988 [INFO] AnalyticsPlugin:253 - Accepted Software Licenses: 
2026-06-08 20:59:22,989 [INFO] AnalyticsPlugin:255 - Accepted CMSIS Pack Licenses: 
2026-06-08 20:59:22,990 [INFO] AnalyticsPlugin:257 - Accepted Firmware Licenses: FW.F4.1.28.0
2026-06-08 20:59:23,001 [INFO] PluginManage:359 - Loaded plugin analytics (category:tool,tabindex:-1)
2026-06-08 20:59:23,001 [INFO] PluginManage:310 - Check plugin cadmodel
2026-06-08 20:59:23,017 [INFO] CADModel:105 - Init CAD model plugin
2026-06-08 20:59:23,018 [INFO] PluginManage:359 - Loaded plugin cadmodel (category:power,tabindex:5)
2026-06-08 20:59:23,020 [INFO] PluginManage:310 - Check plugin clock
2026-06-08 20:59:23,055 [INFO] PluginManage:359 - Loaded plugin clock (category:base,tabindex:2)
2026-06-08 20:59:23,057 [INFO] PluginManage:310 - Check plugin ddr
2026-06-08 20:59:23,065 [INFO] PluginManage:359 - Loaded plugin ddr (category:tool,tabindex:6)
2026-06-08 20:59:23,067 [INFO] PluginManage:310 - Check plugin filemanager
2026-06-08 20:59:23,337 [INFO] PluginManage:359 - Loaded plugin filemanager (category:base,tabindex:10)
2026-06-08 20:59:23,338 [INFO] PluginManage:310 - Check plugin ipmanager
2026-06-08 20:59:23,347 [INFO] PluginManage:359 - Loaded plugin ipmanager (category:base,tabindex:5)
2026-06-08 20:59:23,347 [INFO] PluginManage:310 - Check plugin lpbam
2026-06-08 20:59:23,355 [INFO] PluginManage:359 - Loaded plugin lpbam (category:base,tabindex:0)
2026-06-08 20:59:23,356 [INFO] PluginManage:310 - Check plugin memorymap
2026-06-08 20:59:23,366 [INFO] PluginManage:359 - Loaded plugin memorymap (category:base,tabindex:4)
2026-06-08 20:59:23,366 [INFO] PluginManage:310 - Check plugin pinoutandconfiguration
2026-06-08 20:59:23,374 [INFO] PluginManage:359 - Loaded plugin pinoutandconfiguration (category:base,tabindex:1)
2026-06-08 20:59:23,374 [INFO] PluginManage:310 - Check plugin pinoutconfig
2026-06-08 20:59:23,446 [WARN] SupportedApi:132 - Cannot load RTOS API schema: s4s-elt-must-match.1: The content of 'definitions' must match (annotation?, (simpleType | complexType)?, (unique | key | keyref)*)). A problem was found starting at: attribute.
2026-06-08 20:59:23,559 [INFO] PluginManage:359 - Loaded plugin pinoutconfig (category:base,tabindex:0)
2026-06-08 20:59:23,559 [INFO] PluginManage:310 - Check plugin power
2026-06-08 20:59:23,568 [INFO] PluginManage:359 - Loaded plugin power (category:power,tabindex:4)
2026-06-08 20:59:23,568 [INFO] PluginManage:310 - Check plugin projectmanager
2026-06-08 20:59:23,581 [INFO] PluginManage:359 - Loaded plugin projectmanager (category:projectmanager,tabindex:4)
2026-06-08 20:59:23,581 [INFO] PluginManage:310 - Check plugin rif
2026-06-08 20:59:23,587 [INFO] PluginManage:359 - Loaded plugin rif (category:base,tabindex:3)
2026-06-08 20:59:23,587 [INFO] PluginManage:310 - Check plugin thirdparty
2026-06-08 20:59:23,689 [INFO] PluginManage:359 - Loaded plugin thirdparty (category:base,tabindex:-1)
2026-06-08 20:59:23,689 [WARN] IntegrityCheckThread:84 - waiting for thirdparty lock release [integrity check]
2026-06-08 20:59:23,689 [INFO] PluginManage:310 - Check plugin tools
2026-06-08 20:59:23,689 [INFO] IntegrityCheckThread:86 - entering critical section [integrity check]
2026-06-08 20:59:23,690 [INFO] ThirdPartyUpdaterWithRetryManager:70 - Updater plugin not ready yet. [1/15]
2026-06-08 20:59:23,691 [INFO] PluginManage:359 - Loaded plugin tools (category:base,tabindex:7)
2026-06-08 20:59:23,691 [INFO] PluginManage:310 - Check plugin tutovideos
2026-06-08 20:59:23,833 [INFO] PluginManage:359 - Loaded plugin tutovideos (category:base,tabindex:-1)
2026-06-08 20:59:23,833 [INFO] PluginManage:310 - Check plugin updater
2026-06-08 20:59:23,856 [INFO] PluginManage:359 - Loaded plugin updater (category:base,tabindex:12)
2026-06-08 20:59:23,856 [INFO] PluginManage:310 - Check plugin userauth
2026-06-08 20:59:23,859 [INFO] UserAuth:118 - Init User Auth plugin
2026-06-08 20:59:23,860 [INFO] PluginManage:359 - Loaded plugin userauth (category:base,tabindex:14)
2026-06-08 20:59:23,861 [INFO] PluginManage:283 - PluginManage : Loaded plugins [18]
2026-06-08 20:59:24,014 [INFO] PinOutPanel:1589 - setPackage(No Configuration,No Configuration)
2026-06-08 20:59:24,066 [INFO] CADModel:165 - CPN selected for project level
2026-06-08 20:59:24,066 [INFO] CADModel:114 - Register for checkConnection events
2026-06-08 20:59:24,075 [INFO] IPUIPlugin:80 - create IPUIPlugin
2026-06-08 20:59:24,076 [INFO] PluginManager:220 - loadIPPluginJar : add ipddr
2026-06-08 20:59:24,077 [INFO] IPUIPlugin:80 - create IPUIPlugin
2026-06-08 20:59:24,078 [INFO] PluginManager:220 - loadIPPluginJar : add gtzc
2026-06-08 20:59:24,080 [INFO] IPUIPlugin:80 - create IPUIPlugin
2026-06-08 20:59:24,080 [INFO] PluginManager:220 - loadIPPluginJar : add usbx
2026-06-08 20:59:24,082 [INFO] IPUIPlugin:80 - create IPUIPlugin
2026-06-08 20:59:24,082 [INFO] PluginManager:220 - loadIPPluginJar : add openamp
2026-06-08 20:59:24,084 [INFO] IPUIPlugin:80 - create IPUIPlugin
2026-06-08 20:59:24,084 [INFO] PluginManager:220 - loadIPPluginJar : add can
2026-06-08 20:59:24,089 [INFO] IPUIPlugin:80 - create IPUIPlugin
2026-06-08 20:59:24,089 [INFO] PluginManager:220 - loadIPPluginJar : add linkedlist
2026-06-08 20:59:24,090 [INFO] IPUIPlugin:80 - create IPUIPlugin
2026-06-08 20:59:24,091 [INFO] PluginManager:220 - loadIPPluginJar : add tim
2026-06-08 20:59:24,095 [INFO] IPUIPlugin:80 - create IPUIPlugin
2026-06-08 20:59:24,095 [INFO] PluginManager:220 - loadIPPluginJar : add fmc
2026-06-08 20:59:24,097 [INFO] IPUIPlugin:80 - create IPUIPlugin
2026-06-08 20:59:24,097 [INFO] PluginManager:220 - loadIPPluginJar : add i2s
2026-06-08 20:59:24,098 [INFO] IPUIPlugin:80 - create IPUIPlugin
2026-06-08 20:59:24,099 [INFO] PluginManager:220 - loadIPPluginJar : add cryp
2026-06-08 20:59:24,103 [INFO] IPUIPlugin:80 - create IPUIPlugin
2026-06-08 20:59:24,103 [INFO] PluginManager:220 - loadIPPluginJar : add stm32_wpan
2026-06-08 20:59:24,105 [INFO] IPUIPlugin:80 - create IPUIPlugin
2026-06-08 20:59:24,105 [INFO] PluginManager:220 - loadIPPluginJar : add i3c
2026-06-08 20:59:24,106 [INFO] IPUIPlugin:80 - create IPUIPlugin
2026-06-08 20:59:24,106 [INFO] PluginManager:220 - loadIPPluginJar : add quadspi
2026-06-08 20:59:24,110 [INFO] IPUIPlugin:80 - create IPUIPlugin
2026-06-08 20:59:24,111 [INFO] PluginManager:220 - loadIPPluginJar : add dma
2026-06-08 20:59:24,112 [INFO] IPUIPlugin:80 - create IPUIPlugin
2026-06-08 20:59:24,112 [INFO] PluginManager:220 - loadIPPluginJar : add ltdc
2026-06-08 20:59:24,114 [INFO] IPUIPlugin:80 - create IPUIPlugin
2026-06-08 20:59:24,115 [INFO] PluginManager:220 - loadIPPluginJar : add nvic
2026-06-08 20:59:24,116 [INFO] IPUIPlugin:80 - create IPUIPlugin
2026-06-08 20:59:24,117 [INFO] PluginManager:220 - loadIPPluginJar : add opamp
2026-06-08 20:59:24,121 [INFO] IPUIPlugin:80 - create IPUIPlugin
2026-06-08 20:59:24,121 [INFO] PluginManager:220 - loadIPPluginJar : add freertos
2026-06-08 20:59:24,122 [INFO] IPUIPlugin:80 - create IPUIPlugin
2026-06-08 20:59:24,122 [INFO] PluginManager:220 - loadIPPluginJar : add hash
2026-06-08 20:59:24,125 [INFO] IPUIPlugin:80 - create IPUIPlugin
2026-06-08 20:59:24,125 [INFO] PluginManager:220 - loadIPPluginJar : add touchsensing
2026-06-08 20:59:24,127 [INFO] IPUIPlugin:80 - create IPUIPlugin
2026-06-08 20:59:24,127 [INFO] PluginManager:220 - loadIPPluginJar : add spi
2026-06-08 20:59:24,128 [INFO] IPUIPlugin:80 - create IPUIPlugin
2026-06-08 20:59:24,128 [INFO] PluginManager:220 - loadIPPluginJar : add comp
2026-06-08 20:59:24,130 [INFO] IPUIPlugin:80 - create IPUIPlugin
2026-06-08 20:59:24,130 [INFO] PluginManager:220 - loadIPPluginJar : add ucpd
2026-06-08 20:59:24,132 [INFO] IPUIPlugin:80 - create IPUIPlugin
2026-06-08 20:59:24,132 [INFO] PluginManager:220 - loadIPPluginJar : add ddr_ctrl_phy
2026-06-08 20:59:24,134 [INFO] IPUIPlugin:80 - create IPUIPlugin
2026-06-08 20:59:24,134 [INFO] PluginManager:220 - loadIPPluginJar : add fatfs
2026-06-08 20:59:24,135 [INFO] IPUIPlugin:80 - create IPUIPlugin
2026-06-08 20:59:24,135 [INFO] PluginManager:220 - loadIPPluginJar : add dma3
2026-06-08 20:59:24,137 [INFO] IPUIPlugin:80 - create IPUIPlugin
2026-06-08 20:59:24,137 [INFO] PluginManager:220 - loadIPPluginJar : add sai
2026-06-08 20:59:24,139 [INFO] IPUIPlugin:80 - create IPUIPlugin
2026-06-08 20:59:24,139 [INFO] PluginManager:220 - loadIPPluginJar : add extmemmanager
2026-06-08 20:59:24,141 [INFO] IPUIPlugin:80 - create IPUIPlugin
2026-06-08 20:59:24,141 [INFO] PluginManager:220 - loadIPPluginJar : add i2c
2026-06-08 20:59:24,142 [INFO] IPUIPlugin:80 - create IPUIPlugin
2026-06-08 20:59:24,142 [INFO] PluginManager:220 - loadIPPluginJar : add tracer_emb
2026-06-08 20:59:24,144 [INFO] IPUIPlugin:80 - create IPUIPlugin
2026-06-08 20:59:24,144 [INFO] PluginManager:220 - loadIPPluginJar : add ts
2026-06-08 20:59:24,146 [INFO] IPUIPlugin:80 - create IPUIPlugin
2026-06-08 20:59:24,147 [INFO] PluginManager:220 - loadIPPluginJar : add resmgrutility
2026-06-08 20:59:24,150 [INFO] IPUIPlugin:80 - create IPUIPlugin
2026-06-08 20:59:24,150 [INFO] PluginManager:220 - loadIPPluginJar : add gic
2026-06-08 20:59:24,152 [INFO] IPUIPlugin:80 - create IPUIPlugin
2026-06-08 20:59:24,152 [INFO] PluginManager:220 - loadIPPluginJar : add usart
2026-06-08 20:59:24,153 [INFO] IPUIPlugin:80 - create IPUIPlugin
2026-06-08 20:59:24,153 [INFO] PluginManager:220 - loadIPPluginJar : add tsc
2026-06-08 20:59:24,155 [INFO] IPUIPlugin:80 - create IPUIPlugin
2026-06-08 20:59:24,155 [INFO] PluginManager:220 - loadIPPluginJar : add gfxmmu
2026-06-08 20:59:24,160 [INFO] IPUIPlugin:80 - create IPUIPlugin
2026-06-08 20:59:24,160 [INFO] PluginManager:220 - loadIPPluginJar : add mdma
2026-06-08 20:59:24,162 [INFO] IPUIPlugin:80 - create IPUIPlugin
2026-06-08 20:59:24,162 [INFO] PluginManager:220 - loadIPPluginJar : add lorawan
2026-06-08 20:59:24,167 [INFO] IPUIPlugin:80 - create IPUIPlugin
2026-06-08 20:59:24,167 [INFO] PluginManager:220 - loadIPPluginJar : add adc
2026-06-08 20:59:24,168 [INFO] IPUIPlugin:80 - create IPUIPlugin
2026-06-08 20:59:24,168 [INFO] PluginManager:220 - loadIPPluginJar : add genericplugin
2026-06-08 20:59:24,170 [INFO] IPUIPlugin:80 - create IPUIPlugin
2026-06-08 20:59:24,170 [INFO] PluginManager:220 - loadIPPluginJar : add pdm2pcm
2026-06-08 20:59:24,171 [INFO] IPUIPlugin:80 - create IPUIPlugin
2026-06-08 20:59:24,172 [INFO] PluginManager:220 - loadIPPluginJar : add radio
2026-06-08 20:59:24,173 [INFO] IPUIPlugin:80 - create IPUIPlugin
2026-06-08 20:59:24,173 [INFO] PluginManager:220 - loadIPPluginJar : add aes
2026-06-08 20:59:24,178 [INFO] IPUIPlugin:80 - create IPUIPlugin
2026-06-08 20:59:24,180 [INFO] PluginManager:220 - loadIPPluginJar : add plateformsettings
2026-06-08 20:59:24,183 [INFO] IPUIPlugin:80 - create IPUIPlugin
2026-06-08 20:59:24,183 [INFO] PluginManager:220 - loadIPPluginJar : add gpio
2026-06-08 20:59:24,185 [INFO] IPUIPlugin:80 - create IPUIPlugin
2026-06-08 20:59:24,185 [INFO] PluginManager:220 - loadIPPluginJar : add dfsdm
2026-06-08 20:59:24,295 [FATAL] Updater:351 - Updater called before beeing initialized
2026-06-08 20:59:24,352 [INFO] RulesReader:64 - Compatibility file has been processed (297 Rules)
2026-06-08 20:59:24,368 [INFO] RulesReader:64 - Compatibility file has been processed (297 Rules)
2026-06-08 20:59:24,386 [INFO] CADModel:165 - CPN selected for project level
2026-06-08 20:59:24,386 [INFO] CADModel:114 - Register for checkConnection events
2026-06-08 20:59:24,386 [FATAL] Updater:351 - Updater called before beeing initialized
2026-06-08 20:59:24,387 [ERROR] CADModel:125 - Updater not yet initialized, retry later 
2026-06-08 20:59:24,641 [FATAL] Updater:351 - Updater called before beeing initialized
2026-06-08 20:59:24,643 [INFO] CADModel:165 - CPN selected for project level
2026-06-08 20:59:24,643 [INFO] CADModel:114 - Register for checkConnection events
2026-06-08 20:59:24,643 [FATAL] Updater:351 - Updater called before beeing initialized
2026-06-08 20:59:24,644 [ERROR] CADModel:125 - Updater not yet initialized, retry later 
2026-06-08 20:59:24,646 [FATAL] Updater:351 - Updater called before beeing initialized
2026-06-08 20:59:24,725 [FATAL] Updater:351 - Updater called before beeing initialized
2026-06-08 20:59:24,728 [INFO] DbMcusAds:53 - JSON generation date=Thu May 28 11:08:17 COT 2026 (1779984497073)
2026-06-08 20:59:24,729 [FATAL] Updater:351 - Updater called before beeing initialized
2026-06-08 20:59:24,762 [WARN] DetailPanel:346 - Failed to get advertising image, set to default
2026-06-08 20:59:25,000 [FATAL] Updater:351 - Updater called before beeing initialized
2026-06-08 20:59:25,005 [FATAL] Updater:351 - Updater called before beeing initialized
2026-06-08 20:59:25,006 [FATAL] Updater:351 - Updater called before beeing initialized
2026-06-08 20:59:25,006 [WARN] DetailPanel:346 - Failed to get advertising image, set to default
2026-06-08 20:59:25,008 [FATAL] Updater:351 - Updater called before beeing initialized
2026-06-08 20:59:25,042 [ERROR] Updater:1198 - MainUpdater not yet initialized. External WinMGr cannot be set.
2026-06-08 20:59:25,043 [INFO] Updater:1134 - Updater Version found : 6.13.0
2026-06-08 20:59:25,056 [INFO] ApplicationProperties:184 - Using Application install path: /opt/st/stm32cubeide_1.17.0_2/plugins/com.st.stm32cube.common.mx_6.13.0.202411220809
2026-06-08 20:59:25,298 [INFO] MainUpdater:2872 - connection check result : 10
2026-06-08 20:59:25,298 [INFO] MainUpdater:289 - Updater Check For Update Now.
2026-06-08 20:59:25,298 [INFO] MicroXplorer:498 - Change Database Version : DB.6.0.130
2026-06-08 20:59:25,302 [INFO] McuFinderGlobals:63 - Set McuFinder mode to 2 (CubeIDE integrated)
2026-06-08 20:59:25,303 [INFO] UserAuth:486 - Internet connection configuration mode: 1
2026-06-08 20:59:25,316 [INFO] JxBrowserEngine:152 - Initiate JxBrowser Engine with user profile folder
2026-06-08 20:59:25,519 [INFO] CheckServerUpdateThread:120 - End of CheckServer Thread
2026-06-08 20:59:26,136 [INFO] WebApp:168 - Instantiating new browser for Auth
2026-06-08 20:59:27,228 [WARN] PackLoader:240 - Cannot read IP mode file for STMicroelectronics.X-CUBE-AZRTOS-H7.3.5.0
2026-06-08 20:59:27,282 [WARN] PackLoader:240 - Cannot read IP mode file for STMicroelectronics.FP-SNS-MOTENVWB1.1.4.0
2026-06-08 20:59:27,320 [ERROR] Engine:466 - /home/santiago/.stm32cubemx/thirdparties/pdsc/STMicroelectronics.X-CUBE-SMBUS.2.1.1.pdsc: PDSC version is not supported
2026-06-08 20:59:27,333 [WARN] PackLoader:240 - Cannot read IP mode file for STMicroelectronics.X-CUBE-SMBUS.2.1.0
2026-06-08 20:59:27,438 [WARN] PackLoader:240 - Cannot read IP mode file for STMicroelectronics.X-CUBE-AZRTOS-F7.1.1.0
2026-06-08 20:59:27,478 [ERROR] Engine:466 - /home/santiago/.stm32cubemx/thirdparties/pdsc/WES.I-CUBE-Cesium.1.4.0.pdsc: PDSC version is not supported
2026-06-08 20:59:27,508 [WARN] PackLoader:240 - Cannot read IP mode file for STMicroelectronics.X-CUBE-DISPLAY.3.0.0
2026-06-08 20:59:27,578 [WARN] PackLoader:240 - Cannot read IP mode file for STMicroelectronics.X-CUBE-GNSS1.7.1.1
2026-06-08 20:59:27,604 [ERROR] Engine:466 - /home/santiago/.stm32cubemx/thirdparties/pdsc/STMicroelectronics.FP-SNS-MOTENVWB1.1.5.0.pdsc: PDSC version is not supported
2026-06-08 20:59:27,623 [WARN] PackLoader:240 - Cannot read IP mode file for wolfSSL.I-CUBE-wolfSSL.5.9.1
2026-06-08 20:59:27,653 [WARN] PackLoader:240 - Cannot read IP mode file for STMicroelectronics.X-CUBE-NFC10.1.0.0
2026-06-08 20:59:27,688 [WARN] PackLoader:240 - Cannot read IP mode file for STMicroelectronics.X-CUBE-ST60.1.1.0
2026-06-08 20:59:27,713 [WARN] PackLoader:240 - Cannot read IP mode file for emotas.I-CUBE-CANOPEN.1.3.0
2026-06-08 20:59:27,732 [WARN] PackLoader:240 - Cannot read IP mode file for STMicroelectronics.FP-SNS-SMARTAG2.1.2.0
2026-06-08 20:59:27,778 [INFO] LogOutputStream:77 - [STDOUT_REDIRECT] 1 : Invalid condition id : UX_CORESTACK_Condition cause : null
2026-06-08 20:59:27,780 [INFO] LogOutputStream:77 - [STDOUT_REDIRECT] 1 : Invalid condition id : UX_CORESTACK_Condition cause : null
2026-06-08 20:59:27,782 [INFO] LogOutputStream:77 - [STDOUT_REDIRECT] 1 : Invalid condition id : UX_CORESTACK_Condition cause : null
2026-06-08 20:59:27,783 [INFO] LogOutputStream:77 - [STDOUT_REDIRECT] 1 : Invalid condition id : UX_CORESTACK_Condition cause : null
2026-06-08 20:59:27,787 [INFO] LogOutputStream:77 - [STDOUT_REDIRECT] 1 : Invalid condition id : UX_CORESTACK_Condition cause : null
2026-06-08 20:59:27,838 [WARN] PackLoader:240 - Cannot read IP mode file for STMicroelectronics.X-CUBE-AZRTOS-WL.2.0.0
2026-06-08 20:59:27,841 [INFO] WebApp:449 - Apply proxy settings
2026-06-08 20:59:27,843 [INFO] WebApp:534 - Chromium requires no authentication
2026-06-08 20:59:27,861 [INFO] WebApp:477 - Direct internet connection detected
2026-06-08 20:59:27,930 [INFO] WebApp:880 - Register for checkConnection events
2026-06-08 20:59:27,931 [INFO] WebApp:449 - Apply proxy settings
2026-06-08 20:59:27,931 [INFO] WebApp:534 - Chromium requires no authentication
2026-06-08 20:59:27,932 [WARN] PackLoader:240 - Cannot read IP mode file for STMicroelectronics.X-CUBE-AZRTOS-H7RS.1.2.0
2026-06-08 20:59:27,933 [INFO] WebApp:477 - Direct internet connection detected
2026-06-08 20:59:27,967 [WARN] PackLoader:240 - Cannot read IP mode file for STMicroelectronics.X-CUBE-BLE2.3.3.0
2026-06-08 20:59:28,167 [WARN] PackLoader:240 - Cannot read IP mode file for Infineon.AIROC-Wi-Fi-Bluetooth-STM32.1.8.0
2026-06-08 20:59:28,224 [WARN] PackLoader:240 - Cannot read IP mode file for STMicroelectronics.X-CUBE-NFC9.1.0.0
2026-06-08 20:59:28,247 [WARN] PackLoader:240 - Cannot read IP mode file for wolfSSL.I-CUBE-wolfMQTT.1.19.2
2026-06-08 20:59:28,262 [ERROR] Engine:466 - /home/santiago/.stm32cubemx/thirdparties/pdsc/STMicroelectronics.FP-SNS-STAIOTCFT.1.1.0.pdsc: PDSC version is not supported
2026-06-08 20:59:28,303 [WARN] PackLoader:240 - Cannot read IP mode file for STMicroelectronics.X-CUBE-AZRTOS-G0.1.1.0
2026-06-08 20:59:28,315 [INFO] WebApp:187 - Connection restablished
2026-06-08 20:59:28,318 [WARN] PackLoader:240 - Cannot read IP mode file for STMicroelectronics.X-CUBE-NFC4.3.0.0
2026-06-08 20:59:28,337 [WARN] PackLoader:240 - Cannot read IP mode file for EmbeddedOffice.I-CUBE-FS-RTOS.1.0.1
2026-06-08 20:59:28,347 [WARN] PackLoader:240 - Cannot read IP mode file for wolfSSL.I-CUBE-wolfTPM.3.8.0
2026-06-08 20:59:28,355 [WARN] PackLoader:240 - Cannot read IP mode file for STMicroelectronics.X-CUBE-TCPP.4.2.0
2026-06-08 20:59:28,363 [WARN] PackLoader:240 - Cannot read IP mode file for RealThread.X-CUBE-RT-Thread_Nano.4.1.1
2026-06-08 20:59:28,368 [WARN] PackLoader:240 - Cannot read IP mode file for STMicroelectronics.FP-ATR-SIGFOX1.3.2.0
2026-06-08 20:59:28,373 [ERROR] Engine:466 - /home/santiago/.stm32cubemx/thirdparties/pdsc/STMicroelectronics.X-CUBE-FREERTOS.1.5.0.pdsc: PDSC version is not supported
2026-06-08 20:59:28,380 [WARN] PackLoader:240 - Cannot read IP mode file for ITTIA_DB.I-CUBE-ITTIADB.8.9.0
2026-06-08 20:59:28,383 [WARN] PackLoader:240 - Cannot read IP mode file for Cesanta.I-CUBE-Mongoose.7.21.7
2026-06-08 20:59:28,394 [WARN] PackLoader:240 - Cannot read IP mode file for STMicroelectronics.X-CUBE-NFC6.3.2.0
2026-06-08 20:59:28,398 [INFO] WebApp:221 - Starting web application
2026-06-08 20:59:28,398 [INFO] WebApp:579 - Web application path used /opt/st/stm32cubeide_1.17.0_2/plugins/com.st.stm32cube.common.mx_6.13.0.202411220809/db/plugins/mcufinder/reactClient1/index.html
2026-06-08 20:59:28,508 [WARN] PackLoader:240 - Cannot read IP mode file for STMicroelectronics.X-CUBE-MEMS1.12.1.0
2026-06-08 20:59:28,553 [INFO] UserAuth:486 - Internet connection configuration mode: 1
2026-06-08 20:59:28,925 [WARN] PackLoader:240 - Cannot read IP mode file for SEGGER.I-CUBE-embOS.1.3.1
2026-06-08 20:59:29,087 [WARN] PackLoader:240 - Cannot read IP mode file for STMicroelectronics.X-CUBE-ALGOBUILD.1.4.0
2026-06-08 20:59:29,094 [WARN] PackLoader:240 - Cannot read IP mode file for STMicroelectronics.X-CUBE-PM33A1.1.0.0
2026-06-08 20:59:29,133 [WARN] PackLoader:240 - Cannot read IP mode file for STMicroelectronics.X-CUBE-AZRTOS-F4.1.1.0
2026-06-08 20:59:29,149 [WARN] PackLoader:240 - Cannot read IP mode file for STMicroelectronics.X-CUBE-ISPU.2.1.0
2026-06-08 20:59:29,165 [ERROR] Engine:466 - /home/santiago/.stm32cubemx/thirdparties/pdsc/STMicroelectronics.X-CUBE-IPS.3.2.0.pdsc: PDSC version is not supported
2026-06-08 20:59:29,171 [WARN] PackLoader:240 - Cannot read IP mode file for STMicroelectronics.eDS-WB_DPC_TT-BIDIR.2.1.1
2026-06-08 20:59:29,185 [WARN] PackLoader:240 - Cannot read IP mode file for STMicroelectronics.X-CUBE-NFC12.1.0.0
2026-06-08 20:59:29,226 [WARN] PackLoader:240 - Cannot read IP mode file for STMicroelectronics.X-CUBE-AZRTOS-L5.2.0.0
2026-06-08 20:59:29,244 [WARN] PackLoader:240 - Cannot read IP mode file for STMicroelectronics.X-CUBE-ALGOBUILD.1.5.0
2026-06-08 20:59:29,254 [WARN] PackLoader:240 - Cannot read IP mode file for STMicroelectronics.eDS-WB_DPC_VIENNA.1.2.0
2026-06-08 20:59:29,258 [WARN] PackLoader:240 - Cannot read IP mode file for STMicroelectronics.eDS-WB_DPC_3PH2L-BIDIR.1.1.1
2026-06-08 20:59:29,265 [ERROR] Engine:466 - /home/santiago/.stm32cubemx/thirdparties/pdsc/STMicroelectronics.X-CUBE-ST67W61.1.3.0.pdsc: PDSC version is not supported
2026-06-08 20:59:29,272 [WARN] PackLoader:240 - Cannot read IP mode file for STMicroelectronics.X-CUBE-TOUCHGFX.4.26.1
2026-06-08 20:59:29,277 [WARN] PackLoader:240 - Cannot read IP mode file for STMicroelectronics.FP-SNS-STAIOTCFT.1.0.0
2026-06-08 20:59:29,299 [WARN] ConditionMgr:438 - getConditionDescription Invalid condition id : LAN8742 Phy interface Condition cause : null
2026-06-08 20:59:29,299 [WARN] PackLoader:240 - Cannot read IP mode file for STMicroelectronics.X-CUBE-AZRTOS-L4.2.0.0
2026-06-08 20:59:29,301 [WARN] ConditionMgr:1044 - genDependencies : Invalid condition id : LAN8742 Phy interface Condition cause : null
2026-06-08 20:59:29,301 [WARN] ConditionMgr:1044 - genDependencies : Invalid condition id : LAN8742 Phy interface Condition cause : null
2026-06-08 20:59:29,303 [WARN] ConditionMgr:1044 - genDependencies : Invalid condition id : LAN8742 Phy interface Condition cause : null
2026-06-08 20:59:29,315 [WARN] PackLoader:240 - Cannot read IP mode file for STMicroelectronics.X-CUBE-SFXS2LP1.4.0.0
2026-06-08 20:59:29,326 [WARN] PackLoader:240 - Cannot read IP mode file for STMicroelectronics.X-CUBE-WB05N.2.1.0
2026-06-08 20:59:29,358 [WARN] ConditionMgr:438 - getConditionDescription Invalid condition id : UX DEVICE CLASS RTOS Condition cause : null
2026-06-08 20:59:29,359 [WARN] ConditionMgr:438 - getConditionDescription Invalid condition id : UX DEVICE CLASS RTOS Condition cause : null
2026-06-08 20:59:29,365 [WARN] PackLoader:240 - Cannot read IP mode file for STMicroelectronics.X-CUBE-AZRTOS-WB.2.0.0
2026-06-08 20:59:29,367 [WARN] ConditionMgr:1044 - genDependencies : Invalid condition id : UX DEVICE CLASS RTOS Condition cause : null
2026-06-08 20:59:29,367 [WARN] ConditionMgr:1044 - genDependencies : Invalid condition id : UX DEVICE CLASS RTOS Condition cause : null
2026-06-08 20:59:29,369 [WARN] ConditionMgr:1044 - genDependencies : Invalid condition id : UX DEVICE CLASS RTOS Condition cause : null
2026-06-08 20:59:29,370 [WARN] ConditionMgr:1044 - genDependencies : Invalid condition id : UX DEVICE CLASS RTOS Condition cause : null
2026-06-08 20:59:29,371 [WARN] ConditionMgr:1044 - genDependencies : Invalid condition id : UX DEVICE CLASS RTOS Condition cause : null
2026-06-08 20:59:29,388 [WARN] ConditionMgr:438 - getConditionDescription Invalid condition id : Cortex-A Device cause : null
2026-06-08 20:59:29,405 [WARN] ConditionMgr:1044 - genDependencies : Invalid condition id : Cortex-A Device cause : null
2026-06-08 20:59:29,407 [WARN] ConditionMgr:1044 - genDependencies : Invalid condition id : Cortex-A Device cause : null
2026-06-08 20:59:29,407 [WARN] ConditionMgr:1044 - genDependencies : Invalid condition id : Cortex-A Device cause : null
2026-06-08 20:59:29,423 [WARN] PackLoader:240 - Cannot read IP mode file for STMicroelectronics.X-CUBE-STSE01.2.0.0
2026-06-08 20:59:29,446 [WARN] PackLoader:240 - Cannot read IP mode file for STMicroelectronics.X-CUBE-SUBG2.5.0.0
2026-06-08 20:59:29,483 [WARN] PackLoader:240 - Cannot read IP mode file for STMicroelectronics.X-CUBE-AZRTOS-G4.2.0.0
2026-06-08 20:59:29,490 [WARN] PackLoader:240 - Cannot read IP mode file for wolfSSL.I-CUBE-wolfSSH.1.4.20
2026-06-08 20:59:29,495 [WARN] PackLoader:240 - Cannot read IP mode file for STMicroelectronics.X-CUBE-NFC7.2.0.0
2026-06-08 20:59:29,502 [WARN] PackLoader:240 - Cannot read IP mode file for STMicroelectronics.X-CUBE-ALS.1.0.2
2026-06-08 20:59:29,517 [WARN] PackLoader:240 - Cannot read IP mode file for STMicroelectronics.X-CUBE-TOF1.3.4.3
2026-06-08 20:59:29,539 [INFO] ThirdParty:978 - Integrity check success = true
2026-06-08 20:59:29,539 [INFO] IntegrityCheckThread:100 - exiting critical section [integrity check]
2026-06-08 20:59:29,539 [INFO] IntegrityCheckThread:103 - End integrity checks thread
2026-06-08 21:47:59,686 [INFO] Activator:176 - 


2026-06-08 21:47:59,688 [INFO] Activator:177 - !SESSION log4j initialized
2026-06-08 21:48:01,651 [INFO] LogOutputStream:77 - [STDOUT_REDIRECT] 
2026-06-08 21:48:05,360 [INFO] ApplicationProperties:184 - Using Application install path: /opt/st/stm32cubeide_1.17.0_2/plugins/com.st.stm32cube.common.mx_6.13.0.202411220809
2026-06-08 21:48:05,375 [INFO] DbMcusXml:78 - Set database path to: /opt/st/stm32cubeide_1.17.0_2/plugins/com.st.stm32cube.common.mx_6.13.0.202411220809//db//mcu/
2026-06-08 21:48:05,376 [INFO] ApiDb:274 - Set plugin database path to: /opt/st/stm32cubeide_1.17.0_2/plugins/com.st.stm32cube.common.mx_6.13.0.202411220809//db//plugins/boardmanager/
2026-06-08 21:48:05,376 [WARN] ApiDb:259 - Overriding images path with different value:  => /opt/st/stm32cubeide_1.17.0_2/plugins/com.st.stm32cube.common.mx_6.13.0.202411220809//db//plugins/mcufinder/images/
2026-06-08 21:48:05,386 [INFO] ApiDb:250 - Set database path to: /home/santiago/.stmcufinder/plugins/mcufinder//mcu/
2026-06-08 21:48:05,388 [INFO] DbMcusAds:125 - Set database path to: /home/santiago/.stmcufinder/plugins/mcufinder//mcu/
2026-06-08 21:48:05,390 [INFO] CrossReferenceDbSqlite:203 - Set database path to: /home/santiago/.stmcufinder/plugins/mcufinder//mcu/cs/
2026-06-08 21:48:05,538 [INFO] RulesReader:64 - Compatibility file has been processed (297 Rules)
2026-06-08 21:48:05,626 [INFO] DbMcusXml:78 - Set database path to: /opt/st/stm32cubeide_1.17.0_2/plugins/com.st.stm32cube.common.mx_6.13.0.202411220809//db//mcu/
2026-06-08 21:48:05,626 [INFO] ApiDb:274 - Set plugin database path to: /opt/st/stm32cubeide_1.17.0_2/plugins/com.st.stm32cube.common.mx_6.13.0.202411220809//db//plugins/boardmanager/
2026-06-08 21:48:05,626 [INFO] ApiDb:261 - Set plugin images path to: /opt/st/stm32cubeide_1.17.0_2/plugins/com.st.stm32cube.common.mx_6.13.0.202411220809//db//plugins/mcufinder/images/
2026-06-08 21:48:05,627 [WARN] DbFile:41 - Overriding database path with different value: /home/santiago/.stmcufinder/plugins/mcufinder/ => /home/santiago/.stmcufinder/plugins/mcufinder
2026-06-08 21:48:05,627 [INFO] ApiDb:250 - Set database path to: /home/santiago/.stmcufinder/plugins/mcufinder//mcu/
2026-06-08 21:48:05,627 [WARN] DbFile:41 - Overriding database path with different value: /home/santiago/.stmcufinder/plugins/mcufinder/ => /home/santiago/.stmcufinder/plugins/mcufinder
2026-06-08 21:48:05,627 [INFO] DbMcusAds:125 - Set database path to: /home/santiago/.stmcufinder/plugins/mcufinder//mcu/
2026-06-08 21:48:05,627 [WARN] DbFile:41 - Overriding database path with different value: /home/santiago/.stmcufinder/plugins/mcufinder/ => /home/santiago/.stmcufinder/plugins/mcufinder
2026-06-08 21:48:05,627 [WARN] DbFile:41 - Overriding database path with different value: /home/santiago/.stmcufinder/plugins/mcufinder/ => /home/santiago/.stmcufinder/plugins/mcufinder
2026-06-08 21:48:05,627 [INFO] CrossReferenceDbSqlite:203 - Set database path to: /home/santiago/.stmcufinder/plugins/mcufinder//mcu/cs/
2026-06-08 21:48:05,705 [INFO] MainPanel:272 - HeapMemory: 268435456
2026-06-08 21:48:05,837 [INFO] DbMcusXml:78 - Set database path to: /opt/st/stm32cubeide_1.17.0_2/plugins/com.st.stm32cube.common.mx_6.13.0.202411220809//db//mcu/
2026-06-08 21:48:05,837 [INFO] ApiDb:274 - Set plugin database path to: /opt/st/stm32cubeide_1.17.0_2/plugins/com.st.stm32cube.common.mx_6.13.0.202411220809//db//plugins/boardmanager/
2026-06-08 21:48:05,837 [INFO] ApiDb:261 - Set plugin images path to: /opt/st/stm32cubeide_1.17.0_2/plugins/com.st.stm32cube.common.mx_6.13.0.202411220809//db//plugins/mcufinder/images/
2026-06-08 21:48:05,838 [WARN] DbFile:41 - Overriding database path with different value: /home/santiago/.stmcufinder/plugins/mcufinder/ => /home/santiago/.stmcufinder/plugins/mcufinder
2026-06-08 21:48:05,838 [INFO] ApiDb:250 - Set database path to: /home/santiago/.stmcufinder/plugins/mcufinder//mcu/
2026-06-08 21:48:05,838 [WARN] DbFile:41 - Overriding database path with different value: /home/santiago/.stmcufinder/plugins/mcufinder/ => /home/santiago/.stmcufinder/plugins/mcufinder
2026-06-08 21:48:05,838 [INFO] DbMcusAds:125 - Set database path to: /home/santiago/.stmcufinder/plugins/mcufinder//mcu/
2026-06-08 21:48:05,838 [WARN] DbFile:41 - Overriding database path with different value: /home/santiago/.stmcufinder/plugins/mcufinder/ => /home/santiago/.stmcufinder/plugins/mcufinder
2026-06-08 21:48:05,838 [WARN] DbFile:41 - Overriding database path with different value: /home/santiago/.stmcufinder/plugins/mcufinder/ => /home/santiago/.stmcufinder/plugins/mcufinder
2026-06-08 21:48:05,839 [INFO] CrossReferenceDbSqlite:203 - Set database path to: /home/santiago/.stmcufinder/plugins/mcufinder//mcu/cs/
2026-06-08 21:48:05,859 [INFO] ApplicationProperties:184 - Using Application install path: /opt/st/stm32cubeide_1.17.0_2/plugins/com.st.stm32cube.common.mx_6.13.0.202411220809
2026-06-08 21:48:05,861 [INFO] PluginManage:196 - Search for loadable plugins [exclusion list=, ]
2026-06-08 21:48:05,862 [INFO] PluginManage:310 - Check plugin analytics
2026-06-08 21:48:06,077 [INFO] AnalyticsPlugin:253 - Accepted Software Licenses: 
2026-06-08 21:48:06,077 [INFO] AnalyticsPlugin:255 - Accepted CMSIS Pack Licenses: 
2026-06-08 21:48:06,077 [INFO] AnalyticsPlugin:257 - Accepted Firmware Licenses: FW.F4.1.28.0
2026-06-08 21:48:06,081 [INFO] PluginManage:359 - Loaded plugin analytics (category:tool,tabindex:-1)
2026-06-08 21:48:06,082 [INFO] PluginManage:310 - Check plugin cadmodel
2026-06-08 21:48:06,090 [INFO] CADModel:105 - Init CAD model plugin
2026-06-08 21:48:06,090 [INFO] PluginManage:359 - Loaded plugin cadmodel (category:power,tabindex:5)
2026-06-08 21:48:06,091 [INFO] PluginManage:310 - Check plugin clock
2026-06-08 21:48:06,104 [INFO] PluginManage:359 - Loaded plugin clock (category:base,tabindex:2)
2026-06-08 21:48:06,104 [INFO] PluginManage:310 - Check plugin ddr
2026-06-08 21:48:06,108 [INFO] PluginManage:359 - Loaded plugin ddr (category:tool,tabindex:6)
2026-06-08 21:48:06,108 [INFO] PluginManage:310 - Check plugin filemanager
2026-06-08 21:48:06,296 [INFO] PluginManage:359 - Loaded plugin filemanager (category:base,tabindex:10)
2026-06-08 21:48:06,296 [INFO] PluginManage:310 - Check plugin ipmanager
2026-06-08 21:48:06,302 [INFO] PluginManage:359 - Loaded plugin ipmanager (category:base,tabindex:5)
2026-06-08 21:48:06,302 [INFO] PluginManage:310 - Check plugin lpbam
2026-06-08 21:48:06,309 [INFO] PluginManage:359 - Loaded plugin lpbam (category:base,tabindex:0)
2026-06-08 21:48:06,310 [INFO] PluginManage:310 - Check plugin memorymap
2026-06-08 21:48:06,319 [INFO] PluginManage:359 - Loaded plugin memorymap (category:base,tabindex:4)
2026-06-08 21:48:06,319 [INFO] PluginManage:310 - Check plugin pinoutandconfiguration
2026-06-08 21:48:06,329 [INFO] PluginManage:359 - Loaded plugin pinoutandconfiguration (category:base,tabindex:1)
2026-06-08 21:48:06,329 [INFO] PluginManage:310 - Check plugin pinoutconfig
2026-06-08 21:48:06,462 [WARN] SupportedApi:132 - Cannot load RTOS API schema: s4s-elt-must-match.1: The content of 'definitions' must match (annotation?, (simpleType | complexType)?, (unique | key | keyref)*)). A problem was found starting at: attribute.
2026-06-08 21:48:06,653 [INFO] PluginManage:359 - Loaded plugin pinoutconfig (category:base,tabindex:0)
2026-06-08 21:48:06,653 [INFO] PluginManage:310 - Check plugin power
2026-06-08 21:48:06,664 [INFO] PluginManage:359 - Loaded plugin power (category:power,tabindex:4)
2026-06-08 21:48:06,664 [INFO] PluginManage:310 - Check plugin projectmanager
2026-06-08 21:48:06,683 [INFO] PluginManage:359 - Loaded plugin projectmanager (category:projectmanager,tabindex:4)
2026-06-08 21:48:06,683 [INFO] PluginManage:310 - Check plugin rif
2026-06-08 21:48:06,691 [INFO] PluginManage:359 - Loaded plugin rif (category:base,tabindex:3)
2026-06-08 21:48:06,691 [INFO] PluginManage:310 - Check plugin thirdparty
2026-06-08 21:48:06,825 [INFO] PluginManage:359 - Loaded plugin thirdparty (category:base,tabindex:-1)
2026-06-08 21:48:06,825 [WARN] IntegrityCheckThread:84 - waiting for thirdparty lock release [integrity check]
2026-06-08 21:48:06,825 [INFO] IntegrityCheckThread:86 - entering critical section [integrity check]
2026-06-08 21:48:06,825 [INFO] PluginManage:310 - Check plugin tools
2026-06-08 21:48:06,826 [INFO] ThirdPartyUpdaterWithRetryManager:70 - Updater plugin not ready yet. [1/15]
2026-06-08 21:48:06,828 [INFO] PluginManage:359 - Loaded plugin tools (category:base,tabindex:7)
2026-06-08 21:48:06,828 [INFO] PluginManage:310 - Check plugin tutovideos
2026-06-08 21:48:06,957 [INFO] PluginManage:359 - Loaded plugin tutovideos (category:base,tabindex:-1)
2026-06-08 21:48:06,957 [INFO] PluginManage:310 - Check plugin updater
2026-06-08 21:48:06,979 [INFO] PluginManage:359 - Loaded plugin updater (category:base,tabindex:12)
2026-06-08 21:48:06,979 [INFO] PluginManage:310 - Check plugin userauth
2026-06-08 21:48:06,983 [INFO] UserAuth:118 - Init User Auth plugin
2026-06-08 21:48:06,984 [INFO] PluginManage:359 - Loaded plugin userauth (category:base,tabindex:14)
2026-06-08 21:48:06,984 [INFO] PluginManage:283 - PluginManage : Loaded plugins [18]
2026-06-08 21:48:07,155 [INFO] PinOutPanel:1589 - setPackage(No Configuration,No Configuration)
2026-06-08 21:48:07,214 [INFO] CADModel:165 - CPN selected for project level
2026-06-08 21:48:07,214 [INFO] CADModel:114 - Register for checkConnection events
2026-06-08 21:48:07,226 [INFO] IPUIPlugin:80 - create IPUIPlugin
2026-06-08 21:48:07,226 [INFO] PluginManager:220 - loadIPPluginJar : add ipddr
2026-06-08 21:48:07,229 [INFO] IPUIPlugin:80 - create IPUIPlugin
2026-06-08 21:48:07,229 [INFO] PluginManager:220 - loadIPPluginJar : add gtzc
2026-06-08 21:48:07,232 [INFO] IPUIPlugin:80 - create IPUIPlugin
2026-06-08 21:48:07,232 [INFO] PluginManager:220 - loadIPPluginJar : add usbx
2026-06-08 21:48:07,235 [INFO] IPUIPlugin:80 - create IPUIPlugin
2026-06-08 21:48:07,235 [INFO] PluginManager:220 - loadIPPluginJar : add openamp
2026-06-08 21:48:07,238 [INFO] IPUIPlugin:80 - create IPUIPlugin
2026-06-08 21:48:07,238 [INFO] PluginManager:220 - loadIPPluginJar : add can
2026-06-08 21:48:07,245 [INFO] IPUIPlugin:80 - create IPUIPlugin
2026-06-08 21:48:07,245 [INFO] PluginManager:220 - loadIPPluginJar : add linkedlist
2026-06-08 21:48:07,247 [INFO] IPUIPlugin:80 - create IPUIPlugin
2026-06-08 21:48:07,247 [INFO] PluginManager:220 - loadIPPluginJar : add tim
2026-06-08 21:48:07,253 [INFO] IPUIPlugin:80 - create IPUIPlugin
2026-06-08 21:48:07,253 [INFO] PluginManager:220 - loadIPPluginJar : add fmc
2026-06-08 21:48:07,256 [INFO] IPUIPlugin:80 - create IPUIPlugin
2026-06-08 21:48:07,256 [INFO] PluginManager:220 - loadIPPluginJar : add i2s
2026-06-08 21:48:07,258 [INFO] IPUIPlugin:80 - create IPUIPlugin
2026-06-08 21:48:07,258 [INFO] PluginManager:220 - loadIPPluginJar : add cryp
2026-06-08 21:48:07,264 [INFO] IPUIPlugin:80 - create IPUIPlugin
2026-06-08 21:48:07,264 [INFO] PluginManager:220 - loadIPPluginJar : add stm32_wpan
2026-06-08 21:48:07,267 [INFO] IPUIPlugin:80 - create IPUIPlugin
2026-06-08 21:48:07,267 [INFO] PluginManager:220 - loadIPPluginJar : add i3c
2026-06-08 21:48:07,269 [INFO] IPUIPlugin:80 - create IPUIPlugin
2026-06-08 21:48:07,269 [INFO] PluginManager:220 - loadIPPluginJar : add quadspi
2026-06-08 21:48:07,274 [INFO] IPUIPlugin:80 - create IPUIPlugin
2026-06-08 21:48:07,275 [INFO] PluginManager:220 - loadIPPluginJar : add dma
2026-06-08 21:48:07,276 [INFO] IPUIPlugin:80 - create IPUIPlugin
2026-06-08 21:48:07,277 [INFO] PluginManager:220 - loadIPPluginJar : add ltdc
2026-06-08 21:48:07,279 [INFO] IPUIPlugin:80 - create IPUIPlugin
2026-06-08 21:48:07,280 [INFO] PluginManager:220 - loadIPPluginJar : add nvic
2026-06-08 21:48:07,282 [INFO] IPUIPlugin:80 - create IPUIPlugin
2026-06-08 21:48:07,282 [INFO] PluginManager:220 - loadIPPluginJar : add opamp
2026-06-08 21:48:07,287 [INFO] IPUIPlugin:80 - create IPUIPlugin
2026-06-08 21:48:07,287 [INFO] PluginManager:220 - loadIPPluginJar : add freertos
2026-06-08 21:48:07,289 [INFO] IPUIPlugin:80 - create IPUIPlugin
2026-06-08 21:48:07,289 [INFO] PluginManager:220 - loadIPPluginJar : add hash
2026-06-08 21:48:07,292 [INFO] IPUIPlugin:80 - create IPUIPlugin
2026-06-08 21:48:07,292 [INFO] PluginManager:220 - loadIPPluginJar : add touchsensing
2026-06-08 21:48:07,294 [INFO] IPUIPlugin:80 - create IPUIPlugin
2026-06-08 21:48:07,294 [INFO] PluginManager:220 - loadIPPluginJar : add spi
2026-06-08 21:48:07,296 [INFO] IPUIPlugin:80 - create IPUIPlugin
2026-06-08 21:48:07,296 [INFO] PluginManager:220 - loadIPPluginJar : add comp
2026-06-08 21:48:07,297 [INFO] IPUIPlugin:80 - create IPUIPlugin
2026-06-08 21:48:07,298 [INFO] PluginManager:220 - loadIPPluginJar : add ucpd
2026-06-08 21:48:07,301 [INFO] IPUIPlugin:80 - create IPUIPlugin
2026-06-08 21:48:07,301 [INFO] PluginManager:220 - loadIPPluginJar : add ddr_ctrl_phy
2026-06-08 21:48:07,303 [INFO] IPUIPlugin:80 - create IPUIPlugin
2026-06-08 21:48:07,303 [INFO] PluginManager:220 - loadIPPluginJar : add fatfs
2026-06-08 21:48:07,305 [INFO] IPUIPlugin:80 - create IPUIPlugin
2026-06-08 21:48:07,305 [INFO] PluginManager:220 - loadIPPluginJar : add dma3
2026-06-08 21:48:07,307 [INFO] IPUIPlugin:80 - create IPUIPlugin
2026-06-08 21:48:07,307 [INFO] PluginManager:220 - loadIPPluginJar : add sai
2026-06-08 21:48:07,310 [INFO] IPUIPlugin:80 - create IPUIPlugin
2026-06-08 21:48:07,310 [INFO] PluginManager:220 - loadIPPluginJar : add extmemmanager
2026-06-08 21:48:07,312 [INFO] IPUIPlugin:80 - create IPUIPlugin
2026-06-08 21:48:07,312 [INFO] PluginManager:220 - loadIPPluginJar : add i2c
2026-06-08 21:48:07,314 [INFO] IPUIPlugin:80 - create IPUIPlugin
2026-06-08 21:48:07,314 [INFO] PluginManager:220 - loadIPPluginJar : add tracer_emb
2026-06-08 21:48:07,315 [INFO] IPUIPlugin:80 - create IPUIPlugin
2026-06-08 21:48:07,316 [INFO] PluginManager:220 - loadIPPluginJar : add ts
2026-06-08 21:48:07,318 [INFO] IPUIPlugin:80 - create IPUIPlugin
2026-06-08 21:48:07,318 [INFO] PluginManager:220 - loadIPPluginJar : add resmgrutility
2026-06-08 21:48:07,323 [INFO] IPUIPlugin:80 - create IPUIPlugin
2026-06-08 21:48:07,323 [INFO] PluginManager:220 - loadIPPluginJar : add gic
2026-06-08 21:48:07,325 [INFO] IPUIPlugin:80 - create IPUIPlugin
2026-06-08 21:48:07,325 [INFO] PluginManager:220 - loadIPPluginJar : add usart
2026-06-08 21:48:07,326 [INFO] IPUIPlugin:80 - create IPUIPlugin
2026-06-08 21:48:07,327 [INFO] PluginManager:220 - loadIPPluginJar : add tsc
2026-06-08 21:48:07,328 [INFO] IPUIPlugin:80 - create IPUIPlugin
2026-06-08 21:48:07,328 [INFO] PluginManager:220 - loadIPPluginJar : add gfxmmu
2026-06-08 21:48:07,333 [INFO] IPUIPlugin:80 - create IPUIPlugin
2026-06-08 21:48:07,333 [INFO] PluginManager:220 - loadIPPluginJar : add mdma
2026-06-08 21:48:07,335 [INFO] IPUIPlugin:80 - create IPUIPlugin
2026-06-08 21:48:07,335 [INFO] PluginManager:220 - loadIPPluginJar : add lorawan
2026-06-08 21:48:07,340 [INFO] IPUIPlugin:80 - create IPUIPlugin
2026-06-08 21:48:07,341 [INFO] PluginManager:220 - loadIPPluginJar : add adc
2026-06-08 21:48:07,342 [INFO] IPUIPlugin:80 - create IPUIPlugin
2026-06-08 21:48:07,342 [INFO] PluginManager:220 - loadIPPluginJar : add genericplugin
2026-06-08 21:48:07,344 [INFO] IPUIPlugin:80 - create IPUIPlugin
2026-06-08 21:48:07,344 [INFO] PluginManager:220 - loadIPPluginJar : add pdm2pcm
2026-06-08 21:48:07,346 [INFO] IPUIPlugin:80 - create IPUIPlugin
2026-06-08 21:48:07,346 [INFO] PluginManager:220 - loadIPPluginJar : add radio
2026-06-08 21:48:07,348 [INFO] IPUIPlugin:80 - create IPUIPlugin
2026-06-08 21:48:07,349 [INFO] PluginManager:220 - loadIPPluginJar : add aes
2026-06-08 21:48:07,353 [INFO] IPUIPlugin:80 - create IPUIPlugin
2026-06-08 21:48:07,356 [INFO] PluginManager:220 - loadIPPluginJar : add plateformsettings
2026-06-08 21:48:07,360 [INFO] IPUIPlugin:80 - create IPUIPlugin
2026-06-08 21:48:07,360 [INFO] PluginManager:220 - loadIPPluginJar : add gpio
2026-06-08 21:48:07,362 [INFO] IPUIPlugin:80 - create IPUIPlugin
2026-06-08 21:48:07,362 [INFO] PluginManager:220 - loadIPPluginJar : add dfsdm
2026-06-08 21:48:07,461 [FATAL] Updater:351 - Updater called before beeing initialized
2026-06-08 21:48:07,486 [INFO] RulesReader:64 - Compatibility file has been processed (297 Rules)
2026-06-08 21:48:07,496 [INFO] RulesReader:64 - Compatibility file has been processed (297 Rules)
2026-06-08 21:48:07,503 [INFO] CADModel:165 - CPN selected for project level
2026-06-08 21:48:07,503 [INFO] CADModel:114 - Register for checkConnection events
2026-06-08 21:48:07,503 [FATAL] Updater:351 - Updater called before beeing initialized
2026-06-08 21:48:07,503 [ERROR] CADModel:125 - Updater not yet initialized, retry later 
2026-06-08 21:48:07,610 [FATAL] Updater:351 - Updater called before beeing initialized
2026-06-08 21:48:07,611 [INFO] CADModel:165 - CPN selected for project level
2026-06-08 21:48:07,611 [INFO] CADModel:114 - Register for checkConnection events
2026-06-08 21:48:07,611 [FATAL] Updater:351 - Updater called before beeing initialized
2026-06-08 21:48:07,612 [ERROR] CADModel:125 - Updater not yet initialized, retry later 
2026-06-08 21:48:07,614 [FATAL] Updater:351 - Updater called before beeing initialized
2026-06-08 21:48:07,679 [FATAL] Updater:351 - Updater called before beeing initialized
2026-06-08 21:48:07,682 [INFO] DbMcusAds:53 - JSON generation date=Thu May 28 11:08:17 COT 2026 (1779984497073)
2026-06-08 21:48:07,682 [FATAL] Updater:351 - Updater called before beeing initialized
2026-06-08 21:48:07,712 [WARN] DetailPanel:346 - Failed to get advertising image, set to default
2026-06-08 21:48:07,942 [FATAL] Updater:351 - Updater called before beeing initialized
2026-06-08 21:48:07,943 [FATAL] Updater:351 - Updater called before beeing initialized
2026-06-08 21:48:07,943 [FATAL] Updater:351 - Updater called before beeing initialized
2026-06-08 21:48:07,943 [WARN] DetailPanel:346 - Failed to get advertising image, set to default
2026-06-08 21:48:07,944 [FATAL] Updater:351 - Updater called before beeing initialized
2026-06-08 21:48:07,980 [ERROR] Updater:1198 - MainUpdater not yet initialized. External WinMGr cannot be set.
2026-06-08 21:48:07,982 [INFO] Updater:1134 - Updater Version found : 6.13.0
2026-06-08 21:48:07,999 [INFO] ApplicationProperties:184 - Using Application install path: /opt/st/stm32cubeide_1.17.0_2/plugins/com.st.stm32cube.common.mx_6.13.0.202411220809
2026-06-08 21:48:09,308 [INFO] MainUpdater:2872 - connection check result : 10
2026-06-08 21:48:09,310 [INFO] MainUpdater:289 - Updater Check For Update Now.
2026-06-08 21:48:09,310 [INFO] MicroXplorer:498 - Change Database Version : DB.6.0.130
2026-06-08 21:48:09,319 [INFO] McuFinderGlobals:63 - Set McuFinder mode to 2 (CubeIDE integrated)
2026-06-08 21:48:09,321 [INFO] UserAuth:486 - Internet connection configuration mode: 1
2026-06-08 21:48:09,340 [INFO] JxBrowserEngine:152 - Initiate JxBrowser Engine with user profile folder
2026-06-08 21:48:09,520 [INFO] CheckServerUpdateThread:120 - End of CheckServer Thread
2026-06-08 21:48:10,083 [WARN] PackLoader:240 - Cannot read IP mode file for STMicroelectronics.X-CUBE-AZRTOS-H7.3.5.0
2026-06-08 21:48:10,106 [WARN] PackLoader:240 - Cannot read IP mode file for STMicroelectronics.FP-SNS-MOTENVWB1.1.4.0
2026-06-08 21:48:10,120 [ERROR] Engine:466 - /home/santiago/.stm32cubemx/thirdparties/pdsc/STMicroelectronics.X-CUBE-SMBUS.2.1.1.pdsc: PDSC version is not supported
2026-06-08 21:48:10,125 [WARN] PackLoader:240 - Cannot read IP mode file for STMicroelectronics.X-CUBE-SMBUS.2.1.0
2026-06-08 21:48:10,184 [WARN] PackLoader:240 - Cannot read IP mode file for STMicroelectronics.X-CUBE-AZRTOS-F7.1.1.0
2026-06-08 21:48:10,202 [ERROR] Engine:466 - /home/santiago/.stm32cubemx/thirdparties/pdsc/WES.I-CUBE-Cesium.1.4.0.pdsc: PDSC version is not supported
2026-06-08 21:48:10,215 [WARN] PackLoader:240 - Cannot read IP mode file for STMicroelectronics.X-CUBE-DISPLAY.3.0.0
2026-06-08 21:48:10,241 [WARN] PackLoader:240 - Cannot read IP mode file for STMicroelectronics.X-CUBE-GNSS1.7.1.1
2026-06-08 21:48:10,248 [ERROR] Engine:466 - /home/santiago/.stm32cubemx/thirdparties/pdsc/STMicroelectronics.FP-SNS-MOTENVWB1.1.5.0.pdsc: PDSC version is not supported
2026-06-08 21:48:10,253 [WARN] PackLoader:240 - Cannot read IP mode file for wolfSSL.I-CUBE-wolfSSL.5.9.1
2026-06-08 21:48:10,265 [WARN] PackLoader:240 - Cannot read IP mode file for STMicroelectronics.X-CUBE-NFC10.1.0.0
2026-06-08 21:48:10,290 [WARN] PackLoader:240 - Cannot read IP mode file for STMicroelectronics.X-CUBE-ST60.1.1.0
2026-06-08 21:48:10,301 [WARN] PackLoader:240 - Cannot read IP mode file for emotas.I-CUBE-CANOPEN.1.3.0
2026-06-08 21:48:10,309 [WARN] PackLoader:240 - Cannot read IP mode file for STMicroelectronics.FP-SNS-SMARTAG2.1.2.0
2026-06-08 21:48:10,325 [INFO] LogOutputStream:77 - [STDOUT_REDIRECT] 1 : Invalid condition id : UX_CORESTACK_Condition cause : null
2026-06-08 21:48:10,326 [INFO] LogOutputStream:77 - [STDOUT_REDIRECT] 1 : Invalid condition id : UX_CORESTACK_Condition cause : null
2026-06-08 21:48:10,326 [INFO] LogOutputStream:77 - [STDOUT_REDIRECT] 1 : Invalid condition id : UX_CORESTACK_Condition cause : null
2026-06-08 21:48:10,327 [INFO] LogOutputStream:77 - [STDOUT_REDIRECT] 1 : Invalid condition id : UX_CORESTACK_Condition cause : null
2026-06-08 21:48:10,327 [INFO] LogOutputStream:77 - [STDOUT_REDIRECT] 1 : Invalid condition id : UX_CORESTACK_Condition cause : null
2026-06-08 21:48:10,333 [WARN] PackLoader:240 - Cannot read IP mode file for STMicroelectronics.X-CUBE-AZRTOS-WL.2.0.0
2026-06-08 21:48:10,363 [WARN] PackLoader:240 - Cannot read IP mode file for STMicroelectronics.X-CUBE-AZRTOS-H7RS.1.2.0
2026-06-08 21:48:10,374 [WARN] PackLoader:240 - Cannot read IP mode file for STMicroelectronics.X-CUBE-BLE2.3.3.0
2026-06-08 21:48:10,458 [WARN] PackLoader:240 - Cannot read IP mode file for Infineon.AIROC-Wi-Fi-Bluetooth-STM32.1.8.0
2026-06-08 21:48:10,477 [WARN] PackLoader:240 - Cannot read IP mode file for STMicroelectronics.X-CUBE-NFC9.1.0.0
2026-06-08 21:48:10,484 [WARN] PackLoader:240 - Cannot read IP mode file for wolfSSL.I-CUBE-wolfMQTT.1.19.2
2026-06-08 21:48:10,489 [ERROR] Engine:466 - /home/santiago/.stm32cubemx/thirdparties/pdsc/STMicroelectronics.FP-SNS-STAIOTCFT.1.1.0.pdsc: PDSC version is not supported
2026-06-08 21:48:10,514 [WARN] PackLoader:240 - Cannot read IP mode file for STMicroelectronics.X-CUBE-AZRTOS-G0.1.1.0
2026-06-08 21:48:10,524 [WARN] PackLoader:240 - Cannot read IP mode file for STMicroelectronics.X-CUBE-NFC4.3.0.0
2026-06-08 21:48:10,530 [INFO] WebApp:168 - Instantiating new browser for Auth
2026-06-08 21:48:10,537 [WARN] PackLoader:240 - Cannot read IP mode file for EmbeddedOffice.I-CUBE-FS-RTOS.1.0.1
2026-06-08 21:48:10,543 [WARN] PackLoader:240 - Cannot read IP mode file for wolfSSL.I-CUBE-wolfTPM.3.8.0
2026-06-08 21:48:10,551 [WARN] PackLoader:240 - Cannot read IP mode file for STMicroelectronics.X-CUBE-TCPP.4.2.0
2026-06-08 21:48:10,561 [WARN] PackLoader:240 - Cannot read IP mode file for RealThread.X-CUBE-RT-Thread_Nano.4.1.1
2026-06-08 21:48:10,568 [WARN] PackLoader:240 - Cannot read IP mode file for STMicroelectronics.FP-ATR-SIGFOX1.3.2.0
2026-06-08 21:48:10,573 [ERROR] Engine:466 - /home/santiago/.stm32cubemx/thirdparties/pdsc/STMicroelectronics.X-CUBE-FREERTOS.1.5.0.pdsc: PDSC version is not supported
2026-06-08 21:48:10,578 [WARN] PackLoader:240 - Cannot read IP mode file for ITTIA_DB.I-CUBE-ITTIADB.8.9.0
2026-06-08 21:48:10,582 [WARN] PackLoader:240 - Cannot read IP mode file for Cesanta.I-CUBE-Mongoose.7.21.7
2026-06-08 21:48:10,593 [WARN] PackLoader:240 - Cannot read IP mode file for STMicroelectronics.X-CUBE-NFC6.3.2.0
2026-06-08 21:48:10,667 [WARN] PackLoader:240 - Cannot read IP mode file for STMicroelectronics.X-CUBE-MEMS1.12.1.0
2026-06-08 21:48:10,887 [WARN] PackLoader:240 - Cannot read IP mode file for SEGGER.I-CUBE-embOS.1.3.1
2026-06-08 21:48:11,019 [WARN] PackLoader:240 - Cannot read IP mode file for STMicroelectronics.X-CUBE-ALGOBUILD.1.4.0
2026-06-08 21:48:11,025 [WARN] PackLoader:240 - Cannot read IP mode file for STMicroelectronics.X-CUBE-PM33A1.1.0.0
2026-06-08 21:48:11,057 [WARN] PackLoader:240 - Cannot read IP mode file for STMicroelectronics.X-CUBE-AZRTOS-F4.1.1.0
2026-06-08 21:48:11,069 [WARN] PackLoader:240 - Cannot read IP mode file for STMicroelectronics.X-CUBE-ISPU.2.1.0
2026-06-08 21:48:11,080 [ERROR] Engine:466 - /home/santiago/.stm32cubemx/thirdparties/pdsc/STMicroelectronics.X-CUBE-IPS.3.2.0.pdsc: PDSC version is not supported
2026-06-08 21:48:11,083 [WARN] PackLoader:240 - Cannot read IP mode file for STMicroelectronics.eDS-WB_DPC_TT-BIDIR.2.1.1
2026-06-08 21:48:11,103 [WARN] PackLoader:240 - Cannot read IP mode file for STMicroelectronics.X-CUBE-NFC12.1.0.0
2026-06-08 21:48:11,128 [WARN] PackLoader:240 - Cannot read IP mode file for STMicroelectronics.X-CUBE-AZRTOS-L5.2.0.0
2026-06-08 21:48:11,141 [WARN] PackLoader:240 - Cannot read IP mode file for STMicroelectronics.X-CUBE-ALGOBUILD.1.5.0
2026-06-08 21:48:11,146 [WARN] PackLoader:240 - Cannot read IP mode file for STMicroelectronics.eDS-WB_DPC_VIENNA.1.2.0
2026-06-08 21:48:11,149 [WARN] PackLoader:240 - Cannot read IP mode file for STMicroelectronics.eDS-WB_DPC_3PH2L-BIDIR.1.1.1
2026-06-08 21:48:11,154 [ERROR] Engine:466 - /home/santiago/.stm32cubemx/thirdparties/pdsc/STMicroelectronics.X-CUBE-ST67W61.1.3.0.pdsc: PDSC version is not supported
2026-06-08 21:48:11,159 [WARN] PackLoader:240 - Cannot read IP mode file for STMicroelectronics.X-CUBE-TOUCHGFX.4.26.1
2026-06-08 21:48:11,165 [WARN] PackLoader:240 - Cannot read IP mode file for STMicroelectronics.FP-SNS-STAIOTCFT.1.0.0
2026-06-08 21:48:11,193 [WARN] ConditionMgr:438 - getConditionDescription Invalid condition id : LAN8742 Phy interface Condition cause : null
2026-06-08 21:48:11,194 [WARN] PackLoader:240 - Cannot read IP mode file for STMicroelectronics.X-CUBE-AZRTOS-L4.2.0.0
2026-06-08 21:48:11,196 [WARN] ConditionMgr:1044 - genDependencies : Invalid condition id : LAN8742 Phy interface Condition cause : null
2026-06-08 21:48:11,197 [WARN] ConditionMgr:1044 - genDependencies : Invalid condition id : LAN8742 Phy interface Condition cause : null
2026-06-08 21:48:11,198 [WARN] ConditionMgr:1044 - genDependencies : Invalid condition id : LAN8742 Phy interface Condition cause : null
2026-06-08 21:48:11,208 [WARN] PackLoader:240 - Cannot read IP mode file for STMicroelectronics.X-CUBE-SFXS2LP1.4.0.0
2026-06-08 21:48:11,216 [WARN] PackLoader:240 - Cannot read IP mode file for STMicroelectronics.X-CUBE-WB05N.2.1.0
2026-06-08 21:48:11,234 [WARN] ConditionMgr:438 - getConditionDescription Invalid condition id : UX DEVICE CLASS RTOS Condition cause : null
2026-06-08 21:48:11,234 [WARN] ConditionMgr:438 - getConditionDescription Invalid condition id : UX DEVICE CLASS RTOS Condition cause : null
2026-06-08 21:48:11,238 [WARN] PackLoader:240 - Cannot read IP mode file for STMicroelectronics.X-CUBE-AZRTOS-WB.2.0.0
2026-06-08 21:48:11,239 [WARN] ConditionMgr:1044 - genDependencies : Invalid condition id : UX DEVICE CLASS RTOS Condition cause : null
2026-06-08 21:48:11,239 [WARN] ConditionMgr:1044 - genDependencies : Invalid condition id : UX DEVICE CLASS RTOS Condition cause : null
2026-06-08 21:48:11,240 [WARN] ConditionMgr:1044 - genDependencies : Invalid condition id : UX DEVICE CLASS RTOS Condition cause : null
2026-06-08 21:48:11,240 [WARN] ConditionMgr:1044 - genDependencies : Invalid condition id : UX DEVICE CLASS RTOS Condition cause : null
2026-06-08 21:48:11,240 [WARN] ConditionMgr:1044 - genDependencies : Invalid condition id : UX DEVICE CLASS RTOS Condition cause : null
2026-06-08 21:48:11,245 [WARN] ConditionMgr:438 - getConditionDescription Invalid condition id : Cortex-A Device cause : null
2026-06-08 21:48:11,257 [WARN] ConditionMgr:1044 - genDependencies : Invalid condition id : Cortex-A Device cause : null
2026-06-08 21:48:11,257 [WARN] ConditionMgr:1044 - genDependencies : Invalid condition id : Cortex-A Device cause : null
2026-06-08 21:48:11,257 [WARN] ConditionMgr:1044 - genDependencies : Invalid condition id : Cortex-A Device cause : null
2026-06-08 21:48:11,266 [WARN] PackLoader:240 - Cannot read IP mode file for STMicroelectronics.X-CUBE-STSE01.2.0.0
2026-06-08 21:48:11,287 [WARN] PackLoader:240 - Cannot read IP mode file for STMicroelectronics.X-CUBE-SUBG2.5.0.0
2026-06-08 21:48:11,322 [WARN] PackLoader:240 - Cannot read IP mode file for STMicroelectronics.X-CUBE-AZRTOS-G4.2.0.0
2026-06-08 21:48:11,329 [WARN] PackLoader:240 - Cannot read IP mode file for wolfSSL.I-CUBE-wolfSSH.1.4.20
2026-06-08 21:48:11,339 [WARN] PackLoader:240 - Cannot read IP mode file for STMicroelectronics.X-CUBE-NFC7.2.0.0
2026-06-08 21:48:11,346 [WARN] PackLoader:240 - Cannot read IP mode file for STMicroelectronics.X-CUBE-ALS.1.0.2
2026-06-08 21:48:11,363 [WARN] PackLoader:240 - Cannot read IP mode file for STMicroelectronics.X-CUBE-TOF1.3.4.3
2026-06-08 21:48:11,384 [INFO] ThirdParty:978 - Integrity check success = true
2026-06-08 21:48:11,384 [INFO] IntegrityCheckThread:100 - exiting critical section [integrity check]
2026-06-08 21:48:11,385 [INFO] IntegrityCheckThread:103 - End integrity checks thread
2026-06-08 21:48:11,727 [INFO] WebApp:449 - Apply proxy settings
2026-06-08 21:48:11,727 [INFO] WebApp:534 - Chromium requires no authentication
2026-06-08 21:48:11,738 [INFO] WebApp:477 - Direct internet connection detected
2026-06-08 21:48:11,757 [INFO] WebApp:880 - Register for checkConnection events
2026-06-08 21:48:11,757 [INFO] WebApp:449 - Apply proxy settings
2026-06-08 21:48:11,757 [INFO] WebApp:534 - Chromium requires no authentication
2026-06-08 21:48:11,758 [INFO] WebApp:477 - Direct internet connection detected
2026-06-08 21:48:11,908 [INFO] WebApp:221 - Starting web application
2026-06-08 21:48:11,908 [INFO] WebApp:579 - Web application path used /opt/st/stm32cubeide_1.17.0_2/plugins/com.st.stm32cube.common.mx_6.13.0.202411220809/db/plugins/mcufinder/reactClient1/index.html
2026-06-08 21:48:11,996 [INFO] UserAuth:486 - Internet connection configuration mode: 1
2026-06-08 21:48:12,304 [INFO] WebApp:187 - Connection restablished
2026-06-08 21:49:45,508 [INFO] Activator:176 - 


2026-06-08 21:49:45,510 [INFO] Activator:177 - !SESSION log4j initialized
2026-06-08 21:49:47,720 [INFO] LogOutputStream:77 - [STDOUT_REDIRECT] 
2026-06-08 21:49:51,233 [INFO] ApplicationProperties:184 - Using Application install path: /opt/st/stm32cubeide_1.17.0_2/plugins/com.st.stm32cube.common.mx_6.13.0.202411220809
2026-06-08 21:49:51,248 [INFO] DbMcusXml:78 - Set database path to: /opt/st/stm32cubeide_1.17.0_2/plugins/com.st.stm32cube.common.mx_6.13.0.202411220809//db//mcu/
2026-06-08 21:49:51,249 [INFO] ApiDb:274 - Set plugin database path to: /opt/st/stm32cubeide_1.17.0_2/plugins/com.st.stm32cube.common.mx_6.13.0.202411220809//db//plugins/boardmanager/
2026-06-08 21:49:51,249 [WARN] ApiDb:259 - Overriding images path with different value:  => /opt/st/stm32cubeide_1.17.0_2/plugins/com.st.stm32cube.common.mx_6.13.0.202411220809//db//plugins/mcufinder/images/
2026-06-08 21:49:51,253 [INFO] ApiDb:250 - Set database path to: /home/santiago/.stmcufinder/plugins/mcufinder//mcu/
2026-06-08 21:49:51,254 [INFO] DbMcusAds:125 - Set database path to: /home/santiago/.stmcufinder/plugins/mcufinder//mcu/
2026-06-08 21:49:51,256 [INFO] CrossReferenceDbSqlite:203 - Set database path to: /home/santiago/.stmcufinder/plugins/mcufinder//mcu/cs/
2026-06-08 21:49:51,363 [INFO] RulesReader:64 - Compatibility file has been processed (297 Rules)
2026-06-08 21:49:51,411 [INFO] DbMcusXml:78 - Set database path to: /opt/st/stm32cubeide_1.17.0_2/plugins/com.st.stm32cube.common.mx_6.13.0.202411220809//db//mcu/
2026-06-08 21:49:51,412 [INFO] ApiDb:274 - Set plugin database path to: /opt/st/stm32cubeide_1.17.0_2/plugins/com.st.stm32cube.common.mx_6.13.0.202411220809//db//plugins/boardmanager/
2026-06-08 21:49:51,412 [INFO] ApiDb:261 - Set plugin images path to: /opt/st/stm32cubeide_1.17.0_2/plugins/com.st.stm32cube.common.mx_6.13.0.202411220809//db//plugins/mcufinder/images/
2026-06-08 21:49:51,412 [WARN] DbFile:41 - Overriding database path with different value: /home/santiago/.stmcufinder/plugins/mcufinder/ => /home/santiago/.stmcufinder/plugins/mcufinder
2026-06-08 21:49:51,412 [INFO] ApiDb:250 - Set database path to: /home/santiago/.stmcufinder/plugins/mcufinder//mcu/
2026-06-08 21:49:51,412 [WARN] DbFile:41 - Overriding database path with different value: /home/santiago/.stmcufinder/plugins/mcufinder/ => /home/santiago/.stmcufinder/plugins/mcufinder
2026-06-08 21:49:51,412 [INFO] DbMcusAds:125 - Set database path to: /home/santiago/.stmcufinder/plugins/mcufinder//mcu/
2026-06-08 21:49:51,412 [WARN] DbFile:41 - Overriding database path with different value: /home/santiago/.stmcufinder/plugins/mcufinder/ => /home/santiago/.stmcufinder/plugins/mcufinder
2026-06-08 21:49:51,412 [WARN] DbFile:41 - Overriding database path with different value: /home/santiago/.stmcufinder/plugins/mcufinder/ => /home/santiago/.stmcufinder/plugins/mcufinder
2026-06-08 21:49:51,413 [INFO] CrossReferenceDbSqlite:203 - Set database path to: /home/santiago/.stmcufinder/plugins/mcufinder//mcu/cs/
2026-06-08 21:49:51,457 [INFO] MainPanel:272 - HeapMemory: 268435456
2026-06-08 21:49:51,538 [INFO] DbMcusXml:78 - Set database path to: /opt/st/stm32cubeide_1.17.0_2/plugins/com.st.stm32cube.common.mx_6.13.0.202411220809//db//mcu/
2026-06-08 21:49:51,538 [INFO] ApiDb:274 - Set plugin database path to: /opt/st/stm32cubeide_1.17.0_2/plugins/com.st.stm32cube.common.mx_6.13.0.202411220809//db//plugins/boardmanager/
2026-06-08 21:49:51,538 [INFO] ApiDb:261 - Set plugin images path to: /opt/st/stm32cubeide_1.17.0_2/plugins/com.st.stm32cube.common.mx_6.13.0.202411220809//db//plugins/mcufinder/images/
2026-06-08 21:49:51,538 [WARN] DbFile:41 - Overriding database path with different value: /home/santiago/.stmcufinder/plugins/mcufinder/ => /home/santiago/.stmcufinder/plugins/mcufinder
2026-06-08 21:49:51,538 [INFO] ApiDb:250 - Set database path to: /home/santiago/.stmcufinder/plugins/mcufinder//mcu/
2026-06-08 21:49:51,538 [WARN] DbFile:41 - Overriding database path with different value: /home/santiago/.stmcufinder/plugins/mcufinder/ => /home/santiago/.stmcufinder/plugins/mcufinder
2026-06-08 21:49:51,538 [INFO] DbMcusAds:125 - Set database path to: /home/santiago/.stmcufinder/plugins/mcufinder//mcu/
2026-06-08 21:49:51,538 [WARN] DbFile:41 - Overriding database path with different value: /home/santiago/.stmcufinder/plugins/mcufinder/ => /home/santiago/.stmcufinder/plugins/mcufinder
2026-06-08 21:49:51,539 [WARN] DbFile:41 - Overriding database path with different value: /home/santiago/.stmcufinder/plugins/mcufinder/ => /home/santiago/.stmcufinder/plugins/mcufinder
2026-06-08 21:49:51,539 [INFO] CrossReferenceDbSqlite:203 - Set database path to: /home/santiago/.stmcufinder/plugins/mcufinder//mcu/cs/
2026-06-08 21:49:51,550 [INFO] ApplicationProperties:184 - Using Application install path: /opt/st/stm32cubeide_1.17.0_2/plugins/com.st.stm32cube.common.mx_6.13.0.202411220809
2026-06-08 21:49:51,552 [INFO] PluginManage:196 - Search for loadable plugins [exclusion list=, ]
2026-06-08 21:49:51,552 [INFO] PluginManage:310 - Check plugin analytics
2026-06-08 21:49:51,702 [INFO] AnalyticsPlugin:253 - Accepted Software Licenses: 
2026-06-08 21:49:51,703 [INFO] AnalyticsPlugin:255 - Accepted CMSIS Pack Licenses: 
2026-06-08 21:49:51,703 [INFO] AnalyticsPlugin:257 - Accepted Firmware Licenses: FW.F4.1.28.0
2026-06-08 21:49:51,706 [INFO] PluginManage:359 - Loaded plugin analytics (category:tool,tabindex:-1)
2026-06-08 21:49:51,707 [INFO] PluginManage:310 - Check plugin cadmodel
2026-06-08 21:49:51,710 [INFO] CADModel:105 - Init CAD model plugin
2026-06-08 21:49:51,711 [INFO] PluginManage:359 - Loaded plugin cadmodel (category:power,tabindex:5)
2026-06-08 21:49:51,711 [INFO] PluginManage:310 - Check plugin clock
2026-06-08 21:49:51,719 [INFO] PluginManage:359 - Loaded plugin clock (category:base,tabindex:2)
2026-06-08 21:49:51,719 [INFO] PluginManage:310 - Check plugin ddr
2026-06-08 21:49:51,721 [INFO] PluginManage:359 - Loaded plugin ddr (category:tool,tabindex:6)
2026-06-08 21:49:51,722 [INFO] PluginManage:310 - Check plugin filemanager
2026-06-08 21:49:51,857 [INFO] PluginManage:359 - Loaded plugin filemanager (category:base,tabindex:10)
2026-06-08 21:49:51,857 [INFO] PluginManage:310 - Check plugin ipmanager
2026-06-08 21:49:51,862 [INFO] PluginManage:359 - Loaded plugin ipmanager (category:base,tabindex:5)
2026-06-08 21:49:51,862 [INFO] PluginManage:310 - Check plugin lpbam
2026-06-08 21:49:51,872 [INFO] PluginManage:359 - Loaded plugin lpbam (category:base,tabindex:0)
2026-06-08 21:49:51,873 [INFO] PluginManage:310 - Check plugin memorymap
2026-06-08 21:49:51,886 [INFO] PluginManage:359 - Loaded plugin memorymap (category:base,tabindex:4)
2026-06-08 21:49:51,886 [INFO] PluginManage:310 - Check plugin pinoutandconfiguration
2026-06-08 21:49:51,894 [INFO] PluginManage:359 - Loaded plugin pinoutandconfiguration (category:base,tabindex:1)
2026-06-08 21:49:51,895 [INFO] PluginManage:310 - Check plugin pinoutconfig
2026-06-08 21:49:52,016 [WARN] SupportedApi:132 - Cannot load RTOS API schema: s4s-elt-must-match.1: The content of 'definitions' must match (annotation?, (simpleType | complexType)?, (unique | key | keyref)*)). A problem was found starting at: attribute.
2026-06-08 21:49:52,167 [INFO] PluginManage:359 - Loaded plugin pinoutconfig (category:base,tabindex:0)
2026-06-08 21:49:52,167 [INFO] PluginManage:310 - Check plugin power
2026-06-08 21:49:52,177 [INFO] PluginManage:359 - Loaded plugin power (category:power,tabindex:4)
2026-06-08 21:49:52,177 [INFO] PluginManage:310 - Check plugin projectmanager
2026-06-08 21:49:52,197 [INFO] PluginManage:359 - Loaded plugin projectmanager (category:projectmanager,tabindex:4)
2026-06-08 21:49:52,197 [INFO] PluginManage:310 - Check plugin rif
2026-06-08 21:49:52,204 [INFO] PluginManage:359 - Loaded plugin rif (category:base,tabindex:3)
2026-06-08 21:49:52,204 [INFO] PluginManage:310 - Check plugin thirdparty
2026-06-08 21:49:52,340 [INFO] PluginManage:359 - Loaded plugin thirdparty (category:base,tabindex:-1)
2026-06-08 21:49:52,340 [WARN] IntegrityCheckThread:84 - waiting for thirdparty lock release [integrity check]
2026-06-08 21:49:52,341 [INFO] PluginManage:310 - Check plugin tools
2026-06-08 21:49:52,341 [INFO] IntegrityCheckThread:86 - entering critical section [integrity check]
2026-06-08 21:49:52,341 [INFO] ThirdPartyUpdaterWithRetryManager:70 - Updater plugin not ready yet. [1/15]
2026-06-08 21:49:52,344 [INFO] PluginManage:359 - Loaded plugin tools (category:base,tabindex:7)
2026-06-08 21:49:52,344 [INFO] PluginManage:310 - Check plugin tutovideos
2026-06-08 21:49:52,495 [INFO] PluginManage:359 - Loaded plugin tutovideos (category:base,tabindex:-1)
2026-06-08 21:49:52,496 [INFO] PluginManage:310 - Check plugin updater
2026-06-08 21:49:52,519 [INFO] PluginManage:359 - Loaded plugin updater (category:base,tabindex:12)
2026-06-08 21:49:52,520 [INFO] PluginManage:310 - Check plugin userauth
2026-06-08 21:49:52,522 [INFO] UserAuth:118 - Init User Auth plugin
2026-06-08 21:49:52,523 [INFO] PluginManage:359 - Loaded plugin userauth (category:base,tabindex:14)
2026-06-08 21:49:52,524 [INFO] PluginManage:283 - PluginManage : Loaded plugins [18]
2026-06-08 21:49:52,671 [INFO] PinOutPanel:1589 - setPackage(No Configuration,No Configuration)
2026-06-08 21:49:52,720 [INFO] CADModel:165 - CPN selected for project level
2026-06-08 21:49:52,720 [INFO] CADModel:114 - Register for checkConnection events
2026-06-08 21:49:52,728 [INFO] IPUIPlugin:80 - create IPUIPlugin
2026-06-08 21:49:52,728 [INFO] PluginManager:220 - loadIPPluginJar : add ipddr
2026-06-08 21:49:52,730 [INFO] IPUIPlugin:80 - create IPUIPlugin
2026-06-08 21:49:52,730 [INFO] PluginManager:220 - loadIPPluginJar : add gtzc
2026-06-08 21:49:52,732 [INFO] IPUIPlugin:80 - create IPUIPlugin
2026-06-08 21:49:52,732 [INFO] PluginManager:220 - loadIPPluginJar : add usbx
2026-06-08 21:49:52,734 [INFO] IPUIPlugin:80 - create IPUIPlugin
2026-06-08 21:49:52,734 [INFO] PluginManager:220 - loadIPPluginJar : add openamp
2026-06-08 21:49:52,736 [INFO] IPUIPlugin:80 - create IPUIPlugin
2026-06-08 21:49:52,736 [INFO] PluginManager:220 - loadIPPluginJar : add can
2026-06-08 21:49:52,741 [INFO] IPUIPlugin:80 - create IPUIPlugin
2026-06-08 21:49:52,741 [INFO] PluginManager:220 - loadIPPluginJar : add linkedlist
2026-06-08 21:49:52,742 [INFO] IPUIPlugin:80 - create IPUIPlugin
2026-06-08 21:49:52,742 [INFO] PluginManager:220 - loadIPPluginJar : add tim
2026-06-08 21:49:52,746 [INFO] IPUIPlugin:80 - create IPUIPlugin
2026-06-08 21:49:52,746 [INFO] PluginManager:220 - loadIPPluginJar : add fmc
2026-06-08 21:49:52,748 [INFO] IPUIPlugin:80 - create IPUIPlugin
2026-06-08 21:49:52,748 [INFO] PluginManager:220 - loadIPPluginJar : add i2s
2026-06-08 21:49:52,750 [INFO] IPUIPlugin:80 - create IPUIPlugin
2026-06-08 21:49:52,750 [INFO] PluginManager:220 - loadIPPluginJar : add cryp
2026-06-08 21:49:52,753 [INFO] IPUIPlugin:80 - create IPUIPlugin
2026-06-08 21:49:52,754 [INFO] PluginManager:220 - loadIPPluginJar : add stm32_wpan
2026-06-08 21:49:52,755 [INFO] IPUIPlugin:80 - create IPUIPlugin
2026-06-08 21:49:52,755 [INFO] PluginManager:220 - loadIPPluginJar : add i3c
2026-06-08 21:49:52,756 [INFO] IPUIPlugin:80 - create IPUIPlugin
2026-06-08 21:49:52,757 [INFO] PluginManager:220 - loadIPPluginJar : add quadspi
2026-06-08 21:49:52,760 [INFO] IPUIPlugin:80 - create IPUIPlugin
2026-06-08 21:49:52,761 [INFO] PluginManager:220 - loadIPPluginJar : add dma
2026-06-08 21:49:52,762 [INFO] IPUIPlugin:80 - create IPUIPlugin
2026-06-08 21:49:52,762 [INFO] PluginManager:220 - loadIPPluginJar : add ltdc
2026-06-08 21:49:52,764 [INFO] IPUIPlugin:80 - create IPUIPlugin
2026-06-08 21:49:52,765 [INFO] PluginManager:220 - loadIPPluginJar : add nvic
2026-06-08 21:49:52,767 [INFO] IPUIPlugin:80 - create IPUIPlugin
2026-06-08 21:49:52,767 [INFO] PluginManager:220 - loadIPPluginJar : add opamp
2026-06-08 21:49:52,770 [INFO] IPUIPlugin:80 - create IPUIPlugin
2026-06-08 21:49:52,771 [INFO] PluginManager:220 - loadIPPluginJar : add freertos
2026-06-08 21:49:52,772 [INFO] IPUIPlugin:80 - create IPUIPlugin
2026-06-08 21:49:52,772 [INFO] PluginManager:220 - loadIPPluginJar : add hash
2026-06-08 21:49:52,775 [INFO] IPUIPlugin:80 - create IPUIPlugin
2026-06-08 21:49:52,775 [INFO] PluginManager:220 - loadIPPluginJar : add touchsensing
2026-06-08 21:49:52,777 [INFO] IPUIPlugin:80 - create IPUIPlugin
2026-06-08 21:49:52,777 [INFO] PluginManager:220 - loadIPPluginJar : add spi
2026-06-08 21:49:52,778 [INFO] IPUIPlugin:80 - create IPUIPlugin
2026-06-08 21:49:52,778 [INFO] PluginManager:220 - loadIPPluginJar : add comp
2026-06-08 21:49:52,780 [INFO] IPUIPlugin:80 - create IPUIPlugin
2026-06-08 21:49:52,780 [INFO] PluginManager:220 - loadIPPluginJar : add ucpd
2026-06-08 21:49:52,782 [INFO] IPUIPlugin:80 - create IPUIPlugin
2026-06-08 21:49:52,782 [INFO] PluginManager:220 - loadIPPluginJar : add ddr_ctrl_phy
2026-06-08 21:49:52,783 [INFO] IPUIPlugin:80 - create IPUIPlugin
2026-06-08 21:49:52,784 [INFO] PluginManager:220 - loadIPPluginJar : add fatfs
2026-06-08 21:49:52,785 [INFO] IPUIPlugin:80 - create IPUIPlugin
2026-06-08 21:49:52,785 [INFO] PluginManager:220 - loadIPPluginJar : add dma3
2026-06-08 21:49:52,788 [INFO] IPUIPlugin:80 - create IPUIPlugin
2026-06-08 21:49:52,788 [INFO] PluginManager:220 - loadIPPluginJar : add sai
2026-06-08 21:49:52,790 [INFO] IPUIPlugin:80 - create IPUIPlugin
2026-06-08 21:49:52,790 [INFO] PluginManager:220 - loadIPPluginJar : add extmemmanager
2026-06-08 21:49:52,792 [INFO] IPUIPlugin:80 - create IPUIPlugin
2026-06-08 21:49:52,792 [INFO] PluginManager:220 - loadIPPluginJar : add i2c
2026-06-08 21:49:52,794 [INFO] IPUIPlugin:80 - create IPUIPlugin
2026-06-08 21:49:52,794 [INFO] PluginManager:220 - loadIPPluginJar : add tracer_emb
2026-06-08 21:49:52,795 [INFO] IPUIPlugin:80 - create IPUIPlugin
2026-06-08 21:49:52,795 [INFO] PluginManager:220 - loadIPPluginJar : add ts
2026-06-08 21:49:52,798 [INFO] IPUIPlugin:80 - create IPUIPlugin
2026-06-08 21:49:52,798 [INFO] PluginManager:220 - loadIPPluginJar : add resmgrutility
2026-06-08 21:49:52,802 [INFO] IPUIPlugin:80 - create IPUIPlugin
2026-06-08 21:49:52,802 [INFO] PluginManager:220 - loadIPPluginJar : add gic
2026-06-08 21:49:52,804 [INFO] IPUIPlugin:80 - create IPUIPlugin
2026-06-08 21:49:52,804 [INFO] PluginManager:220 - loadIPPluginJar : add usart
2026-06-08 21:49:52,805 [INFO] IPUIPlugin:80 - create IPUIPlugin
2026-06-08 21:49:52,805 [INFO] PluginManager:220 - loadIPPluginJar : add tsc
2026-06-08 21:49:52,807 [INFO] IPUIPlugin:80 - create IPUIPlugin
2026-06-08 21:49:52,807 [INFO] PluginManager:220 - loadIPPluginJar : add gfxmmu
2026-06-08 21:49:52,812 [INFO] IPUIPlugin:80 - create IPUIPlugin
2026-06-08 21:49:52,812 [INFO] PluginManager:220 - loadIPPluginJar : add mdma
2026-06-08 21:49:52,814 [INFO] IPUIPlugin:80 - create IPUIPlugin
2026-06-08 21:49:52,814 [INFO] PluginManager:220 - loadIPPluginJar : add lorawan
2026-06-08 21:49:52,818 [INFO] IPUIPlugin:80 - create IPUIPlugin
2026-06-08 21:49:52,818 [INFO] PluginManager:220 - loadIPPluginJar : add adc
2026-06-08 21:49:52,819 [INFO] IPUIPlugin:80 - create IPUIPlugin
2026-06-08 21:49:52,820 [INFO] PluginManager:220 - loadIPPluginJar : add genericplugin
2026-06-08 21:49:52,822 [INFO] IPUIPlugin:80 - create IPUIPlugin
2026-06-08 21:49:52,822 [INFO] PluginManager:220 - loadIPPluginJar : add pdm2pcm
2026-06-08 21:49:52,823 [INFO] IPUIPlugin:80 - create IPUIPlugin
2026-06-08 21:49:52,823 [INFO] PluginManager:220 - loadIPPluginJar : add radio
2026-06-08 21:49:52,825 [INFO] IPUIPlugin:80 - create IPUIPlugin
2026-06-08 21:49:52,825 [INFO] PluginManager:220 - loadIPPluginJar : add aes
2026-06-08 21:49:52,829 [INFO] IPUIPlugin:80 - create IPUIPlugin
2026-06-08 21:49:52,832 [INFO] PluginManager:220 - loadIPPluginJar : add plateformsettings
2026-06-08 21:49:52,835 [INFO] IPUIPlugin:80 - create IPUIPlugin
2026-06-08 21:49:52,836 [INFO] PluginManager:220 - loadIPPluginJar : add gpio
2026-06-08 21:49:52,838 [INFO] IPUIPlugin:80 - create IPUIPlugin
2026-06-08 21:49:52,838 [INFO] PluginManager:220 - loadIPPluginJar : add dfsdm
2026-06-08 21:49:52,942 [FATAL] Updater:351 - Updater called before beeing initialized
2026-06-08 21:49:52,963 [INFO] RulesReader:64 - Compatibility file has been processed (297 Rules)
2026-06-08 21:49:52,973 [INFO] RulesReader:64 - Compatibility file has been processed (297 Rules)
2026-06-08 21:49:52,979 [INFO] CADModel:165 - CPN selected for project level
2026-06-08 21:49:52,979 [INFO] CADModel:114 - Register for checkConnection events
2026-06-08 21:49:52,979 [FATAL] Updater:351 - Updater called before beeing initialized
2026-06-08 21:49:52,979 [ERROR] CADModel:125 - Updater not yet initialized, retry later 
2026-06-08 21:49:53,081 [FATAL] Updater:351 - Updater called before beeing initialized
2026-06-08 21:49:53,082 [INFO] CADModel:165 - CPN selected for project level
2026-06-08 21:49:53,082 [INFO] CADModel:114 - Register for checkConnection events
2026-06-08 21:49:53,082 [FATAL] Updater:351 - Updater called before beeing initialized
2026-06-08 21:49:53,082 [ERROR] CADModel:125 - Updater not yet initialized, retry later 
2026-06-08 21:49:53,085 [FATAL] Updater:351 - Updater called before beeing initialized
2026-06-08 21:49:53,168 [FATAL] Updater:351 - Updater called before beeing initialized
2026-06-08 21:49:53,172 [INFO] DbMcusAds:53 - JSON generation date=Thu May 28 11:08:17 COT 2026 (1779984497073)
2026-06-08 21:49:53,173 [FATAL] Updater:351 - Updater called before beeing initialized
2026-06-08 21:49:53,210 [WARN] DetailPanel:346 - Failed to get advertising image, set to default
2026-06-08 21:49:53,457 [FATAL] Updater:351 - Updater called before beeing initialized
2026-06-08 21:49:53,458 [FATAL] Updater:351 - Updater called before beeing initialized
2026-06-08 21:49:53,459 [FATAL] Updater:351 - Updater called before beeing initialized
2026-06-08 21:49:53,459 [WARN] DetailPanel:346 - Failed to get advertising image, set to default
2026-06-08 21:49:53,459 [FATAL] Updater:351 - Updater called before beeing initialized
2026-06-08 21:49:53,488 [ERROR] Updater:1198 - MainUpdater not yet initialized. External WinMGr cannot be set.
2026-06-08 21:49:53,489 [INFO] Updater:1134 - Updater Version found : 6.13.0
2026-06-08 21:49:53,504 [INFO] ApplicationProperties:184 - Using Application install path: /opt/st/stm32cubeide_1.17.0_2/plugins/com.st.stm32cube.common.mx_6.13.0.202411220809
2026-06-08 21:49:53,835 [INFO] MainUpdater:2872 - connection check result : 10
2026-06-08 21:49:53,836 [INFO] MainUpdater:289 - Updater Check For Update Now.
2026-06-08 21:49:53,837 [INFO] MicroXplorer:498 - Change Database Version : DB.6.0.130
2026-06-08 21:49:53,848 [INFO] McuFinderGlobals:63 - Set McuFinder mode to 2 (CubeIDE integrated)
2026-06-08 21:49:53,849 [INFO] UserAuth:486 - Internet connection configuration mode: 1
2026-06-08 21:49:53,878 [INFO] JxBrowserEngine:152 - Initiate JxBrowser Engine with user profile folder
2026-06-08 21:49:54,115 [INFO] CheckServerUpdateThread:120 - End of CheckServer Thread
2026-06-08 21:49:54,463 [INFO] WebApp:168 - Instantiating new browser for Auth
2026-06-08 21:49:55,045 [INFO] WebApp:449 - Apply proxy settings
2026-06-08 21:49:55,046 [INFO] WebApp:534 - Chromium requires no authentication
2026-06-08 21:49:55,052 [INFO] WebApp:477 - Direct internet connection detected
2026-06-08 21:49:55,069 [INFO] WebApp:880 - Register for checkConnection events
2026-06-08 21:49:55,069 [INFO] WebApp:449 - Apply proxy settings
2026-06-08 21:49:55,069 [INFO] WebApp:534 - Chromium requires no authentication
2026-06-08 21:49:55,070 [INFO] WebApp:477 - Direct internet connection detected
2026-06-08 21:49:55,196 [INFO] WebApp:221 - Starting web application
2026-06-08 21:49:55,196 [INFO] WebApp:579 - Web application path used /opt/st/stm32cubeide_1.17.0_2/plugins/com.st.stm32cube.common.mx_6.13.0.202411220809/db/plugins/mcufinder/reactClient1/index.html
2026-06-08 21:49:55,276 [INFO] UserAuth:486 - Internet connection configuration mode: 1
2026-06-08 21:49:55,470 [WARN] PackLoader:240 - Cannot read IP mode file for STMicroelectronics.X-CUBE-AZRTOS-H7.3.5.0
2026-06-08 21:49:55,480 [WARN] PackLoader:240 - Cannot read IP mode file for STMicroelectronics.FP-SNS-MOTENVWB1.1.4.0
2026-06-08 21:49:55,486 [ERROR] Engine:466 - /home/santiago/.stm32cubemx/thirdparties/pdsc/STMicroelectronics.X-CUBE-SMBUS.2.1.1.pdsc: PDSC version is not supported
2026-06-08 21:49:55,489 [WARN] PackLoader:240 - Cannot read IP mode file for STMicroelectronics.X-CUBE-SMBUS.2.1.0
2026-06-08 21:49:55,510 [WARN] PackLoader:240 - Cannot read IP mode file for STMicroelectronics.X-CUBE-AZRTOS-F7.1.1.0
2026-06-08 21:49:55,518 [ERROR] Engine:466 - /home/santiago/.stm32cubemx/thirdparties/pdsc/WES.I-CUBE-Cesium.1.4.0.pdsc: PDSC version is not supported
2026-06-08 21:49:55,525 [WARN] PackLoader:240 - Cannot read IP mode file for STMicroelectronics.X-CUBE-DISPLAY.3.0.0
2026-06-08 21:49:55,539 [WARN] PackLoader:240 - Cannot read IP mode file for STMicroelectronics.X-CUBE-GNSS1.7.1.1
2026-06-08 21:49:55,544 [ERROR] Engine:466 - /home/santiago/.stm32cubemx/thirdparties/pdsc/STMicroelectronics.FP-SNS-MOTENVWB1.1.5.0.pdsc: PDSC version is not supported
2026-06-08 21:49:55,550 [WARN] PackLoader:240 - Cannot read IP mode file for wolfSSL.I-CUBE-wolfSSL.5.9.1
2026-06-08 21:49:55,562 [WARN] PackLoader:240 - Cannot read IP mode file for STMicroelectronics.X-CUBE-NFC10.1.0.0
2026-06-08 21:49:55,575 [WARN] PackLoader:240 - Cannot read IP mode file for STMicroelectronics.X-CUBE-ST60.1.1.0
2026-06-08 21:49:55,586 [WARN] PackLoader:240 - Cannot read IP mode file for emotas.I-CUBE-CANOPEN.1.3.0
2026-06-08 21:49:55,593 [WARN] PackLoader:240 - Cannot read IP mode file for STMicroelectronics.FP-SNS-SMARTAG2.1.2.0
2026-06-08 21:49:55,606 [INFO] LogOutputStream:77 - [STDOUT_REDIRECT] 1 : Invalid condition id : UX_CORESTACK_Condition cause : null
2026-06-08 21:49:55,607 [INFO] LogOutputStream:77 - [STDOUT_REDIRECT] 1 : Invalid condition id : UX_CORESTACK_Condition cause : null
2026-06-08 21:49:55,607 [INFO] LogOutputStream:77 - [STDOUT_REDIRECT] 1 : Invalid condition id : UX_CORESTACK_Condition cause : null
2026-06-08 21:49:55,608 [INFO] LogOutputStream:77 - [STDOUT_REDIRECT] 1 : Invalid condition id : UX_CORESTACK_Condition cause : null
2026-06-08 21:49:55,608 [INFO] LogOutputStream:77 - [STDOUT_REDIRECT] 1 : Invalid condition id : UX_CORESTACK_Condition cause : null
2026-06-08 21:49:55,616 [WARN] PackLoader:240 - Cannot read IP mode file for STMicroelectronics.X-CUBE-AZRTOS-WL.2.0.0
2026-06-08 21:49:55,675 [WARN] PackLoader:240 - Cannot read IP mode file for STMicroelectronics.X-CUBE-AZRTOS-H7RS.1.2.0
2026-06-08 21:49:55,693 [INFO] WebApp:187 - Connection restablished
2026-06-08 21:49:55,695 [WARN] PackLoader:240 - Cannot read IP mode file for STMicroelectronics.X-CUBE-BLE2.3.3.0
2026-06-08 21:49:55,760 [WARN] PackLoader:240 - Cannot read IP mode file for Infineon.AIROC-Wi-Fi-Bluetooth-STM32.1.8.0
2026-06-08 21:49:55,778 [WARN] PackLoader:240 - Cannot read IP mode file for STMicroelectronics.X-CUBE-NFC9.1.0.0
2026-06-08 21:49:55,785 [WARN] PackLoader:240 - Cannot read IP mode file for wolfSSL.I-CUBE-wolfMQTT.1.19.2
2026-06-08 21:49:55,788 [ERROR] Engine:466 - /home/santiago/.stm32cubemx/thirdparties/pdsc/STMicroelectronics.FP-SNS-STAIOTCFT.1.1.0.pdsc: PDSC version is not supported
2026-06-08 21:49:55,811 [WARN] PackLoader:240 - Cannot read IP mode file for STMicroelectronics.X-CUBE-AZRTOS-G0.1.1.0
2026-06-08 21:49:55,821 [WARN] PackLoader:240 - Cannot read IP mode file for STMicroelectronics.X-CUBE-NFC4.3.0.0
2026-06-08 21:49:55,835 [WARN] PackLoader:240 - Cannot read IP mode file for EmbeddedOffice.I-CUBE-FS-RTOS.1.0.1
2026-06-08 21:49:55,839 [WARN] PackLoader:240 - Cannot read IP mode file for wolfSSL.I-CUBE-wolfTPM.3.8.0
2026-06-08 21:49:55,846 [WARN] PackLoader:240 - Cannot read IP mode file for STMicroelectronics.X-CUBE-TCPP.4.2.0
2026-06-08 21:49:55,853 [WARN] PackLoader:240 - Cannot read IP mode file for RealThread.X-CUBE-RT-Thread_Nano.4.1.1
2026-06-08 21:49:55,857 [WARN] PackLoader:240 - Cannot read IP mode file for STMicroelectronics.FP-ATR-SIGFOX1.3.2.0
2026-06-08 21:49:55,861 [ERROR] Engine:466 - /home/santiago/.stm32cubemx/thirdparties/pdsc/STMicroelectronics.X-CUBE-FREERTOS.1.5.0.pdsc: PDSC version is not supported
2026-06-08 21:49:55,867 [WARN] PackLoader:240 - Cannot read IP mode file for ITTIA_DB.I-CUBE-ITTIADB.8.9.0
2026-06-08 21:49:55,871 [WARN] PackLoader:240 - Cannot read IP mode file for Cesanta.I-CUBE-Mongoose.7.21.7
2026-06-08 21:49:55,882 [WARN] PackLoader:240 - Cannot read IP mode file for STMicroelectronics.X-CUBE-NFC6.3.2.0
2026-06-08 21:49:55,965 [WARN] PackLoader:240 - Cannot read IP mode file for STMicroelectronics.X-CUBE-MEMS1.12.1.0
2026-06-08 21:49:56,172 [WARN] PackLoader:240 - Cannot read IP mode file for SEGGER.I-CUBE-embOS.1.3.1
2026-06-08 21:49:56,299 [WARN] PackLoader:240 - Cannot read IP mode file for STMicroelectronics.X-CUBE-ALGOBUILD.1.4.0
2026-06-08 21:49:56,319 [WARN] PackLoader:240 - Cannot read IP mode file for STMicroelectronics.X-CUBE-PM33A1.1.0.0
2026-06-08 21:49:56,361 [WARN] PackLoader:240 - Cannot read IP mode file for STMicroelectronics.X-CUBE-AZRTOS-F4.1.1.0
2026-06-08 21:49:56,374 [WARN] PackLoader:240 - Cannot read IP mode file for STMicroelectronics.X-CUBE-ISPU.2.1.0
2026-06-08 21:49:56,386 [ERROR] Engine:466 - /home/santiago/.stm32cubemx/thirdparties/pdsc/STMicroelectronics.X-CUBE-IPS.3.2.0.pdsc: PDSC version is not supported
2026-06-08 21:49:56,396 [WARN] PackLoader:240 - Cannot read IP mode file for STMicroelectronics.eDS-WB_DPC_TT-BIDIR.2.1.1
2026-06-08 21:49:56,405 [WARN] PackLoader:240 - Cannot read IP mode file for STMicroelectronics.X-CUBE-NFC12.1.0.0
2026-06-08 21:49:56,447 [WARN] PackLoader:240 - Cannot read IP mode file for STMicroelectronics.X-CUBE-AZRTOS-L5.2.0.0
2026-06-08 21:49:56,464 [WARN] PackLoader:240 - Cannot read IP mode file for STMicroelectronics.X-CUBE-ALGOBUILD.1.5.0
2026-06-08 21:49:56,469 [WARN] PackLoader:240 - Cannot read IP mode file for STMicroelectronics.eDS-WB_DPC_VIENNA.1.2.0
2026-06-08 21:49:56,472 [WARN] PackLoader:240 - Cannot read IP mode file for STMicroelectronics.eDS-WB_DPC_3PH2L-BIDIR.1.1.1
2026-06-08 21:49:56,479 [ERROR] Engine:466 - /home/santiago/.stm32cubemx/thirdparties/pdsc/STMicroelectronics.X-CUBE-ST67W61.1.3.0.pdsc: PDSC version is not supported
2026-06-08 21:49:56,487 [WARN] PackLoader:240 - Cannot read IP mode file for STMicroelectronics.X-CUBE-TOUCHGFX.4.26.1
2026-06-08 21:49:56,499 [WARN] PackLoader:240 - Cannot read IP mode file for STMicroelectronics.FP-SNS-STAIOTCFT.1.0.0
2026-06-08 21:49:56,529 [WARN] ConditionMgr:438 - getConditionDescription Invalid condition id : LAN8742 Phy interface Condition cause : null
2026-06-08 21:49:56,531 [WARN] PackLoader:240 - Cannot read IP mode file for STMicroelectronics.X-CUBE-AZRTOS-L4.2.0.0
2026-06-08 21:49:56,533 [WARN] ConditionMgr:1044 - genDependencies : Invalid condition id : LAN8742 Phy interface Condition cause : null
2026-06-08 21:49:56,534 [WARN] ConditionMgr:1044 - genDependencies : Invalid condition id : LAN8742 Phy interface Condition cause : null
2026-06-08 21:49:56,536 [WARN] ConditionMgr:1044 - genDependencies : Invalid condition id : LAN8742 Phy interface Condition cause : null
2026-06-08 21:49:56,548 [WARN] PackLoader:240 - Cannot read IP mode file for STMicroelectronics.X-CUBE-SFXS2LP1.4.0.0
2026-06-08 21:49:56,560 [WARN] PackLoader:240 - Cannot read IP mode file for STMicroelectronics.X-CUBE-WB05N.2.1.0
2026-06-08 21:49:56,617 [WARN] ConditionMgr:438 - getConditionDescription Invalid condition id : UX DEVICE CLASS RTOS Condition cause : null
2026-06-08 21:49:56,618 [WARN] ConditionMgr:438 - getConditionDescription Invalid condition id : UX DEVICE CLASS RTOS Condition cause : null
2026-06-08 21:49:56,620 [WARN] PackLoader:240 - Cannot read IP mode file for STMicroelectronics.X-CUBE-AZRTOS-WB.2.0.0
2026-06-08 21:49:56,620 [WARN] ConditionMgr:1044 - genDependencies : Invalid condition id : UX DEVICE CLASS RTOS Condition cause : null
2026-06-08 21:49:56,621 [WARN] ConditionMgr:1044 - genDependencies : Invalid condition id : UX DEVICE CLASS RTOS Condition cause : null
2026-06-08 21:49:56,621 [WARN] ConditionMgr:1044 - genDependencies : Invalid condition id : UX DEVICE CLASS RTOS Condition cause : null
2026-06-08 21:49:56,621 [WARN] ConditionMgr:1044 - genDependencies : Invalid condition id : UX DEVICE CLASS RTOS Condition cause : null
2026-06-08 21:49:56,621 [WARN] ConditionMgr:1044 - genDependencies : Invalid condition id : UX DEVICE CLASS RTOS Condition cause : null
2026-06-08 21:49:56,625 [WARN] ConditionMgr:438 - getConditionDescription Invalid condition id : Cortex-A Device cause : null
2026-06-08 21:49:56,635 [WARN] ConditionMgr:1044 - genDependencies : Invalid condition id : Cortex-A Device cause : null
2026-06-08 21:49:56,635 [WARN] ConditionMgr:1044 - genDependencies : Invalid condition id : Cortex-A Device cause : null
2026-06-08 21:49:56,635 [WARN] ConditionMgr:1044 - genDependencies : Invalid condition id : Cortex-A Device cause : null
2026-06-08 21:49:56,643 [WARN] PackLoader:240 - Cannot read IP mode file for STMicroelectronics.X-CUBE-STSE01.2.0.0
2026-06-08 21:49:56,658 [WARN] PackLoader:240 - Cannot read IP mode file for STMicroelectronics.X-CUBE-SUBG2.5.0.0
2026-06-08 21:49:56,683 [WARN] PackLoader:240 - Cannot read IP mode file for STMicroelectronics.X-CUBE-AZRTOS-G4.2.0.0
2026-06-08 21:49:56,687 [WARN] PackLoader:240 - Cannot read IP mode file for wolfSSL.I-CUBE-wolfSSH.1.4.20
2026-06-08 21:49:56,692 [WARN] PackLoader:240 - Cannot read IP mode file for STMicroelectronics.X-CUBE-NFC7.2.0.0
2026-06-08 21:49:56,698 [WARN] PackLoader:240 - Cannot read IP mode file for STMicroelectronics.X-CUBE-ALS.1.0.2
2026-06-08 21:49:56,711 [WARN] PackLoader:240 - Cannot read IP mode file for STMicroelectronics.X-CUBE-TOF1.3.4.3
2026-06-08 21:49:56,722 [INFO] ThirdParty:978 - Integrity check success = true
2026-06-08 21:49:56,722 [INFO] IntegrityCheckThread:100 - exiting critical section [integrity check]
2026-06-08 21:49:56,723 [INFO] IntegrityCheckThread:103 - End integrity checks thread
2026-06-08 21:55:19,486 [ERROR] LogOutputStream:75 - [STDERR_REDIRECT] 
2026-06-08 21:55:41,583 [INFO] Activator:176 - 


2026-06-08 21:55:41,586 [INFO] Activator:177 - !SESSION log4j initialized
2026-06-08 21:55:43,906 [INFO] LogOutputStream:77 - [STDOUT_REDIRECT] 
2026-06-08 21:55:47,796 [INFO] ApplicationProperties:184 - Using Application install path: /opt/st/stm32cubeide_1.17.0_2/plugins/com.st.stm32cube.common.mx_6.13.0.202411220809
2026-06-08 21:55:47,811 [INFO] DbMcusXml:78 - Set database path to: /opt/st/stm32cubeide_1.17.0_2/plugins/com.st.stm32cube.common.mx_6.13.0.202411220809//db//mcu/
2026-06-08 21:55:47,812 [INFO] ApiDb:274 - Set plugin database path to: /opt/st/stm32cubeide_1.17.0_2/plugins/com.st.stm32cube.common.mx_6.13.0.202411220809//db//plugins/boardmanager/
2026-06-08 21:55:47,812 [WARN] ApiDb:259 - Overriding images path with different value:  => /opt/st/stm32cubeide_1.17.0_2/plugins/com.st.stm32cube.common.mx_6.13.0.202411220809//db//plugins/mcufinder/images/
2026-06-08 21:55:47,815 [INFO] ApiDb:250 - Set database path to: /home/santiago/.stmcufinder/plugins/mcufinder//mcu/
2026-06-08 21:55:47,816 [INFO] DbMcusAds:125 - Set database path to: /home/santiago/.stmcufinder/plugins/mcufinder//mcu/
2026-06-08 21:55:47,818 [INFO] CrossReferenceDbSqlite:203 - Set database path to: /home/santiago/.stmcufinder/plugins/mcufinder//mcu/cs/
2026-06-08 21:55:47,926 [INFO] RulesReader:64 - Compatibility file has been processed (297 Rules)
2026-06-08 21:55:47,980 [INFO] DbMcusXml:78 - Set database path to: /opt/st/stm32cubeide_1.17.0_2/plugins/com.st.stm32cube.common.mx_6.13.0.202411220809//db//mcu/
2026-06-08 21:55:47,980 [INFO] ApiDb:274 - Set plugin database path to: /opt/st/stm32cubeide_1.17.0_2/plugins/com.st.stm32cube.common.mx_6.13.0.202411220809//db//plugins/boardmanager/
2026-06-08 21:55:47,980 [INFO] ApiDb:261 - Set plugin images path to: /opt/st/stm32cubeide_1.17.0_2/plugins/com.st.stm32cube.common.mx_6.13.0.202411220809//db//plugins/mcufinder/images/
2026-06-08 21:55:47,981 [WARN] DbFile:41 - Overriding database path with different value: /home/santiago/.stmcufinder/plugins/mcufinder/ => /home/santiago/.stmcufinder/plugins/mcufinder
2026-06-08 21:55:47,981 [INFO] ApiDb:250 - Set database path to: /home/santiago/.stmcufinder/plugins/mcufinder//mcu/
2026-06-08 21:55:47,981 [WARN] DbFile:41 - Overriding database path with different value: /home/santiago/.stmcufinder/plugins/mcufinder/ => /home/santiago/.stmcufinder/plugins/mcufinder
2026-06-08 21:55:47,981 [INFO] DbMcusAds:125 - Set database path to: /home/santiago/.stmcufinder/plugins/mcufinder//mcu/
2026-06-08 21:55:47,981 [WARN] DbFile:41 - Overriding database path with different value: /home/santiago/.stmcufinder/plugins/mcufinder/ => /home/santiago/.stmcufinder/plugins/mcufinder
2026-06-08 21:55:47,981 [WARN] DbFile:41 - Overriding database path with different value: /home/santiago/.stmcufinder/plugins/mcufinder/ => /home/santiago/.stmcufinder/plugins/mcufinder
2026-06-08 21:55:47,981 [INFO] CrossReferenceDbSqlite:203 - Set database path to: /home/santiago/.stmcufinder/plugins/mcufinder//mcu/cs/
2026-06-08 21:55:48,041 [INFO] MainPanel:272 - HeapMemory: 268435456
2026-06-08 21:55:48,133 [INFO] DbMcusXml:78 - Set database path to: /opt/st/stm32cubeide_1.17.0_2/plugins/com.st.stm32cube.common.mx_6.13.0.202411220809//db//mcu/
2026-06-08 21:55:48,134 [INFO] ApiDb:274 - Set plugin database path to: /opt/st/stm32cubeide_1.17.0_2/plugins/com.st.stm32cube.common.mx_6.13.0.202411220809//db//plugins/boardmanager/
2026-06-08 21:55:48,134 [INFO] ApiDb:261 - Set plugin images path to: /opt/st/stm32cubeide_1.17.0_2/plugins/com.st.stm32cube.common.mx_6.13.0.202411220809//db//plugins/mcufinder/images/
2026-06-08 21:55:48,134 [WARN] DbFile:41 - Overriding database path with different value: /home/santiago/.stmcufinder/plugins/mcufinder/ => /home/santiago/.stmcufinder/plugins/mcufinder
2026-06-08 21:55:48,134 [INFO] ApiDb:250 - Set database path to: /home/santiago/.stmcufinder/plugins/mcufinder//mcu/
2026-06-08 21:55:48,134 [WARN] DbFile:41 - Overriding database path with different value: /home/santiago/.stmcufinder/plugins/mcufinder/ => /home/santiago/.stmcufinder/plugins/mcufinder
2026-06-08 21:55:48,134 [INFO] DbMcusAds:125 - Set database path to: /home/santiago/.stmcufinder/plugins/mcufinder//mcu/
2026-06-08 21:55:48,134 [WARN] DbFile:41 - Overriding database path with different value: /home/santiago/.stmcufinder/plugins/mcufinder/ => /home/santiago/.stmcufinder/plugins/mcufinder
2026-06-08 21:55:48,134 [WARN] DbFile:41 - Overriding database path with different value: /home/santiago/.stmcufinder/plugins/mcufinder/ => /home/santiago/.stmcufinder/plugins/mcufinder
2026-06-08 21:55:48,135 [INFO] CrossReferenceDbSqlite:203 - Set database path to: /home/santiago/.stmcufinder/plugins/mcufinder//mcu/cs/
2026-06-08 21:55:48,147 [INFO] ApplicationProperties:184 - Using Application install path: /opt/st/stm32cubeide_1.17.0_2/plugins/com.st.stm32cube.common.mx_6.13.0.202411220809
2026-06-08 21:55:48,148 [INFO] PluginManage:196 - Search for loadable plugins [exclusion list=, ]
2026-06-08 21:55:48,149 [INFO] PluginManage:310 - Check plugin analytics
2026-06-08 21:55:48,299 [INFO] AnalyticsPlugin:253 - Accepted Software Licenses: 
2026-06-08 21:55:48,300 [INFO] AnalyticsPlugin:255 - Accepted CMSIS Pack Licenses: 
2026-06-08 21:55:48,300 [INFO] AnalyticsPlugin:257 - Accepted Firmware Licenses: FW.F4.1.28.0
2026-06-08 21:55:48,303 [INFO] PluginManage:359 - Loaded plugin analytics (category:tool,tabindex:-1)
2026-06-08 21:55:48,304 [INFO] PluginManage:310 - Check plugin cadmodel
2026-06-08 21:55:48,308 [INFO] CADModel:105 - Init CAD model plugin
2026-06-08 21:55:48,308 [INFO] PluginManage:359 - Loaded plugin cadmodel (category:power,tabindex:5)
2026-06-08 21:55:48,309 [INFO] PluginManage:310 - Check plugin clock
2026-06-08 21:55:48,317 [INFO] PluginManage:359 - Loaded plugin clock (category:base,tabindex:2)
2026-06-08 21:55:48,318 [INFO] PluginManage:310 - Check plugin ddr
2026-06-08 21:55:48,320 [INFO] PluginManage:359 - Loaded plugin ddr (category:tool,tabindex:6)
2026-06-08 21:55:48,320 [INFO] PluginManage:310 - Check plugin filemanager
2026-06-08 21:55:48,462 [INFO] PluginManage:359 - Loaded plugin filemanager (category:base,tabindex:10)
2026-06-08 21:55:48,462 [INFO] PluginManage:310 - Check plugin ipmanager
2026-06-08 21:55:48,467 [INFO] PluginManage:359 - Loaded plugin ipmanager (category:base,tabindex:5)
2026-06-08 21:55:48,467 [INFO] PluginManage:310 - Check plugin lpbam
2026-06-08 21:55:48,474 [INFO] PluginManage:359 - Loaded plugin lpbam (category:base,tabindex:0)
2026-06-08 21:55:48,474 [INFO] PluginManage:310 - Check plugin memorymap
2026-06-08 21:55:48,484 [INFO] PluginManage:359 - Loaded plugin memorymap (category:base,tabindex:4)
2026-06-08 21:55:48,484 [INFO] PluginManage:310 - Check plugin pinoutandconfiguration
2026-06-08 21:55:48,492 [INFO] PluginManage:359 - Loaded plugin pinoutandconfiguration (category:base,tabindex:1)
2026-06-08 21:55:48,492 [INFO] PluginManage:310 - Check plugin pinoutconfig
2026-06-08 21:55:48,588 [WARN] SupportedApi:132 - Cannot load RTOS API schema: s4s-elt-must-match.1: The content of 'definitions' must match (annotation?, (simpleType | complexType)?, (unique | key | keyref)*)). A problem was found starting at: attribute.
2026-06-08 21:55:48,764 [INFO] PluginManage:359 - Loaded plugin pinoutconfig (category:base,tabindex:0)
2026-06-08 21:55:48,765 [INFO] PluginManage:310 - Check plugin power
2026-06-08 21:55:48,776 [INFO] PluginManage:359 - Loaded plugin power (category:power,tabindex:4)
2026-06-08 21:55:48,776 [INFO] PluginManage:310 - Check plugin projectmanager
2026-06-08 21:55:48,795 [INFO] PluginManage:359 - Loaded plugin projectmanager (category:projectmanager,tabindex:4)
2026-06-08 21:55:48,795 [INFO] PluginManage:310 - Check plugin rif
2026-06-08 21:55:48,801 [INFO] PluginManage:359 - Loaded plugin rif (category:base,tabindex:3)
2026-06-08 21:55:48,801 [INFO] PluginManage:310 - Check plugin thirdparty
2026-06-08 21:55:48,916 [INFO] PluginManage:359 - Loaded plugin thirdparty (category:base,tabindex:-1)
2026-06-08 21:55:48,916 [WARN] IntegrityCheckThread:84 - waiting for thirdparty lock release [integrity check]
2026-06-08 21:55:48,916 [INFO] PluginManage:310 - Check plugin tools
2026-06-08 21:55:48,916 [INFO] IntegrityCheckThread:86 - entering critical section [integrity check]
2026-06-08 21:55:48,916 [INFO] ThirdPartyUpdaterWithRetryManager:70 - Updater plugin not ready yet. [1/15]
2026-06-08 21:55:48,918 [INFO] PluginManage:359 - Loaded plugin tools (category:base,tabindex:7)
2026-06-08 21:55:48,918 [INFO] PluginManage:310 - Check plugin tutovideos
2026-06-08 21:55:49,074 [INFO] PluginManage:359 - Loaded plugin tutovideos (category:base,tabindex:-1)
2026-06-08 21:55:49,074 [INFO] PluginManage:310 - Check plugin updater
2026-06-08 21:55:49,100 [INFO] PluginManage:359 - Loaded plugin updater (category:base,tabindex:12)
2026-06-08 21:55:49,100 [INFO] PluginManage:310 - Check plugin userauth
2026-06-08 21:55:49,103 [INFO] UserAuth:118 - Init User Auth plugin
2026-06-08 21:55:49,104 [INFO] PluginManage:359 - Loaded plugin userauth (category:base,tabindex:14)
2026-06-08 21:55:49,104 [INFO] PluginManage:283 - PluginManage : Loaded plugins [18]
2026-06-08 21:55:49,244 [INFO] PinOutPanel:1589 - setPackage(No Configuration,No Configuration)
2026-06-08 21:55:49,293 [INFO] CADModel:165 - CPN selected for project level
2026-06-08 21:55:49,293 [INFO] CADModel:114 - Register for checkConnection events
2026-06-08 21:55:49,302 [INFO] IPUIPlugin:80 - create IPUIPlugin
2026-06-08 21:55:49,302 [INFO] PluginManager:220 - loadIPPluginJar : add ipddr
2026-06-08 21:55:49,304 [INFO] IPUIPlugin:80 - create IPUIPlugin
2026-06-08 21:55:49,304 [INFO] PluginManager:220 - loadIPPluginJar : add gtzc
2026-06-08 21:55:49,306 [INFO] IPUIPlugin:80 - create IPUIPlugin
2026-06-08 21:55:49,306 [INFO] PluginManager:220 - loadIPPluginJar : add usbx
2026-06-08 21:55:49,309 [INFO] IPUIPlugin:80 - create IPUIPlugin
2026-06-08 21:55:49,309 [INFO] PluginManager:220 - loadIPPluginJar : add openamp
2026-06-08 21:55:49,311 [INFO] IPUIPlugin:80 - create IPUIPlugin
2026-06-08 21:55:49,311 [INFO] PluginManager:220 - loadIPPluginJar : add can
2026-06-08 21:55:49,317 [INFO] IPUIPlugin:80 - create IPUIPlugin
2026-06-08 21:55:49,317 [INFO] PluginManager:220 - loadIPPluginJar : add linkedlist
2026-06-08 21:55:49,318 [INFO] IPUIPlugin:80 - create IPUIPlugin
2026-06-08 21:55:49,319 [INFO] PluginManager:220 - loadIPPluginJar : add tim
2026-06-08 21:55:49,323 [INFO] IPUIPlugin:80 - create IPUIPlugin
2026-06-08 21:55:49,323 [INFO] PluginManager:220 - loadIPPluginJar : add fmc
2026-06-08 21:55:49,325 [INFO] IPUIPlugin:80 - create IPUIPlugin
2026-06-08 21:55:49,325 [INFO] PluginManager:220 - loadIPPluginJar : add i2s
2026-06-08 21:55:49,327 [INFO] IPUIPlugin:80 - create IPUIPlugin
2026-06-08 21:55:49,328 [INFO] PluginManager:220 - loadIPPluginJar : add cryp
2026-06-08 21:55:49,332 [INFO] IPUIPlugin:80 - create IPUIPlugin
2026-06-08 21:55:49,332 [INFO] PluginManager:220 - loadIPPluginJar : add stm32_wpan
2026-06-08 21:55:49,334 [INFO] IPUIPlugin:80 - create IPUIPlugin
2026-06-08 21:55:49,334 [INFO] PluginManager:220 - loadIPPluginJar : add i3c
2026-06-08 21:55:49,336 [INFO] IPUIPlugin:80 - create IPUIPlugin
2026-06-08 21:55:49,336 [INFO] PluginManager:220 - loadIPPluginJar : add quadspi
2026-06-08 21:55:49,340 [INFO] IPUIPlugin:80 - create IPUIPlugin
2026-06-08 21:55:49,341 [INFO] PluginManager:220 - loadIPPluginJar : add dma
2026-06-08 21:55:49,342 [INFO] IPUIPlugin:80 - create IPUIPlugin
2026-06-08 21:55:49,342 [INFO] PluginManager:220 - loadIPPluginJar : add ltdc
2026-06-08 21:55:49,345 [INFO] IPUIPlugin:80 - create IPUIPlugin
2026-06-08 21:55:49,345 [INFO] PluginManager:220 - loadIPPluginJar : add nvic
2026-06-08 21:55:49,348 [INFO] IPUIPlugin:80 - create IPUIPlugin
2026-06-08 21:55:49,348 [INFO] PluginManager:220 - loadIPPluginJar : add opamp
2026-06-08 21:55:49,353 [INFO] IPUIPlugin:80 - create IPUIPlugin
2026-06-08 21:55:49,353 [INFO] PluginManager:220 - loadIPPluginJar : add freertos
2026-06-08 21:55:49,355 [INFO] IPUIPlugin:80 - create IPUIPlugin
2026-06-08 21:55:49,355 [INFO] PluginManager:220 - loadIPPluginJar : add hash
2026-06-08 21:55:49,358 [INFO] IPUIPlugin:80 - create IPUIPlugin
2026-06-08 21:55:49,358 [INFO] PluginManager:220 - loadIPPluginJar : add touchsensing
2026-06-08 21:55:49,360 [INFO] IPUIPlugin:80 - create IPUIPlugin
2026-06-08 21:55:49,360 [INFO] PluginManager:220 - loadIPPluginJar : add spi
2026-06-08 21:55:49,361 [INFO] IPUIPlugin:80 - create IPUIPlugin
2026-06-08 21:55:49,361 [INFO] PluginManager:220 - loadIPPluginJar : add comp
2026-06-08 21:55:49,363 [INFO] IPUIPlugin:80 - create IPUIPlugin
2026-06-08 21:55:49,363 [INFO] PluginManager:220 - loadIPPluginJar : add ucpd
2026-06-08 21:55:49,365 [INFO] IPUIPlugin:80 - create IPUIPlugin
2026-06-08 21:55:49,365 [INFO] PluginManager:220 - loadIPPluginJar : add ddr_ctrl_phy
2026-06-08 21:55:49,367 [INFO] IPUIPlugin:80 - create IPUIPlugin
2026-06-08 21:55:49,367 [INFO] PluginManager:220 - loadIPPluginJar : add fatfs
2026-06-08 21:55:49,369 [INFO] IPUIPlugin:80 - create IPUIPlugin
2026-06-08 21:55:49,369 [INFO] PluginManager:220 - loadIPPluginJar : add dma3
2026-06-08 21:55:49,372 [INFO] IPUIPlugin:80 - create IPUIPlugin
2026-06-08 21:55:49,372 [INFO] PluginManager:220 - loadIPPluginJar : add sai
2026-06-08 21:55:49,374 [INFO] IPUIPlugin:80 - create IPUIPlugin
2026-06-08 21:55:49,375 [INFO] PluginManager:220 - loadIPPluginJar : add extmemmanager
2026-06-08 21:55:49,377 [INFO] IPUIPlugin:80 - create IPUIPlugin
2026-06-08 21:55:49,377 [INFO] PluginManager:220 - loadIPPluginJar : add i2c
2026-06-08 21:55:49,379 [INFO] IPUIPlugin:80 - create IPUIPlugin
2026-06-08 21:55:49,379 [INFO] PluginManager:220 - loadIPPluginJar : add tracer_emb
2026-06-08 21:55:49,381 [INFO] IPUIPlugin:80 - create IPUIPlugin
2026-06-08 21:55:49,381 [INFO] PluginManager:220 - loadIPPluginJar : add ts
2026-06-08 21:55:49,384 [INFO] IPUIPlugin:80 - create IPUIPlugin
2026-06-08 21:55:49,385 [INFO] PluginManager:220 - loadIPPluginJar : add resmgrutility
2026-06-08 21:55:49,389 [INFO] IPUIPlugin:80 - create IPUIPlugin
2026-06-08 21:55:49,389 [INFO] PluginManager:220 - loadIPPluginJar : add gic
2026-06-08 21:55:49,392 [INFO] IPUIPlugin:80 - create IPUIPlugin
2026-06-08 21:55:49,392 [INFO] PluginManager:220 - loadIPPluginJar : add usart
2026-06-08 21:55:49,393 [INFO] IPUIPlugin:80 - create IPUIPlugin
2026-06-08 21:55:49,393 [INFO] PluginManager:220 - loadIPPluginJar : add tsc
2026-06-08 21:55:49,395 [INFO] IPUIPlugin:80 - create IPUIPlugin
2026-06-08 21:55:49,395 [INFO] PluginManager:220 - loadIPPluginJar : add gfxmmu
2026-06-08 21:55:49,401 [INFO] IPUIPlugin:80 - create IPUIPlugin
2026-06-08 21:55:49,401 [INFO] PluginManager:220 - loadIPPluginJar : add mdma
2026-06-08 21:55:49,403 [INFO] IPUIPlugin:80 - create IPUIPlugin
2026-06-08 21:55:49,403 [INFO] PluginManager:220 - loadIPPluginJar : add lorawan
2026-06-08 21:55:49,409 [INFO] IPUIPlugin:80 - create IPUIPlugin
2026-06-08 21:55:49,409 [INFO] PluginManager:220 - loadIPPluginJar : add adc
2026-06-08 21:55:49,411 [INFO] IPUIPlugin:80 - create IPUIPlugin
2026-06-08 21:55:49,411 [INFO] PluginManager:220 - loadIPPluginJar : add genericplugin
2026-06-08 21:55:49,413 [INFO] IPUIPlugin:80 - create IPUIPlugin
2026-06-08 21:55:49,414 [INFO] PluginManager:220 - loadIPPluginJar : add pdm2pcm
2026-06-08 21:55:49,415 [INFO] IPUIPlugin:80 - create IPUIPlugin
2026-06-08 21:55:49,416 [INFO] PluginManager:220 - loadIPPluginJar : add radio
2026-06-08 21:55:49,418 [INFO] IPUIPlugin:80 - create IPUIPlugin
2026-06-08 21:55:49,419 [INFO] PluginManager:220 - loadIPPluginJar : add aes
2026-06-08 21:55:49,425 [INFO] IPUIPlugin:80 - create IPUIPlugin
2026-06-08 21:55:49,428 [INFO] PluginManager:220 - loadIPPluginJar : add plateformsettings
2026-06-08 21:55:49,432 [INFO] IPUIPlugin:80 - create IPUIPlugin
2026-06-08 21:55:49,432 [INFO] PluginManager:220 - loadIPPluginJar : add gpio
2026-06-08 21:55:49,434 [INFO] IPUIPlugin:80 - create IPUIPlugin
2026-06-08 21:55:49,435 [INFO] PluginManager:220 - loadIPPluginJar : add dfsdm
2026-06-08 21:55:49,541 [FATAL] Updater:351 - Updater called before beeing initialized
2026-06-08 21:55:49,564 [INFO] RulesReader:64 - Compatibility file has been processed (297 Rules)
2026-06-08 21:55:49,573 [INFO] RulesReader:64 - Compatibility file has been processed (297 Rules)
2026-06-08 21:55:49,584 [INFO] CADModel:165 - CPN selected for project level
2026-06-08 21:55:49,584 [INFO] CADModel:114 - Register for checkConnection events
2026-06-08 21:55:49,584 [FATAL] Updater:351 - Updater called before beeing initialized
2026-06-08 21:55:49,584 [ERROR] CADModel:125 - Updater not yet initialized, retry later 
2026-06-08 21:55:49,712 [FATAL] Updater:351 - Updater called before beeing initialized
2026-06-08 21:55:49,714 [INFO] CADModel:165 - CPN selected for project level
2026-06-08 21:55:49,714 [INFO] CADModel:114 - Register for checkConnection events
2026-06-08 21:55:49,715 [FATAL] Updater:351 - Updater called before beeing initialized
2026-06-08 21:55:49,715 [ERROR] CADModel:125 - Updater not yet initialized, retry later 
2026-06-08 21:55:49,718 [FATAL] Updater:351 - Updater called before beeing initialized
2026-06-08 21:55:49,815 [FATAL] Updater:351 - Updater called before beeing initialized
2026-06-08 21:55:49,819 [INFO] DbMcusAds:53 - JSON generation date=Thu May 28 11:08:17 COT 2026 (1779984497073)
2026-06-08 21:55:49,819 [FATAL] Updater:351 - Updater called before beeing initialized
2026-06-08 21:55:49,855 [WARN] DetailPanel:346 - Failed to get advertising image, set to default
2026-06-08 21:55:50,089 [FATAL] Updater:351 - Updater called before beeing initialized
2026-06-08 21:55:50,090 [FATAL] Updater:351 - Updater called before beeing initialized
2026-06-08 21:55:50,091 [FATAL] Updater:351 - Updater called before beeing initialized
2026-06-08 21:55:50,091 [WARN] DetailPanel:346 - Failed to get advertising image, set to default
2026-06-08 21:55:50,092 [FATAL] Updater:351 - Updater called before beeing initialized
2026-06-08 21:55:50,123 [ERROR] Updater:1198 - MainUpdater not yet initialized. External WinMGr cannot be set.
2026-06-08 21:55:50,125 [INFO] Updater:1134 - Updater Version found : 6.13.0
2026-06-08 21:55:50,138 [INFO] ApplicationProperties:184 - Using Application install path: /opt/st/stm32cubeide_1.17.0_2/plugins/com.st.stm32cube.common.mx_6.13.0.202411220809
2026-06-08 21:55:50,397 [INFO] MainUpdater:2872 - connection check result : 10
2026-06-08 21:55:50,398 [INFO] MainUpdater:289 - Updater Check For Update Now.
2026-06-08 21:55:50,398 [INFO] MicroXplorer:498 - Change Database Version : DB.6.0.130
2026-06-08 21:55:50,406 [INFO] McuFinderGlobals:63 - Set McuFinder mode to 2 (CubeIDE integrated)
2026-06-08 21:55:50,406 [INFO] UserAuth:486 - Internet connection configuration mode: 1
2026-06-08 21:55:50,440 [INFO] JxBrowserEngine:152 - Initiate JxBrowser Engine with user profile folder
2026-06-08 21:55:50,655 [INFO] CheckServerUpdateThread:120 - End of CheckServer Thread
2026-06-08 21:55:51,043 [INFO] WebApp:168 - Instantiating new browser for Auth
2026-06-08 21:55:51,652 [INFO] WebApp:449 - Apply proxy settings
2026-06-08 21:55:51,652 [INFO] WebApp:534 - Chromium requires no authentication
2026-06-08 21:55:51,658 [INFO] WebApp:477 - Direct internet connection detected
2026-06-08 21:55:51,672 [INFO] WebApp:880 - Register for checkConnection events
2026-06-08 21:55:51,672 [INFO] WebApp:449 - Apply proxy settings
2026-06-08 21:55:51,672 [INFO] WebApp:534 - Chromium requires no authentication
2026-06-08 21:55:51,673 [INFO] WebApp:477 - Direct internet connection detected
2026-06-08 21:55:51,802 [INFO] WebApp:221 - Starting web application
2026-06-08 21:55:51,802 [INFO] WebApp:579 - Web application path used /opt/st/stm32cubeide_1.17.0_2/plugins/com.st.stm32cube.common.mx_6.13.0.202411220809/db/plugins/mcufinder/reactClient1/index.html
2026-06-08 21:55:51,886 [INFO] UserAuth:486 - Internet connection configuration mode: 1
2026-06-08 21:55:52,087 [WARN] PackLoader:240 - Cannot read IP mode file for STMicroelectronics.X-CUBE-AZRTOS-H7.3.5.0
2026-06-08 21:55:52,098 [WARN] PackLoader:240 - Cannot read IP mode file for STMicroelectronics.FP-SNS-MOTENVWB1.1.4.0
2026-06-08 21:55:52,105 [ERROR] Engine:466 - /home/santiago/.stm32cubemx/thirdparties/pdsc/STMicroelectronics.X-CUBE-SMBUS.2.1.1.pdsc: PDSC version is not supported
2026-06-08 21:55:52,107 [WARN] PackLoader:240 - Cannot read IP mode file for STMicroelectronics.X-CUBE-SMBUS.2.1.0
2026-06-08 21:55:52,169 [WARN] PackLoader:240 - Cannot read IP mode file for STMicroelectronics.X-CUBE-AZRTOS-F7.1.1.0
2026-06-08 21:55:52,204 [ERROR] Engine:466 - /home/santiago/.stm32cubemx/thirdparties/pdsc/WES.I-CUBE-Cesium.1.4.0.pdsc: PDSC version is not supported
2026-06-08 21:55:52,218 [WARN] PackLoader:240 - Cannot read IP mode file for STMicroelectronics.X-CUBE-DISPLAY.3.0.0
2026-06-08 21:55:52,246 [WARN] PackLoader:240 - Cannot read IP mode file for STMicroelectronics.X-CUBE-GNSS1.7.1.1
2026-06-08 21:55:52,253 [ERROR] Engine:466 - /home/santiago/.stm32cubemx/thirdparties/pdsc/STMicroelectronics.FP-SNS-MOTENVWB1.1.5.0.pdsc: PDSC version is not supported
2026-06-08 21:55:52,258 [WARN] PackLoader:240 - Cannot read IP mode file for wolfSSL.I-CUBE-wolfSSL.5.9.1
2026-06-08 21:55:52,273 [WARN] PackLoader:240 - Cannot read IP mode file for STMicroelectronics.X-CUBE-NFC10.1.0.0
2026-06-08 21:55:52,287 [WARN] PackLoader:240 - Cannot read IP mode file for STMicroelectronics.X-CUBE-ST60.1.1.0
2026-06-08 21:55:52,301 [WARN] PackLoader:240 - Cannot read IP mode file for emotas.I-CUBE-CANOPEN.1.3.0
2026-06-08 21:55:52,308 [WARN] PackLoader:240 - Cannot read IP mode file for STMicroelectronics.FP-SNS-SMARTAG2.1.2.0
2026-06-08 21:55:52,313 [INFO] WebApp:187 - Connection restablished
2026-06-08 21:55:52,325 [INFO] LogOutputStream:77 - [STDOUT_REDIRECT] 1 : Invalid condition id : UX_CORESTACK_Condition cause : null
2026-06-08 21:55:52,326 [INFO] LogOutputStream:77 - [STDOUT_REDIRECT] 1 : Invalid condition id : UX_CORESTACK_Condition cause : null
2026-06-08 21:55:52,326 [INFO] LogOutputStream:77 - [STDOUT_REDIRECT] 1 : Invalid condition id : UX_CORESTACK_Condition cause : null
2026-06-08 21:55:52,327 [INFO] LogOutputStream:77 - [STDOUT_REDIRECT] 1 : Invalid condition id : UX_CORESTACK_Condition cause : null
2026-06-08 21:55:52,327 [INFO] LogOutputStream:77 - [STDOUT_REDIRECT] 1 : Invalid condition id : UX_CORESTACK_Condition cause : null
2026-06-08 21:55:52,333 [WARN] PackLoader:240 - Cannot read IP mode file for STMicroelectronics.X-CUBE-AZRTOS-WL.2.0.0
2026-06-08 21:55:52,383 [WARN] PackLoader:240 - Cannot read IP mode file for STMicroelectronics.X-CUBE-AZRTOS-H7RS.1.2.0
2026-06-08 21:55:52,398 [WARN] PackLoader:240 - Cannot read IP mode file for STMicroelectronics.X-CUBE-BLE2.3.3.0
2026-06-08 21:55:52,476 [WARN] PackLoader:240 - Cannot read IP mode file for Infineon.AIROC-Wi-Fi-Bluetooth-STM32.1.8.0
2026-06-08 21:55:52,503 [WARN] PackLoader:240 - Cannot read IP mode file for STMicroelectronics.X-CUBE-NFC9.1.0.0
2026-06-08 21:55:52,516 [WARN] PackLoader:240 - Cannot read IP mode file for wolfSSL.I-CUBE-wolfMQTT.1.19.2
2026-06-08 21:55:52,523 [ERROR] Engine:466 - /home/santiago/.stm32cubemx/thirdparties/pdsc/STMicroelectronics.FP-SNS-STAIOTCFT.1.1.0.pdsc: PDSC version is not supported
2026-06-08 21:55:52,555 [WARN] PackLoader:240 - Cannot read IP mode file for STMicroelectronics.X-CUBE-AZRTOS-G0.1.1.0
2026-06-08 21:55:52,571 [WARN] PackLoader:240 - Cannot read IP mode file for STMicroelectronics.X-CUBE-NFC4.3.0.0
2026-06-08 21:55:52,596 [WARN] PackLoader:240 - Cannot read IP mode file for EmbeddedOffice.I-CUBE-FS-RTOS.1.0.1
2026-06-08 21:55:52,603 [WARN] PackLoader:240 - Cannot read IP mode file for wolfSSL.I-CUBE-wolfTPM.3.8.0
2026-06-08 21:55:52,609 [WARN] PackLoader:240 - Cannot read IP mode file for STMicroelectronics.X-CUBE-TCPP.4.2.0
2026-06-08 21:55:52,619 [WARN] PackLoader:240 - Cannot read IP mode file for RealThread.X-CUBE-RT-Thread_Nano.4.1.1
2026-06-08 21:55:52,623 [WARN] PackLoader:240 - Cannot read IP mode file for STMicroelectronics.FP-ATR-SIGFOX1.3.2.0
2026-06-08 21:55:52,627 [ERROR] Engine:466 - /home/santiago/.stm32cubemx/thirdparties/pdsc/STMicroelectronics.X-CUBE-FREERTOS.1.5.0.pdsc: PDSC version is not supported
2026-06-08 21:55:52,633 [WARN] PackLoader:240 - Cannot read IP mode file for ITTIA_DB.I-CUBE-ITTIADB.8.9.0
2026-06-08 21:55:52,637 [WARN] PackLoader:240 - Cannot read IP mode file for Cesanta.I-CUBE-Mongoose.7.21.7
2026-06-08 21:55:52,645 [WARN] PackLoader:240 - Cannot read IP mode file for STMicroelectronics.X-CUBE-NFC6.3.2.0
2026-06-08 21:55:52,739 [WARN] PackLoader:240 - Cannot read IP mode file for STMicroelectronics.X-CUBE-MEMS1.12.1.0
2026-06-08 21:55:53,093 [WARN] PackLoader:240 - Cannot read IP mode file for SEGGER.I-CUBE-embOS.1.3.1
2026-06-08 21:55:53,199 [WARN] PackLoader:240 - Cannot read IP mode file for STMicroelectronics.X-CUBE-ALGOBUILD.1.4.0
2026-06-08 21:55:53,213 [WARN] PackLoader:240 - Cannot read IP mode file for STMicroelectronics.X-CUBE-PM33A1.1.0.0
2026-06-08 21:55:53,256 [WARN] PackLoader:240 - Cannot read IP mode file for STMicroelectronics.X-CUBE-AZRTOS-F4.1.1.0
2026-06-08 21:55:53,270 [WARN] PackLoader:240 - Cannot read IP mode file for STMicroelectronics.X-CUBE-ISPU.2.1.0
2026-06-08 21:55:53,283 [ERROR] Engine:466 - /home/santiago/.stm32cubemx/thirdparties/pdsc/STMicroelectronics.X-CUBE-IPS.3.2.0.pdsc: PDSC version is not supported
2026-06-08 21:55:53,286 [WARN] PackLoader:240 - Cannot read IP mode file for STMicroelectronics.eDS-WB_DPC_TT-BIDIR.2.1.1
2026-06-08 21:55:53,295 [WARN] PackLoader:240 - Cannot read IP mode file for STMicroelectronics.X-CUBE-NFC12.1.0.0
2026-06-08 21:55:53,326 [WARN] PackLoader:240 - Cannot read IP mode file for STMicroelectronics.X-CUBE-AZRTOS-L5.2.0.0
2026-06-08 21:55:53,359 [WARN] PackLoader:240 - Cannot read IP mode file for STMicroelectronics.X-CUBE-ALGOBUILD.1.5.0
2026-06-08 21:55:53,370 [WARN] PackLoader:240 - Cannot read IP mode file for STMicroelectronics.eDS-WB_DPC_VIENNA.1.2.0
2026-06-08 21:55:53,375 [WARN] PackLoader:240 - Cannot read IP mode file for STMicroelectronics.eDS-WB_DPC_3PH2L-BIDIR.1.1.1
2026-06-08 21:55:53,383 [ERROR] Engine:466 - /home/santiago/.stm32cubemx/thirdparties/pdsc/STMicroelectronics.X-CUBE-ST67W61.1.3.0.pdsc: PDSC version is not supported
2026-06-08 21:55:53,390 [WARN] PackLoader:240 - Cannot read IP mode file for STMicroelectronics.X-CUBE-TOUCHGFX.4.26.1
2026-06-08 21:55:53,399 [WARN] PackLoader:240 - Cannot read IP mode file for STMicroelectronics.FP-SNS-STAIOTCFT.1.0.0
2026-06-08 21:55:53,434 [WARN] ConditionMgr:438 - getConditionDescription Invalid condition id : LAN8742 Phy interface Condition cause : null
2026-06-08 21:55:53,435 [WARN] PackLoader:240 - Cannot read IP mode file for STMicroelectronics.X-CUBE-AZRTOS-L4.2.0.0
2026-06-08 21:55:53,438 [WARN] ConditionMgr:1044 - genDependencies : Invalid condition id : LAN8742 Phy interface Condition cause : null
2026-06-08 21:55:53,438 [WARN] ConditionMgr:1044 - genDependencies : Invalid condition id : LAN8742 Phy interface Condition cause : null
2026-06-08 21:55:53,439 [WARN] ConditionMgr:1044 - genDependencies : Invalid condition id : LAN8742 Phy interface Condition cause : null
2026-06-08 21:55:53,451 [WARN] PackLoader:240 - Cannot read IP mode file for STMicroelectronics.X-CUBE-SFXS2LP1.4.0.0
2026-06-08 21:55:53,461 [WARN] PackLoader:240 - Cannot read IP mode file for STMicroelectronics.X-CUBE-WB05N.2.1.0
2026-06-08 21:55:53,487 [WARN] ConditionMgr:438 - getConditionDescription Invalid condition id : UX DEVICE CLASS RTOS Condition cause : null
2026-06-08 21:55:53,488 [WARN] ConditionMgr:438 - getConditionDescription Invalid condition id : UX DEVICE CLASS RTOS Condition cause : null
2026-06-08 21:55:53,491 [WARN] PackLoader:240 - Cannot read IP mode file for STMicroelectronics.X-CUBE-AZRTOS-WB.2.0.0
2026-06-08 21:55:53,493 [WARN] ConditionMgr:1044 - genDependencies : Invalid condition id : UX DEVICE CLASS RTOS Condition cause : null
2026-06-08 21:55:53,493 [WARN] ConditionMgr:1044 - genDependencies : Invalid condition id : UX DEVICE CLASS RTOS Condition cause : null
2026-06-08 21:55:53,493 [WARN] ConditionMgr:1044 - genDependencies : Invalid condition id : UX DEVICE CLASS RTOS Condition cause : null
2026-06-08 21:55:53,494 [WARN] ConditionMgr:1044 - genDependencies : Invalid condition id : UX DEVICE CLASS RTOS Condition cause : null
2026-06-08 21:55:53,494 [WARN] ConditionMgr:1044 - genDependencies : Invalid condition id : UX DEVICE CLASS RTOS Condition cause : null
2026-06-08 21:55:53,502 [WARN] ConditionMgr:438 - getConditionDescription Invalid condition id : Cortex-A Device cause : null
2026-06-08 21:55:53,513 [WARN] ConditionMgr:1044 - genDependencies : Invalid condition id : Cortex-A Device cause : null
2026-06-08 21:55:53,513 [WARN] ConditionMgr:1044 - genDependencies : Invalid condition id : Cortex-A Device cause : null
2026-06-08 21:55:53,513 [WARN] ConditionMgr:1044 - genDependencies : Invalid condition id : Cortex-A Device cause : null
2026-06-08 21:55:53,524 [WARN] PackLoader:240 - Cannot read IP mode file for STMicroelectronics.X-CUBE-STSE01.2.0.0
2026-06-08 21:55:53,542 [WARN] PackLoader:240 - Cannot read IP mode file for STMicroelectronics.X-CUBE-SUBG2.5.0.0
2026-06-08 21:55:53,563 [WARN] PackLoader:240 - Cannot read IP mode file for STMicroelectronics.X-CUBE-AZRTOS-G4.2.0.0
2026-06-08 21:55:53,570 [WARN] PackLoader:240 - Cannot read IP mode file for wolfSSL.I-CUBE-wolfSSH.1.4.20
2026-06-08 21:55:53,574 [WARN] PackLoader:240 - Cannot read IP mode file for STMicroelectronics.X-CUBE-NFC7.2.0.0
2026-06-08 21:55:53,580 [WARN] PackLoader:240 - Cannot read IP mode file for STMicroelectronics.X-CUBE-ALS.1.0.2
2026-06-08 21:55:53,598 [WARN] PackLoader:240 - Cannot read IP mode file for STMicroelectronics.X-CUBE-TOF1.3.4.3
2026-06-08 21:55:53,617 [INFO] ThirdParty:978 - Integrity check success = true
2026-06-08 21:55:53,618 [INFO] IntegrityCheckThread:100 - exiting critical section [integrity check]
2026-06-08 21:55:53,618 [INFO] IntegrityCheckThread:103 - End integrity checks thread
2026-06-08 21:56:41,129 [ERROR] LogOutputStream:75 - [STDERR_REDIRECT] 
2026-06-08 21:56:46,526 [INFO] Activator:176 - 


2026-06-08 21:56:46,529 [INFO] Activator:177 - !SESSION log4j initialized
2026-06-08 21:56:48,658 [INFO] LogOutputStream:77 - [STDOUT_REDIRECT] 
2026-06-08 21:56:53,098 [INFO] ApplicationProperties:184 - Using Application install path: /opt/st/stm32cubeide_1.17.0_2/plugins/com.st.stm32cube.common.mx_6.13.0.202411220809
2026-06-08 21:56:53,111 [INFO] DbMcusXml:78 - Set database path to: /opt/st/stm32cubeide_1.17.0_2/plugins/com.st.stm32cube.common.mx_6.13.0.202411220809//db//mcu/
2026-06-08 21:56:53,111 [INFO] ApiDb:274 - Set plugin database path to: /opt/st/stm32cubeide_1.17.0_2/plugins/com.st.stm32cube.common.mx_6.13.0.202411220809//db//plugins/boardmanager/
2026-06-08 21:56:53,112 [WARN] ApiDb:259 - Overriding images path with different value:  => /opt/st/stm32cubeide_1.17.0_2/plugins/com.st.stm32cube.common.mx_6.13.0.202411220809//db//plugins/mcufinder/images/
2026-06-08 21:56:53,115 [INFO] ApiDb:250 - Set database path to: /home/santiago/.stmcufinder/plugins/mcufinder//mcu/
2026-06-08 21:56:53,116 [INFO] DbMcusAds:125 - Set database path to: /home/santiago/.stmcufinder/plugins/mcufinder//mcu/
2026-06-08 21:56:53,118 [INFO] CrossReferenceDbSqlite:203 - Set database path to: /home/santiago/.stmcufinder/plugins/mcufinder//mcu/cs/
2026-06-08 21:56:53,233 [INFO] RulesReader:64 - Compatibility file has been processed (297 Rules)
2026-06-08 21:56:53,296 [INFO] DbMcusXml:78 - Set database path to: /opt/st/stm32cubeide_1.17.0_2/plugins/com.st.stm32cube.common.mx_6.13.0.202411220809//db//mcu/
2026-06-08 21:56:53,296 [INFO] ApiDb:274 - Set plugin database path to: /opt/st/stm32cubeide_1.17.0_2/plugins/com.st.stm32cube.common.mx_6.13.0.202411220809//db//plugins/boardmanager/
2026-06-08 21:56:53,297 [INFO] ApiDb:261 - Set plugin images path to: /opt/st/stm32cubeide_1.17.0_2/plugins/com.st.stm32cube.common.mx_6.13.0.202411220809//db//plugins/mcufinder/images/
2026-06-08 21:56:53,297 [WARN] DbFile:41 - Overriding database path with different value: /home/santiago/.stmcufinder/plugins/mcufinder/ => /home/santiago/.stmcufinder/plugins/mcufinder
2026-06-08 21:56:53,297 [INFO] ApiDb:250 - Set database path to: /home/santiago/.stmcufinder/plugins/mcufinder//mcu/
2026-06-08 21:56:53,297 [WARN] DbFile:41 - Overriding database path with different value: /home/santiago/.stmcufinder/plugins/mcufinder/ => /home/santiago/.stmcufinder/plugins/mcufinder
2026-06-08 21:56:53,297 [INFO] DbMcusAds:125 - Set database path to: /home/santiago/.stmcufinder/plugins/mcufinder//mcu/
2026-06-08 21:56:53,297 [WARN] DbFile:41 - Overriding database path with different value: /home/santiago/.stmcufinder/plugins/mcufinder/ => /home/santiago/.stmcufinder/plugins/mcufinder
2026-06-08 21:56:53,297 [WARN] DbFile:41 - Overriding database path with different value: /home/santiago/.stmcufinder/plugins/mcufinder/ => /home/santiago/.stmcufinder/plugins/mcufinder
2026-06-08 21:56:53,298 [INFO] CrossReferenceDbSqlite:203 - Set database path to: /home/santiago/.stmcufinder/plugins/mcufinder//mcu/cs/
2026-06-08 21:56:53,347 [INFO] MainPanel:272 - HeapMemory: 268435456
2026-06-08 21:56:53,436 [INFO] DbMcusXml:78 - Set database path to: /opt/st/stm32cubeide_1.17.0_2/plugins/com.st.stm32cube.common.mx_6.13.0.202411220809//db//mcu/
2026-06-08 21:56:53,437 [INFO] ApiDb:274 - Set plugin database path to: /opt/st/stm32cubeide_1.17.0_2/plugins/com.st.stm32cube.common.mx_6.13.0.202411220809//db//plugins/boardmanager/
2026-06-08 21:56:53,437 [INFO] ApiDb:261 - Set plugin images path to: /opt/st/stm32cubeide_1.17.0_2/plugins/com.st.stm32cube.common.mx_6.13.0.202411220809//db//plugins/mcufinder/images/
2026-06-08 21:56:53,437 [WARN] DbFile:41 - Overriding database path with different value: /home/santiago/.stmcufinder/plugins/mcufinder/ => /home/santiago/.stmcufinder/plugins/mcufinder
2026-06-08 21:56:53,437 [INFO] ApiDb:250 - Set database path to: /home/santiago/.stmcufinder/plugins/mcufinder//mcu/
2026-06-08 21:56:53,437 [WARN] DbFile:41 - Overriding database path with different value: /home/santiago/.stmcufinder/plugins/mcufinder/ => /home/santiago/.stmcufinder/plugins/mcufinder
2026-06-08 21:56:53,437 [INFO] DbMcusAds:125 - Set database path to: /home/santiago/.stmcufinder/plugins/mcufinder//mcu/
2026-06-08 21:56:53,437 [WARN] DbFile:41 - Overriding database path with different value: /home/santiago/.stmcufinder/plugins/mcufinder/ => /home/santiago/.stmcufinder/plugins/mcufinder
2026-06-08 21:56:53,437 [WARN] DbFile:41 - Overriding database path with different value: /home/santiago/.stmcufinder/plugins/mcufinder/ => /home/santiago/.stmcufinder/plugins/mcufinder
2026-06-08 21:56:53,437 [INFO] CrossReferenceDbSqlite:203 - Set database path to: /home/santiago/.stmcufinder/plugins/mcufinder//mcu/cs/
2026-06-08 21:56:53,450 [INFO] ApplicationProperties:184 - Using Application install path: /opt/st/stm32cubeide_1.17.0_2/plugins/com.st.stm32cube.common.mx_6.13.0.202411220809
2026-06-08 21:56:53,451 [INFO] PluginManage:196 - Search for loadable plugins [exclusion list=, ]
2026-06-08 21:56:53,452 [INFO] PluginManage:310 - Check plugin analytics
2026-06-08 21:56:53,676 [INFO] AnalyticsPlugin:253 - Accepted Software Licenses: 
2026-06-08 21:56:53,677 [INFO] AnalyticsPlugin:255 - Accepted CMSIS Pack Licenses: 
2026-06-08 21:56:53,677 [INFO] AnalyticsPlugin:257 - Accepted Firmware Licenses: FW.F4.1.28.0
2026-06-08 21:56:53,681 [INFO] PluginManage:359 - Loaded plugin analytics (category:tool,tabindex:-1)
2026-06-08 21:56:53,681 [INFO] PluginManage:310 - Check plugin cadmodel
2026-06-08 21:56:53,686 [INFO] CADModel:105 - Init CAD model plugin
2026-06-08 21:56:53,686 [INFO] PluginManage:359 - Loaded plugin cadmodel (category:power,tabindex:5)
2026-06-08 21:56:53,687 [INFO] PluginManage:310 - Check plugin clock
2026-06-08 21:56:53,698 [INFO] PluginManage:359 - Loaded plugin clock (category:base,tabindex:2)
2026-06-08 21:56:53,699 [INFO] PluginManage:310 - Check plugin ddr
2026-06-08 21:56:53,701 [INFO] PluginManage:359 - Loaded plugin ddr (category:tool,tabindex:6)
2026-06-08 21:56:53,702 [INFO] PluginManage:310 - Check plugin filemanager
2026-06-08 21:56:53,915 [INFO] PluginManage:359 - Loaded plugin filemanager (category:base,tabindex:10)
2026-06-08 21:56:53,915 [INFO] PluginManage:310 - Check plugin ipmanager
2026-06-08 21:56:53,920 [INFO] PluginManage:359 - Loaded plugin ipmanager (category:base,tabindex:5)
2026-06-08 21:56:53,921 [INFO] PluginManage:310 - Check plugin lpbam
2026-06-08 21:56:53,929 [INFO] PluginManage:359 - Loaded plugin lpbam (category:base,tabindex:0)
2026-06-08 21:56:53,930 [INFO] PluginManage:310 - Check plugin memorymap
2026-06-08 21:56:53,941 [INFO] PluginManage:359 - Loaded plugin memorymap (category:base,tabindex:4)
2026-06-08 21:56:53,941 [INFO] PluginManage:310 - Check plugin pinoutandconfiguration
2026-06-08 21:56:53,949 [INFO] PluginManage:359 - Loaded plugin pinoutandconfiguration (category:base,tabindex:1)
2026-06-08 21:56:53,949 [INFO] PluginManage:310 - Check plugin pinoutconfig
2026-06-08 21:56:54,076 [WARN] SupportedApi:132 - Cannot load RTOS API schema: s4s-elt-must-match.1: The content of 'definitions' must match (annotation?, (simpleType | complexType)?, (unique | key | keyref)*)). A problem was found starting at: attribute.
2026-06-08 21:56:54,221 [INFO] PluginManage:359 - Loaded plugin pinoutconfig (category:base,tabindex:0)
2026-06-08 21:56:54,221 [INFO] PluginManage:310 - Check plugin power
2026-06-08 21:56:54,231 [INFO] PluginManage:359 - Loaded plugin power (category:power,tabindex:4)
2026-06-08 21:56:54,231 [INFO] PluginManage:310 - Check plugin projectmanager
2026-06-08 21:56:54,255 [INFO] PluginManage:359 - Loaded plugin projectmanager (category:projectmanager,tabindex:4)
2026-06-08 21:56:54,255 [INFO] PluginManage:310 - Check plugin rif
2026-06-08 21:56:54,262 [INFO] PluginManage:359 - Loaded plugin rif (category:base,tabindex:3)
2026-06-08 21:56:54,263 [INFO] PluginManage:310 - Check plugin thirdparty
2026-06-08 21:56:54,397 [INFO] PluginManage:359 - Loaded plugin thirdparty (category:base,tabindex:-1)
2026-06-08 21:56:54,397 [WARN] IntegrityCheckThread:84 - waiting for thirdparty lock release [integrity check]
2026-06-08 21:56:54,397 [INFO] PluginManage:310 - Check plugin tools
2026-06-08 21:56:54,398 [INFO] IntegrityCheckThread:86 - entering critical section [integrity check]
2026-06-08 21:56:54,398 [INFO] ThirdPartyUpdaterWithRetryManager:70 - Updater plugin not ready yet. [1/15]
2026-06-08 21:56:54,399 [INFO] PluginManage:359 - Loaded plugin tools (category:base,tabindex:7)
2026-06-08 21:56:54,400 [INFO] PluginManage:310 - Check plugin tutovideos
2026-06-08 21:56:54,528 [INFO] PluginManage:359 - Loaded plugin tutovideos (category:base,tabindex:-1)
2026-06-08 21:56:54,528 [INFO] PluginManage:310 - Check plugin updater
2026-06-08 21:56:54,552 [INFO] PluginManage:359 - Loaded plugin updater (category:base,tabindex:12)
2026-06-08 21:56:54,552 [INFO] PluginManage:310 - Check plugin userauth
2026-06-08 21:56:54,556 [INFO] UserAuth:118 - Init User Auth plugin
2026-06-08 21:56:54,557 [INFO] PluginManage:359 - Loaded plugin userauth (category:base,tabindex:14)
2026-06-08 21:56:54,557 [INFO] PluginManage:283 - PluginManage : Loaded plugins [18]
2026-06-08 21:56:54,742 [INFO] PinOutPanel:1589 - setPackage(No Configuration,No Configuration)
2026-06-08 21:56:54,808 [INFO] CADModel:165 - CPN selected for project level
2026-06-08 21:56:54,808 [INFO] CADModel:114 - Register for checkConnection events
2026-06-08 21:56:54,819 [INFO] IPUIPlugin:80 - create IPUIPlugin
2026-06-08 21:56:54,819 [INFO] PluginManager:220 - loadIPPluginJar : add ipddr
2026-06-08 21:56:54,822 [INFO] IPUIPlugin:80 - create IPUIPlugin
2026-06-08 21:56:54,822 [INFO] PluginManager:220 - loadIPPluginJar : add gtzc
2026-06-08 21:56:54,824 [INFO] IPUIPlugin:80 - create IPUIPlugin
2026-06-08 21:56:54,824 [INFO] PluginManager:220 - loadIPPluginJar : add usbx
2026-06-08 21:56:54,827 [INFO] IPUIPlugin:80 - create IPUIPlugin
2026-06-08 21:56:54,827 [INFO] PluginManager:220 - loadIPPluginJar : add openamp
2026-06-08 21:56:54,829 [INFO] IPUIPlugin:80 - create IPUIPlugin
2026-06-08 21:56:54,829 [INFO] PluginManager:220 - loadIPPluginJar : add can
2026-06-08 21:56:54,834 [INFO] IPUIPlugin:80 - create IPUIPlugin
2026-06-08 21:56:54,834 [INFO] PluginManager:220 - loadIPPluginJar : add linkedlist
2026-06-08 21:56:54,835 [INFO] IPUIPlugin:80 - create IPUIPlugin
2026-06-08 21:56:54,836 [INFO] PluginManager:220 - loadIPPluginJar : add tim
2026-06-08 21:56:54,840 [INFO] IPUIPlugin:80 - create IPUIPlugin
2026-06-08 21:56:54,840 [INFO] PluginManager:220 - loadIPPluginJar : add fmc
2026-06-08 21:56:54,841 [INFO] IPUIPlugin:80 - create IPUIPlugin
2026-06-08 21:56:54,841 [INFO] PluginManager:220 - loadIPPluginJar : add i2s
2026-06-08 21:56:54,843 [INFO] IPUIPlugin:80 - create IPUIPlugin
2026-06-08 21:56:54,843 [INFO] PluginManager:220 - loadIPPluginJar : add cryp
2026-06-08 21:56:54,848 [INFO] IPUIPlugin:80 - create IPUIPlugin
2026-06-08 21:56:54,848 [INFO] PluginManager:220 - loadIPPluginJar : add stm32_wpan
2026-06-08 21:56:54,850 [INFO] IPUIPlugin:80 - create IPUIPlugin
2026-06-08 21:56:54,850 [INFO] PluginManager:220 - loadIPPluginJar : add i3c
2026-06-08 21:56:54,852 [INFO] IPUIPlugin:80 - create IPUIPlugin
2026-06-08 21:56:54,852 [INFO] PluginManager:220 - loadIPPluginJar : add quadspi
2026-06-08 21:56:54,856 [INFO] IPUIPlugin:80 - create IPUIPlugin
2026-06-08 21:56:54,857 [INFO] PluginManager:220 - loadIPPluginJar : add dma
2026-06-08 21:56:54,858 [INFO] IPUIPlugin:80 - create IPUIPlugin
2026-06-08 21:56:54,858 [INFO] PluginManager:220 - loadIPPluginJar : add ltdc
2026-06-08 21:56:54,861 [INFO] IPUIPlugin:80 - create IPUIPlugin
2026-06-08 21:56:54,861 [INFO] PluginManager:220 - loadIPPluginJar : add nvic
2026-06-08 21:56:54,864 [INFO] IPUIPlugin:80 - create IPUIPlugin
2026-06-08 21:56:54,864 [INFO] PluginManager:220 - loadIPPluginJar : add opamp
2026-06-08 21:56:54,868 [INFO] IPUIPlugin:80 - create IPUIPlugin
2026-06-08 21:56:54,869 [INFO] PluginManager:220 - loadIPPluginJar : add freertos
2026-06-08 21:56:54,871 [INFO] IPUIPlugin:80 - create IPUIPlugin
2026-06-08 21:56:54,871 [INFO] PluginManager:220 - loadIPPluginJar : add hash
2026-06-08 21:56:54,874 [INFO] IPUIPlugin:80 - create IPUIPlugin
2026-06-08 21:56:54,874 [INFO] PluginManager:220 - loadIPPluginJar : add touchsensing
2026-06-08 21:56:54,877 [INFO] IPUIPlugin:80 - create IPUIPlugin
2026-06-08 21:56:54,877 [INFO] PluginManager:220 - loadIPPluginJar : add spi
2026-06-08 21:56:54,879 [INFO] IPUIPlugin:80 - create IPUIPlugin
2026-06-08 21:56:54,879 [INFO] PluginManager:220 - loadIPPluginJar : add comp
2026-06-08 21:56:54,881 [INFO] IPUIPlugin:80 - create IPUIPlugin
2026-06-08 21:56:54,881 [INFO] PluginManager:220 - loadIPPluginJar : add ucpd
2026-06-08 21:56:54,884 [INFO] IPUIPlugin:80 - create IPUIPlugin
2026-06-08 21:56:54,884 [INFO] PluginManager:220 - loadIPPluginJar : add ddr_ctrl_phy
2026-06-08 21:56:54,886 [INFO] IPUIPlugin:80 - create IPUIPlugin
2026-06-08 21:56:54,886 [INFO] PluginManager:220 - loadIPPluginJar : add fatfs
2026-06-08 21:56:54,888 [INFO] IPUIPlugin:80 - create IPUIPlugin
2026-06-08 21:56:54,888 [INFO] PluginManager:220 - loadIPPluginJar : add dma3
2026-06-08 21:56:54,891 [INFO] IPUIPlugin:80 - create IPUIPlugin
2026-06-08 21:56:54,891 [INFO] PluginManager:220 - loadIPPluginJar : add sai
2026-06-08 21:56:54,893 [INFO] IPUIPlugin:80 - create IPUIPlugin
2026-06-08 21:56:54,893 [INFO] PluginManager:220 - loadIPPluginJar : add extmemmanager
2026-06-08 21:56:54,896 [INFO] IPUIPlugin:80 - create IPUIPlugin
2026-06-08 21:56:54,896 [INFO] PluginManager:220 - loadIPPluginJar : add i2c
2026-06-08 21:56:54,898 [INFO] IPUIPlugin:80 - create IPUIPlugin
2026-06-08 21:56:54,898 [INFO] PluginManager:220 - loadIPPluginJar : add tracer_emb
2026-06-08 21:56:54,899 [INFO] IPUIPlugin:80 - create IPUIPlugin
2026-06-08 21:56:54,899 [INFO] PluginManager:220 - loadIPPluginJar : add ts
2026-06-08 21:56:54,902 [INFO] IPUIPlugin:80 - create IPUIPlugin
2026-06-08 21:56:54,902 [INFO] PluginManager:220 - loadIPPluginJar : add resmgrutility
2026-06-08 21:56:54,906 [INFO] IPUIPlugin:80 - create IPUIPlugin
2026-06-08 21:56:54,906 [INFO] PluginManager:220 - loadIPPluginJar : add gic
2026-06-08 21:56:54,909 [INFO] IPUIPlugin:80 - create IPUIPlugin
2026-06-08 21:56:54,909 [INFO] PluginManager:220 - loadIPPluginJar : add usart
2026-06-08 21:56:54,911 [INFO] IPUIPlugin:80 - create IPUIPlugin
2026-06-08 21:56:54,911 [INFO] PluginManager:220 - loadIPPluginJar : add tsc
2026-06-08 21:56:54,912 [INFO] IPUIPlugin:80 - create IPUIPlugin
2026-06-08 21:56:54,913 [INFO] PluginManager:220 - loadIPPluginJar : add gfxmmu
2026-06-08 21:56:54,918 [INFO] IPUIPlugin:80 - create IPUIPlugin
2026-06-08 21:56:54,918 [INFO] PluginManager:220 - loadIPPluginJar : add mdma
2026-06-08 21:56:54,920 [INFO] IPUIPlugin:80 - create IPUIPlugin
2026-06-08 21:56:54,920 [INFO] PluginManager:220 - loadIPPluginJar : add lorawan
2026-06-08 21:56:54,925 [INFO] IPUIPlugin:80 - create IPUIPlugin
2026-06-08 21:56:54,925 [INFO] PluginManager:220 - loadIPPluginJar : add adc
2026-06-08 21:56:54,926 [INFO] IPUIPlugin:80 - create IPUIPlugin
2026-06-08 21:56:54,926 [INFO] PluginManager:220 - loadIPPluginJar : add genericplugin
2026-06-08 21:56:54,928 [INFO] IPUIPlugin:80 - create IPUIPlugin
2026-06-08 21:56:54,929 [INFO] PluginManager:220 - loadIPPluginJar : add pdm2pcm
2026-06-08 21:56:54,930 [INFO] IPUIPlugin:80 - create IPUIPlugin
2026-06-08 21:56:54,930 [INFO] PluginManager:220 - loadIPPluginJar : add radio
2026-06-08 21:56:54,932 [INFO] IPUIPlugin:80 - create IPUIPlugin
2026-06-08 21:56:54,932 [INFO] PluginManager:220 - loadIPPluginJar : add aes
2026-06-08 21:56:54,937 [INFO] IPUIPlugin:80 - create IPUIPlugin
2026-06-08 21:56:54,940 [INFO] PluginManager:220 - loadIPPluginJar : add plateformsettings
2026-06-08 21:56:54,944 [INFO] IPUIPlugin:80 - create IPUIPlugin
2026-06-08 21:56:54,944 [INFO] PluginManager:220 - loadIPPluginJar : add gpio
2026-06-08 21:56:54,947 [INFO] IPUIPlugin:80 - create IPUIPlugin
2026-06-08 21:56:54,947 [INFO] PluginManager:220 - loadIPPluginJar : add dfsdm
2026-06-08 21:56:55,049 [FATAL] Updater:351 - Updater called before beeing initialized
2026-06-08 21:56:55,080 [INFO] RulesReader:64 - Compatibility file has been processed (297 Rules)
2026-06-08 21:56:55,092 [INFO] RulesReader:64 - Compatibility file has been processed (297 Rules)
2026-06-08 21:56:55,100 [INFO] CADModel:165 - CPN selected for project level
2026-06-08 21:56:55,100 [INFO] CADModel:114 - Register for checkConnection events
2026-06-08 21:56:55,101 [FATAL] Updater:351 - Updater called before beeing initialized
2026-06-08 21:56:55,101 [ERROR] CADModel:125 - Updater not yet initialized, retry later 
2026-06-08 21:56:55,216 [FATAL] Updater:351 - Updater called before beeing initialized
2026-06-08 21:56:55,218 [INFO] CADModel:165 - CPN selected for project level
2026-06-08 21:56:55,218 [INFO] CADModel:114 - Register for checkConnection events
2026-06-08 21:56:55,218 [FATAL] Updater:351 - Updater called before beeing initialized
2026-06-08 21:56:55,218 [ERROR] CADModel:125 - Updater not yet initialized, retry later 
2026-06-08 21:56:55,221 [FATAL] Updater:351 - Updater called before beeing initialized
2026-06-08 21:56:55,289 [FATAL] Updater:351 - Updater called before beeing initialized
2026-06-08 21:56:55,293 [INFO] DbMcusAds:53 - JSON generation date=Thu May 28 11:08:17 COT 2026 (1779984497073)
2026-06-08 21:56:55,293 [FATAL] Updater:351 - Updater called before beeing initialized
2026-06-08 21:56:55,323 [WARN] DetailPanel:346 - Failed to get advertising image, set to default
2026-06-08 21:56:55,557 [FATAL] Updater:351 - Updater called before beeing initialized
2026-06-08 21:56:55,558 [FATAL] Updater:351 - Updater called before beeing initialized
2026-06-08 21:56:55,558 [FATAL] Updater:351 - Updater called before beeing initialized
2026-06-08 21:56:55,559 [WARN] DetailPanel:346 - Failed to get advertising image, set to default
2026-06-08 21:56:55,559 [FATAL] Updater:351 - Updater called before beeing initialized
2026-06-08 21:56:55,588 [ERROR] Updater:1198 - MainUpdater not yet initialized. External WinMGr cannot be set.
2026-06-08 21:56:55,589 [INFO] Updater:1134 - Updater Version found : 6.13.0
2026-06-08 21:56:55,601 [INFO] ApplicationProperties:184 - Using Application install path: /opt/st/stm32cubeide_1.17.0_2/plugins/com.st.stm32cube.common.mx_6.13.0.202411220809
2026-06-08 21:56:55,877 [INFO] MainUpdater:2872 - connection check result : 10
2026-06-08 21:56:55,877 [INFO] MainUpdater:289 - Updater Check For Update Now.
2026-06-08 21:56:55,878 [INFO] MicroXplorer:498 - Change Database Version : DB.6.0.130
2026-06-08 21:56:55,883 [INFO] McuFinderGlobals:63 - Set McuFinder mode to 2 (CubeIDE integrated)
2026-06-08 21:56:55,884 [INFO] UserAuth:486 - Internet connection configuration mode: 1
2026-06-08 21:56:55,898 [INFO] JxBrowserEngine:152 - Initiate JxBrowser Engine with user profile folder
2026-06-08 21:56:56,057 [INFO] CheckServerUpdateThread:120 - End of CheckServer Thread
2026-06-08 21:56:56,439 [INFO] WebApp:168 - Instantiating new browser for Auth
2026-06-08 21:56:57,055 [INFO] WebApp:449 - Apply proxy settings
2026-06-08 21:56:57,056 [INFO] WebApp:534 - Chromium requires no authentication
2026-06-08 21:56:57,061 [INFO] WebApp:477 - Direct internet connection detected
2026-06-08 21:56:57,077 [INFO] WebApp:880 - Register for checkConnection events
2026-06-08 21:56:57,077 [INFO] WebApp:449 - Apply proxy settings
2026-06-08 21:56:57,077 [INFO] WebApp:534 - Chromium requires no authentication
2026-06-08 21:56:57,078 [INFO] WebApp:477 - Direct internet connection detected
2026-06-08 21:56:57,215 [INFO] WebApp:221 - Starting web application
2026-06-08 21:56:57,215 [INFO] WebApp:579 - Web application path used /opt/st/stm32cubeide_1.17.0_2/plugins/com.st.stm32cube.common.mx_6.13.0.202411220809/db/plugins/mcufinder/reactClient1/index.html
2026-06-08 21:56:57,302 [INFO] UserAuth:486 - Internet connection configuration mode: 1
2026-06-08 21:56:57,579 [INFO] WebApp:187 - Connection restablished
2026-06-08 21:56:57,754 [WARN] PackLoader:240 - Cannot read IP mode file for STMicroelectronics.X-CUBE-AZRTOS-H7.3.5.0
2026-06-08 21:56:57,787 [WARN] PackLoader:240 - Cannot read IP mode file for STMicroelectronics.FP-SNS-MOTENVWB1.1.4.0
2026-06-08 21:56:57,801 [ERROR] Engine:466 - /home/santiago/.stm32cubemx/thirdparties/pdsc/STMicroelectronics.X-CUBE-SMBUS.2.1.1.pdsc: PDSC version is not supported
2026-06-08 21:56:57,805 [WARN] PackLoader:240 - Cannot read IP mode file for STMicroelectronics.X-CUBE-SMBUS.2.1.0
2026-06-08 21:56:57,861 [WARN] PackLoader:240 - Cannot read IP mode file for STMicroelectronics.X-CUBE-AZRTOS-F7.1.1.0
2026-06-08 21:56:57,881 [ERROR] Engine:466 - /home/santiago/.stm32cubemx/thirdparties/pdsc/WES.I-CUBE-Cesium.1.4.0.pdsc: PDSC version is not supported
2026-06-08 21:56:57,895 [WARN] PackLoader:240 - Cannot read IP mode file for STMicroelectronics.X-CUBE-DISPLAY.3.0.0
2026-06-08 21:56:57,920 [WARN] PackLoader:240 - Cannot read IP mode file for STMicroelectronics.X-CUBE-GNSS1.7.1.1
2026-06-08 21:56:57,931 [ERROR] Engine:466 - /home/santiago/.stm32cubemx/thirdparties/pdsc/STMicroelectronics.FP-SNS-MOTENVWB1.1.5.0.pdsc: PDSC version is not supported
2026-06-08 21:56:57,939 [WARN] PackLoader:240 - Cannot read IP mode file for wolfSSL.I-CUBE-wolfSSL.5.9.1
2026-06-08 21:56:57,955 [WARN] PackLoader:240 - Cannot read IP mode file for STMicroelectronics.X-CUBE-NFC10.1.0.0
2026-06-08 21:56:57,967 [WARN] PackLoader:240 - Cannot read IP mode file for STMicroelectronics.X-CUBE-ST60.1.1.0
2026-06-08 21:56:57,979 [WARN] PackLoader:240 - Cannot read IP mode file for emotas.I-CUBE-CANOPEN.1.3.0
2026-06-08 21:56:57,987 [WARN] PackLoader:240 - Cannot read IP mode file for STMicroelectronics.FP-SNS-SMARTAG2.1.2.0
2026-06-08 21:56:58,012 [INFO] LogOutputStream:77 - [STDOUT_REDIRECT] 1 : Invalid condition id : UX_CORESTACK_Condition cause : null
2026-06-08 21:56:58,014 [INFO] LogOutputStream:77 - [STDOUT_REDIRECT] 1 : Invalid condition id : UX_CORESTACK_Condition cause : null
2026-06-08 21:56:58,015 [INFO] LogOutputStream:77 - [STDOUT_REDIRECT] 1 : Invalid condition id : UX_CORESTACK_Condition cause : null
2026-06-08 21:56:58,016 [INFO] LogOutputStream:77 - [STDOUT_REDIRECT] 1 : Invalid condition id : UX_CORESTACK_Condition cause : null
2026-06-08 21:56:58,018 [INFO] LogOutputStream:77 - [STDOUT_REDIRECT] 1 : Invalid condition id : UX_CORESTACK_Condition cause : null
2026-06-08 21:56:58,034 [WARN] PackLoader:240 - Cannot read IP mode file for STMicroelectronics.X-CUBE-AZRTOS-WL.2.0.0
2026-06-08 21:56:58,081 [WARN] PackLoader:240 - Cannot read IP mode file for STMicroelectronics.X-CUBE-AZRTOS-H7RS.1.2.0
2026-06-08 21:56:58,099 [WARN] PackLoader:240 - Cannot read IP mode file for STMicroelectronics.X-CUBE-BLE2.3.3.0
2026-06-08 21:56:58,195 [WARN] PackLoader:240 - Cannot read IP mode file for Infineon.AIROC-Wi-Fi-Bluetooth-STM32.1.8.0
2026-06-08 21:56:58,220 [WARN] PackLoader:240 - Cannot read IP mode file for STMicroelectronics.X-CUBE-NFC9.1.0.0
2026-06-08 21:56:58,231 [WARN] PackLoader:240 - Cannot read IP mode file for wolfSSL.I-CUBE-wolfMQTT.1.19.2
2026-06-08 21:56:58,241 [ERROR] Engine:466 - /home/santiago/.stm32cubemx/thirdparties/pdsc/STMicroelectronics.FP-SNS-STAIOTCFT.1.1.0.pdsc: PDSC version is not supported
2026-06-08 21:56:58,274 [WARN] PackLoader:240 - Cannot read IP mode file for STMicroelectronics.X-CUBE-AZRTOS-G0.1.1.0
2026-06-08 21:56:58,287 [WARN] PackLoader:240 - Cannot read IP mode file for STMicroelectronics.X-CUBE-NFC4.3.0.0
2026-06-08 21:56:58,303 [WARN] PackLoader:240 - Cannot read IP mode file for EmbeddedOffice.I-CUBE-FS-RTOS.1.0.1
2026-06-08 21:56:58,309 [WARN] PackLoader:240 - Cannot read IP mode file for wolfSSL.I-CUBE-wolfTPM.3.8.0
2026-06-08 21:56:58,318 [WARN] PackLoader:240 - Cannot read IP mode file for STMicroelectronics.X-CUBE-TCPP.4.2.0
2026-06-08 21:56:58,356 [WARN] PackLoader:240 - Cannot read IP mode file for RealThread.X-CUBE-RT-Thread_Nano.4.1.1
2026-06-08 21:56:58,366 [WARN] PackLoader:240 - Cannot read IP mode file for STMicroelectronics.FP-ATR-SIGFOX1.3.2.0
2026-06-08 21:56:58,373 [ERROR] Engine:466 - /home/santiago/.stm32cubemx/thirdparties/pdsc/STMicroelectronics.X-CUBE-FREERTOS.1.5.0.pdsc: PDSC version is not supported
2026-06-08 21:56:58,383 [WARN] PackLoader:240 - Cannot read IP mode file for ITTIA_DB.I-CUBE-ITTIADB.8.9.0
2026-06-08 21:56:58,387 [WARN] PackLoader:240 - Cannot read IP mode file for Cesanta.I-CUBE-Mongoose.7.21.7
2026-06-08 21:56:58,399 [WARN] PackLoader:240 - Cannot read IP mode file for STMicroelectronics.X-CUBE-NFC6.3.2.0
2026-06-08 21:56:58,526 [WARN] PackLoader:240 - Cannot read IP mode file for STMicroelectronics.X-CUBE-MEMS1.12.1.0
2026-06-08 21:56:58,994 [WARN] PackLoader:240 - Cannot read IP mode file for SEGGER.I-CUBE-embOS.1.3.1
2026-06-08 21:56:59,040 [ERROR] LogOutputStream:75 - [STDERR_REDIRECT] 
