2026-06-09 08:19:58,537 [INFO] Activator:176 - 


2026-06-09 08:19:58,544 [INFO] Activator:177 - !SESSION log4j initialized
2026-06-09 10:14:18,475 [INFO] Activator:176 - 


2026-06-09 10:14:18,482 [INFO] Activator:177 - !SESSION log4j initialized
2026-06-09 10:14:22,261 [INFO] LogOutputStream:77 - [STDOUT_REDIRECT] 
2026-06-09 10:14:26,415 [INFO] ApplicationProperties:184 - Using Application install path: /opt/st/stm32cubeide_1.17.0_2/plugins/com.st.stm32cube.common.mx_6.13.0.202411220809
2026-06-09 10:14:26,442 [INFO] DbMcusXml:78 - Set database path to: /opt/st/stm32cubeide_1.17.0_2/plugins/com.st.stm32cube.common.mx_6.13.0.202411220809//db//mcu/
2026-06-09 10:14:26,442 [INFO] ApiDb:274 - Set plugin database path to: /opt/st/stm32cubeide_1.17.0_2/plugins/com.st.stm32cube.common.mx_6.13.0.202411220809//db//plugins/boardmanager/
2026-06-09 10:14:26,443 [WARN] ApiDb:259 - Overriding images path with different value:  => /opt/st/stm32cubeide_1.17.0_2/plugins/com.st.stm32cube.common.mx_6.13.0.202411220809//db//plugins/mcufinder/images/
2026-06-09 10:14:26,454 [INFO] ApiDb:250 - Set database path to: /home/santiago/.stmcufinder/plugins/mcufinder//mcu/
2026-06-09 10:14:26,456 [INFO] DbMcusAds:125 - Set database path to: /home/santiago/.stmcufinder/plugins/mcufinder//mcu/
2026-06-09 10:14:26,459 [INFO] CrossReferenceDbSqlite:203 - Set database path to: /home/santiago/.stmcufinder/plugins/mcufinder//mcu/cs/
2026-06-09 10:14:26,655 [INFO] RulesReader:64 - Compatibility file has been processed (297 Rules)
2026-06-09 10:14:26,753 [INFO] DbMcusXml:78 - Set database path to: /opt/st/stm32cubeide_1.17.0_2/plugins/com.st.stm32cube.common.mx_6.13.0.202411220809//db//mcu/
2026-06-09 10:14:26,753 [INFO] ApiDb:274 - Set plugin database path to: /opt/st/stm32cubeide_1.17.0_2/plugins/com.st.stm32cube.common.mx_6.13.0.202411220809//db//plugins/boardmanager/
2026-06-09 10:14:26,753 [INFO] ApiDb:261 - Set plugin images path to: /opt/st/stm32cubeide_1.17.0_2/plugins/com.st.stm32cube.common.mx_6.13.0.202411220809//db//plugins/mcufinder/images/
2026-06-09 10:14:26,754 [WARN] DbFile:41 - Overriding database path with different value: /home/santiago/.stmcufinder/plugins/mcufinder/ => /home/santiago/.stmcufinder/plugins/mcufinder
2026-06-09 10:14:26,754 [INFO] ApiDb:250 - Set database path to: /home/santiago/.stmcufinder/plugins/mcufinder//mcu/
2026-06-09 10:14:26,754 [WARN] DbFile:41 - Overriding database path with different value: /home/santiago/.stmcufinder/plugins/mcufinder/ => /home/santiago/.stmcufinder/plugins/mcufinder
2026-06-09 10:14:26,754 [INFO] DbMcusAds:125 - Set database path to: /home/santiago/.stmcufinder/plugins/mcufinder//mcu/
2026-06-09 10:14:26,755 [WARN] DbFile:41 - Overriding database path with different value: /home/santiago/.stmcufinder/plugins/mcufinder/ => /home/santiago/.stmcufinder/plugins/mcufinder
2026-06-09 10:14:26,755 [WARN] DbFile:41 - Overriding database path with different value: /home/santiago/.stmcufinder/plugins/mcufinder/ => /home/santiago/.stmcufinder/plugins/mcufinder
2026-06-09 10:14:26,755 [INFO] CrossReferenceDbSqlite:203 - Set database path to: /home/santiago/.stmcufinder/plugins/mcufinder//mcu/cs/
2026-06-09 10:14:26,853 [INFO] MainPanel:272 - HeapMemory: 268435456
2026-06-09 10:14:27,031 [INFO] DbMcusXml:78 - Set database path to: /opt/st/stm32cubeide_1.17.0_2/plugins/com.st.stm32cube.common.mx_6.13.0.202411220809//db//mcu/
2026-06-09 10:14:27,031 [INFO] ApiDb:274 - Set plugin database path to: /opt/st/stm32cubeide_1.17.0_2/plugins/com.st.stm32cube.common.mx_6.13.0.202411220809//db//plugins/boardmanager/
2026-06-09 10:14:27,031 [INFO] ApiDb:261 - Set plugin images path to: /opt/st/stm32cubeide_1.17.0_2/plugins/com.st.stm32cube.common.mx_6.13.0.202411220809//db//plugins/mcufinder/images/
2026-06-09 10:14:27,032 [WARN] DbFile:41 - Overriding database path with different value: /home/santiago/.stmcufinder/plugins/mcufinder/ => /home/santiago/.stmcufinder/plugins/mcufinder
2026-06-09 10:14:27,032 [INFO] ApiDb:250 - Set database path to: /home/santiago/.stmcufinder/plugins/mcufinder//mcu/
2026-06-09 10:14:27,032 [WARN] DbFile:41 - Overriding database path with different value: /home/santiago/.stmcufinder/plugins/mcufinder/ => /home/santiago/.stmcufinder/plugins/mcufinder
2026-06-09 10:14:27,032 [INFO] DbMcusAds:125 - Set database path to: /home/santiago/.stmcufinder/plugins/mcufinder//mcu/
2026-06-09 10:14:27,032 [WARN] DbFile:41 - Overriding database path with different value: /home/santiago/.stmcufinder/plugins/mcufinder/ => /home/santiago/.stmcufinder/plugins/mcufinder
2026-06-09 10:14:27,032 [WARN] DbFile:41 - Overriding database path with different value: /home/santiago/.stmcufinder/plugins/mcufinder/ => /home/santiago/.stmcufinder/plugins/mcufinder
2026-06-09 10:14:27,033 [INFO] CrossReferenceDbSqlite:203 - Set database path to: /home/santiago/.stmcufinder/plugins/mcufinder//mcu/cs/
2026-06-09 10:14:27,056 [INFO] ApplicationProperties:184 - Using Application install path: /opt/st/stm32cubeide_1.17.0_2/plugins/com.st.stm32cube.common.mx_6.13.0.202411220809
2026-06-09 10:14:27,058 [INFO] PluginManage:196 - Search for loadable plugins [exclusion list=, ]
2026-06-09 10:14:27,060 [INFO] PluginManage:310 - Check plugin analytics
2026-06-09 10:14:27,439 [INFO] AnalyticsPlugin:253 - Accepted Software Licenses: 
2026-06-09 10:14:27,440 [INFO] AnalyticsPlugin:255 - Accepted CMSIS Pack Licenses: 
2026-06-09 10:14:27,440 [INFO] AnalyticsPlugin:257 - Accepted Firmware Licenses: FW.F4.1.28.0
2026-06-09 10:14:27,446 [INFO] PluginManage:359 - Loaded plugin analytics (category:tool,tabindex:-1)
2026-06-09 10:14:27,447 [INFO] PluginManage:310 - Check plugin cadmodel
2026-06-09 10:14:27,454 [INFO] CADModel:105 - Init CAD model plugin
2026-06-09 10:14:27,455 [INFO] PluginManage:359 - Loaded plugin cadmodel (category:power,tabindex:5)
2026-06-09 10:14:27,455 [INFO] PluginManage:310 - Check plugin clock
2026-06-09 10:14:27,473 [INFO] PluginManage:359 - Loaded plugin clock (category:base,tabindex:2)
2026-06-09 10:14:27,473 [INFO] PluginManage:310 - Check plugin ddr
2026-06-09 10:14:27,478 [INFO] PluginManage:359 - Loaded plugin ddr (category:tool,tabindex:6)
2026-06-09 10:14:27,478 [INFO] PluginManage:310 - Check plugin filemanager
2026-06-09 10:14:27,725 [INFO] PluginManage:359 - Loaded plugin filemanager (category:base,tabindex:10)
2026-06-09 10:14:27,726 [INFO] PluginManage:310 - Check plugin ipmanager
2026-06-09 10:14:27,734 [INFO] PluginManage:359 - Loaded plugin ipmanager (category:base,tabindex:5)
2026-06-09 10:14:27,734 [INFO] PluginManage:310 - Check plugin lpbam
2026-06-09 10:14:27,751 [INFO] PluginManage:359 - Loaded plugin lpbam (category:base,tabindex:0)
2026-06-09 10:14:27,752 [INFO] PluginManage:310 - Check plugin memorymap
2026-06-09 10:14:27,768 [INFO] PluginManage:359 - Loaded plugin memorymap (category:base,tabindex:4)
2026-06-09 10:14:27,768 [INFO] PluginManage:310 - Check plugin pinoutandconfiguration
2026-06-09 10:14:27,782 [INFO] PluginManage:359 - Loaded plugin pinoutandconfiguration (category:base,tabindex:1)
2026-06-09 10:14:27,783 [INFO] PluginManage:310 - Check plugin pinoutconfig
2026-06-09 10:14:27,990 [WARN] SupportedApi:132 - Cannot load RTOS API schema: s4s-elt-must-match.1: The content of 'definitions' must match (annotation?, (simpleType | complexType)?, (unique | key | keyref)*)). A problem was found starting at: attribute.
2026-06-09 10:14:28,248 [INFO] PluginManage:359 - Loaded plugin pinoutconfig (category:base,tabindex:0)
2026-06-09 10:14:28,249 [INFO] PluginManage:310 - Check plugin power
2026-06-09 10:14:28,268 [INFO] PluginManage:359 - Loaded plugin power (category:power,tabindex:4)
2026-06-09 10:14:28,269 [INFO] PluginManage:310 - Check plugin projectmanager
2026-06-09 10:14:28,304 [INFO] PluginManage:359 - Loaded plugin projectmanager (category:projectmanager,tabindex:4)
2026-06-09 10:14:28,305 [INFO] PluginManage:310 - Check plugin rif
2026-06-09 10:14:28,316 [INFO] PluginManage:359 - Loaded plugin rif (category:base,tabindex:3)
2026-06-09 10:14:28,316 [INFO] PluginManage:310 - Check plugin thirdparty
2026-06-09 10:14:28,513 [INFO] PluginManage:359 - Loaded plugin thirdparty (category:base,tabindex:-1)
2026-06-09 10:14:28,513 [WARN] IntegrityCheckThread:84 - waiting for thirdparty lock release [integrity check]
2026-06-09 10:14:28,513 [INFO] PluginManage:310 - Check plugin tools
2026-06-09 10:14:28,513 [INFO] IntegrityCheckThread:86 - entering critical section [integrity check]
2026-06-09 10:14:28,514 [INFO] ThirdPartyUpdaterWithRetryManager:70 - Updater plugin not ready yet. [1/15]
2026-06-09 10:14:28,517 [INFO] PluginManage:359 - Loaded plugin tools (category:base,tabindex:7)
2026-06-09 10:14:28,517 [INFO] PluginManage:310 - Check plugin tutovideos
2026-06-09 10:14:28,765 [INFO] PluginManage:359 - Loaded plugin tutovideos (category:base,tabindex:-1)
2026-06-09 10:14:28,765 [INFO] PluginManage:310 - Check plugin updater
2026-06-09 10:14:28,809 [INFO] PluginManage:359 - Loaded plugin updater (category:base,tabindex:12)
2026-06-09 10:14:28,809 [INFO] PluginManage:310 - Check plugin userauth
2026-06-09 10:14:28,815 [INFO] UserAuth:118 - Init User Auth plugin
2026-06-09 10:14:28,817 [INFO] PluginManage:359 - Loaded plugin userauth (category:base,tabindex:14)
2026-06-09 10:14:28,818 [INFO] PluginManage:283 - PluginManage : Loaded plugins [18]
2026-06-09 10:14:29,088 [INFO] PinOutPanel:1589 - setPackage(No Configuration,No Configuration)
2026-06-09 10:14:29,199 [INFO] CADModel:165 - CPN selected for project level
2026-06-09 10:14:29,200 [INFO] CADModel:114 - Register for checkConnection events
2026-06-09 10:14:29,219 [INFO] IPUIPlugin:80 - create IPUIPlugin
2026-06-09 10:14:29,219 [INFO] PluginManager:220 - loadIPPluginJar : add ipddr
2026-06-09 10:14:29,223 [INFO] IPUIPlugin:80 - create IPUIPlugin
2026-06-09 10:14:29,223 [INFO] PluginManager:220 - loadIPPluginJar : add gtzc
2026-06-09 10:14:29,227 [INFO] IPUIPlugin:80 - create IPUIPlugin
2026-06-09 10:14:29,227 [INFO] PluginManager:220 - loadIPPluginJar : add usbx
2026-06-09 10:14:29,231 [INFO] IPUIPlugin:80 - create IPUIPlugin
2026-06-09 10:14:29,232 [INFO] PluginManager:220 - loadIPPluginJar : add openamp
2026-06-09 10:14:29,235 [INFO] IPUIPlugin:80 - create IPUIPlugin
2026-06-09 10:14:29,235 [INFO] PluginManager:220 - loadIPPluginJar : add can
2026-06-09 10:14:29,245 [INFO] IPUIPlugin:80 - create IPUIPlugin
2026-06-09 10:14:29,245 [INFO] PluginManager:220 - loadIPPluginJar : add linkedlist
2026-06-09 10:14:29,247 [INFO] IPUIPlugin:80 - create IPUIPlugin
2026-06-09 10:14:29,248 [INFO] PluginManager:220 - loadIPPluginJar : add tim
2026-06-09 10:14:29,255 [INFO] IPUIPlugin:80 - create IPUIPlugin
2026-06-09 10:14:29,256 [INFO] PluginManager:220 - loadIPPluginJar : add fmc
2026-06-09 10:14:29,260 [INFO] IPUIPlugin:80 - create IPUIPlugin
2026-06-09 10:14:29,260 [INFO] PluginManager:220 - loadIPPluginJar : add i2s
2026-06-09 10:14:29,263 [INFO] IPUIPlugin:80 - create IPUIPlugin
2026-06-09 10:14:29,264 [INFO] PluginManager:220 - loadIPPluginJar : add cryp
2026-06-09 10:14:29,271 [INFO] IPUIPlugin:80 - create IPUIPlugin
2026-06-09 10:14:29,272 [INFO] PluginManager:220 - loadIPPluginJar : add stm32_wpan
2026-06-09 10:14:29,275 [INFO] IPUIPlugin:80 - create IPUIPlugin
2026-06-09 10:14:29,275 [INFO] PluginManager:220 - loadIPPluginJar : add i3c
2026-06-09 10:14:29,281 [INFO] IPUIPlugin:80 - create IPUIPlugin
2026-06-09 10:14:29,282 [INFO] PluginManager:220 - loadIPPluginJar : add quadspi
2026-06-09 10:14:29,289 [INFO] IPUIPlugin:80 - create IPUIPlugin
2026-06-09 10:14:29,290 [INFO] PluginManager:220 - loadIPPluginJar : add dma
2026-06-09 10:14:29,292 [INFO] IPUIPlugin:80 - create IPUIPlugin
2026-06-09 10:14:29,292 [INFO] PluginManager:220 - loadIPPluginJar : add ltdc
2026-06-09 10:14:29,297 [INFO] IPUIPlugin:80 - create IPUIPlugin
2026-06-09 10:14:29,297 [INFO] PluginManager:220 - loadIPPluginJar : add nvic
2026-06-09 10:14:29,300 [INFO] IPUIPlugin:80 - create IPUIPlugin
2026-06-09 10:14:29,301 [INFO] PluginManager:220 - loadIPPluginJar : add opamp
2026-06-09 10:14:29,308 [INFO] IPUIPlugin:80 - create IPUIPlugin
2026-06-09 10:14:29,308 [INFO] PluginManager:220 - loadIPPluginJar : add freertos
2026-06-09 10:14:29,312 [INFO] IPUIPlugin:80 - create IPUIPlugin
2026-06-09 10:14:29,312 [INFO] PluginManager:220 - loadIPPluginJar : add hash
2026-06-09 10:14:29,317 [INFO] IPUIPlugin:80 - create IPUIPlugin
2026-06-09 10:14:29,318 [INFO] PluginManager:220 - loadIPPluginJar : add touchsensing
2026-06-09 10:14:29,321 [INFO] IPUIPlugin:80 - create IPUIPlugin
2026-06-09 10:14:29,321 [INFO] PluginManager:220 - loadIPPluginJar : add spi
2026-06-09 10:14:29,323 [INFO] IPUIPlugin:80 - create IPUIPlugin
2026-06-09 10:14:29,323 [INFO] PluginManager:220 - loadIPPluginJar : add comp
2026-06-09 10:14:29,326 [INFO] IPUIPlugin:80 - create IPUIPlugin
2026-06-09 10:14:29,326 [INFO] PluginManager:220 - loadIPPluginJar : add ucpd
2026-06-09 10:14:29,330 [INFO] IPUIPlugin:80 - create IPUIPlugin
2026-06-09 10:14:29,330 [INFO] PluginManager:220 - loadIPPluginJar : add ddr_ctrl_phy
2026-06-09 10:14:29,333 [INFO] IPUIPlugin:80 - create IPUIPlugin
2026-06-09 10:14:29,333 [INFO] PluginManager:220 - loadIPPluginJar : add fatfs
2026-06-09 10:14:29,336 [INFO] IPUIPlugin:80 - create IPUIPlugin
2026-06-09 10:14:29,336 [INFO] PluginManager:220 - loadIPPluginJar : add dma3
2026-06-09 10:14:29,340 [INFO] IPUIPlugin:80 - create IPUIPlugin
2026-06-09 10:14:29,340 [INFO] PluginManager:220 - loadIPPluginJar : add sai
2026-06-09 10:14:29,344 [INFO] IPUIPlugin:80 - create IPUIPlugin
2026-06-09 10:14:29,344 [INFO] PluginManager:220 - loadIPPluginJar : add extmemmanager
2026-06-09 10:14:29,348 [INFO] IPUIPlugin:80 - create IPUIPlugin
2026-06-09 10:14:29,348 [INFO] PluginManager:220 - loadIPPluginJar : add i2c
2026-06-09 10:14:29,351 [INFO] IPUIPlugin:80 - create IPUIPlugin
2026-06-09 10:14:29,351 [INFO] PluginManager:220 - loadIPPluginJar : add tracer_emb
2026-06-09 10:14:29,354 [INFO] IPUIPlugin:80 - create IPUIPlugin
2026-06-09 10:14:29,354 [INFO] PluginManager:220 - loadIPPluginJar : add ts
2026-06-09 10:14:29,359 [INFO] IPUIPlugin:80 - create IPUIPlugin
2026-06-09 10:14:29,359 [INFO] PluginManager:220 - loadIPPluginJar : add resmgrutility
2026-06-09 10:14:29,366 [INFO] IPUIPlugin:80 - create IPUIPlugin
2026-06-09 10:14:29,366 [INFO] PluginManager:220 - loadIPPluginJar : add gic
2026-06-09 10:14:29,369 [INFO] IPUIPlugin:80 - create IPUIPlugin
2026-06-09 10:14:29,370 [INFO] PluginManager:220 - loadIPPluginJar : add usart
2026-06-09 10:14:29,372 [INFO] IPUIPlugin:80 - create IPUIPlugin
2026-06-09 10:14:29,372 [INFO] PluginManager:220 - loadIPPluginJar : add tsc
2026-06-09 10:14:29,375 [INFO] IPUIPlugin:80 - create IPUIPlugin
2026-06-09 10:14:29,375 [INFO] PluginManager:220 - loadIPPluginJar : add gfxmmu
2026-06-09 10:14:29,384 [INFO] IPUIPlugin:80 - create IPUIPlugin
2026-06-09 10:14:29,385 [INFO] PluginManager:220 - loadIPPluginJar : add mdma
2026-06-09 10:14:29,388 [INFO] IPUIPlugin:80 - create IPUIPlugin
2026-06-09 10:14:29,389 [INFO] PluginManager:220 - loadIPPluginJar : add lorawan
2026-06-09 10:14:29,397 [INFO] IPUIPlugin:80 - create IPUIPlugin
2026-06-09 10:14:29,397 [INFO] PluginManager:220 - loadIPPluginJar : add adc
2026-06-09 10:14:29,399 [INFO] IPUIPlugin:80 - create IPUIPlugin
2026-06-09 10:14:29,399 [INFO] PluginManager:220 - loadIPPluginJar : add genericplugin
2026-06-09 10:14:29,403 [INFO] IPUIPlugin:80 - create IPUIPlugin
2026-06-09 10:14:29,403 [INFO] PluginManager:220 - loadIPPluginJar : add pdm2pcm
2026-06-09 10:14:29,405 [INFO] IPUIPlugin:80 - create IPUIPlugin
2026-06-09 10:14:29,406 [INFO] PluginManager:220 - loadIPPluginJar : add radio
2026-06-09 10:14:29,409 [INFO] IPUIPlugin:80 - create IPUIPlugin
2026-06-09 10:14:29,410 [INFO] PluginManager:220 - loadIPPluginJar : add aes
2026-06-09 10:14:29,418 [INFO] IPUIPlugin:80 - create IPUIPlugin
2026-06-09 10:14:29,422 [INFO] PluginManager:220 - loadIPPluginJar : add plateformsettings
2026-06-09 10:14:29,428 [INFO] IPUIPlugin:80 - create IPUIPlugin
2026-06-09 10:14:29,428 [INFO] PluginManager:220 - loadIPPluginJar : add gpio
2026-06-09 10:14:29,432 [INFO] IPUIPlugin:80 - create IPUIPlugin
2026-06-09 10:14:29,432 [INFO] PluginManager:220 - loadIPPluginJar : add dfsdm
2026-06-09 10:14:29,555 [FATAL] Updater:351 - Updater called before beeing initialized
2026-06-09 10:14:29,600 [INFO] RulesReader:64 - Compatibility file has been processed (297 Rules)
2026-06-09 10:14:29,619 [INFO] RulesReader:64 - Compatibility file has been processed (297 Rules)
2026-06-09 10:14:29,630 [INFO] CADModel:165 - CPN selected for project level
2026-06-09 10:14:29,630 [INFO] CADModel:114 - Register for checkConnection events
2026-06-09 10:14:29,630 [FATAL] Updater:351 - Updater called before beeing initialized
2026-06-09 10:14:29,631 [ERROR] CADModel:125 - Updater not yet initialized, retry later 
2026-06-09 10:14:29,827 [FATAL] Updater:351 - Updater called before beeing initialized
2026-06-09 10:14:29,830 [INFO] CADModel:165 - CPN selected for project level
2026-06-09 10:14:29,830 [INFO] CADModel:114 - Register for checkConnection events
2026-06-09 10:14:29,830 [FATAL] Updater:351 - Updater called before beeing initialized
2026-06-09 10:14:29,830 [ERROR] CADModel:125 - Updater not yet initialized, retry later 
2026-06-09 10:14:29,835 [FATAL] Updater:351 - Updater called before beeing initialized
2026-06-09 10:14:29,949 [FATAL] Updater:351 - Updater called before beeing initialized
2026-06-09 10:14:29,954 [INFO] DbMcusAds:53 - JSON generation date=Thu May 28 11:08:17 COT 2026 (1779984497073)
2026-06-09 10:14:29,955 [FATAL] Updater:351 - Updater called before beeing initialized
2026-06-09 10:14:30,012 [WARN] DetailPanel:346 - Failed to get advertising image, set to default
2026-06-09 10:14:30,302 [INFO] McuFinderGlobals:63 - Set McuFinder mode to 2 (CubeIDE integrated)
2026-06-09 10:14:30,484 [FATAL] Updater:351 - Updater called before beeing initialized
2026-06-09 10:14:30,492 [FATAL] Updater:351 - Updater called before beeing initialized
2026-06-09 10:14:30,493 [FATAL] Updater:351 - Updater called before beeing initialized
2026-06-09 10:14:30,493 [WARN] DetailPanel:346 - Failed to get advertising image, set to default
2026-06-09 10:14:30,494 [FATAL] Updater:351 - Updater called before beeing initialized
2026-06-09 10:14:30,543 [ERROR] Updater:1198 - MainUpdater not yet initialized. External WinMGr cannot be set.
2026-06-09 10:14:30,545 [INFO] Updater:1134 - Updater Version found : 6.13.0
2026-06-09 10:14:30,567 [INFO] ApplicationProperties:184 - Using Application install path: /opt/st/stm32cubeide_1.17.0_2/plugins/com.st.stm32cube.common.mx_6.13.0.202411220809
2026-06-09 10:14:31,249 [INFO] MainUpdater:2872 - connection check result : 10
2026-06-09 10:14:31,251 [INFO] MainUpdater:289 - Updater Check For Update Now.
2026-06-09 10:14:31,252 [INFO] MicroXplorer:498 - Change Database Version : DB.6.0.130
2026-06-09 10:14:31,261 [INFO] McuFinderGlobals:63 - Set McuFinder mode to 2 (CubeIDE integrated)
2026-06-09 10:14:31,263 [INFO] UserAuth:486 - Internet connection configuration mode: 1
2026-06-09 10:14:31,290 [INFO] JxBrowserEngine:152 - Initiate JxBrowser Engine with user profile folder
2026-06-09 10:14:31,483 [INFO] CheckServerUpdateThread:120 - End of CheckServer Thread
2026-06-09 10:14:31,664 [INFO] MainUpdater:2872 - connection check result : 10
2026-06-09 10:14:31,667 [INFO] McuFinderGlobals:76 - Set McuFinderConnectedMode to true
2026-06-09 10:14:31,903 [WARN] PackLoader:240 - Cannot read IP mode file for STMicroelectronics.X-CUBE-AZRTOS-H7.3.5.0
2026-06-09 10:14:31,932 [WARN] PackLoader:240 - Cannot read IP mode file for STMicroelectronics.FP-SNS-MOTENVWB1.1.4.0
2026-06-09 10:14:31,948 [ERROR] Engine:466 - /home/santiago/.stm32cubemx/thirdparties/pdsc/STMicroelectronics.X-CUBE-SMBUS.2.1.1.pdsc: PDSC version is not supported
2026-06-09 10:14:31,954 [WARN] PackLoader:240 - Cannot read IP mode file for STMicroelectronics.X-CUBE-SMBUS.2.1.0
2026-06-09 10:14:32,031 [WARN] PackLoader:240 - Cannot read IP mode file for STMicroelectronics.X-CUBE-AZRTOS-F7.1.1.0
2026-06-09 10:14:32,057 [ERROR] Engine:466 - /home/santiago/.stm32cubemx/thirdparties/pdsc/WES.I-CUBE-Cesium.1.4.0.pdsc: PDSC version is not supported
2026-06-09 10:14:32,075 [WARN] PackLoader:240 - Cannot read IP mode file for STMicroelectronics.X-CUBE-DISPLAY.3.0.0
2026-06-09 10:14:32,116 [WARN] PackLoader:240 - Cannot read IP mode file for STMicroelectronics.X-CUBE-GNSS1.7.1.1
2026-06-09 10:14:32,129 [ERROR] Engine:466 - /home/santiago/.stm32cubemx/thirdparties/pdsc/STMicroelectronics.FP-SNS-MOTENVWB1.1.5.0.pdsc: PDSC version is not supported
2026-06-09 10:14:32,138 [WARN] PackLoader:240 - Cannot read IP mode file for wolfSSL.I-CUBE-wolfSSL.5.9.1
2026-06-09 10:14:32,162 [WARN] PackLoader:240 - Cannot read IP mode file for STMicroelectronics.X-CUBE-NFC10.1.0.0
2026-06-09 10:14:32,180 [WARN] PackLoader:240 - Cannot read IP mode file for STMicroelectronics.X-CUBE-ST60.1.1.0
2026-06-09 10:14:32,195 [WARN] PackLoader:240 - Cannot read IP mode file for emotas.I-CUBE-CANOPEN.1.3.0
2026-06-09 10:14:32,205 [WARN] PackLoader:240 - Cannot read IP mode file for STMicroelectronics.FP-SNS-SMARTAG2.1.2.0
2026-06-09 10:14:32,230 [INFO] LogOutputStream:77 - [STDOUT_REDIRECT] 1 : Invalid condition id : UX_CORESTACK_Condition cause : null
2026-06-09 10:14:32,231 [INFO] LogOutputStream:77 - [STDOUT_REDIRECT] 1 : Invalid condition id : UX_CORESTACK_Condition cause : null
2026-06-09 10:14:32,231 [INFO] LogOutputStream:77 - [STDOUT_REDIRECT] 1 : Invalid condition id : UX_CORESTACK_Condition cause : null
2026-06-09 10:14:32,232 [INFO] LogOutputStream:77 - [STDOUT_REDIRECT] 1 : Invalid condition id : UX_CORESTACK_Condition cause : null
2026-06-09 10:14:32,233 [INFO] LogOutputStream:77 - [STDOUT_REDIRECT] 1 : Invalid condition id : UX_CORESTACK_Condition cause : null
2026-06-09 10:14:32,245 [WARN] PackLoader:240 - Cannot read IP mode file for STMicroelectronics.X-CUBE-AZRTOS-WL.2.0.0
2026-06-09 10:14:32,313 [WARN] PackLoader:240 - Cannot read IP mode file for STMicroelectronics.X-CUBE-AZRTOS-H7RS.1.2.0
2026-06-09 10:14:32,337 [WARN] PackLoader:240 - Cannot read IP mode file for STMicroelectronics.X-CUBE-BLE2.3.3.0
2026-06-09 10:14:32,521 [WARN] PackLoader:240 - Cannot read IP mode file for Infineon.AIROC-Wi-Fi-Bluetooth-STM32.1.8.0
2026-06-09 10:14:32,572 [WARN] PackLoader:240 - Cannot read IP mode file for STMicroelectronics.X-CUBE-NFC9.1.0.0
2026-06-09 10:14:32,598 [WARN] PackLoader:240 - Cannot read IP mode file for wolfSSL.I-CUBE-wolfMQTT.1.19.2
2026-06-09 10:14:32,606 [ERROR] Engine:466 - /home/santiago/.stm32cubemx/thirdparties/pdsc/STMicroelectronics.FP-SNS-STAIOTCFT.1.1.0.pdsc: PDSC version is not supported
2026-06-09 10:14:32,653 [WARN] PackLoader:240 - Cannot read IP mode file for STMicroelectronics.X-CUBE-AZRTOS-G0.1.1.0
2026-06-09 10:14:32,669 [WARN] PackLoader:240 - Cannot read IP mode file for STMicroelectronics.X-CUBE-NFC4.3.0.0
2026-06-09 10:14:32,691 [WARN] PackLoader:240 - Cannot read IP mode file for EmbeddedOffice.I-CUBE-FS-RTOS.1.0.1
2026-06-09 10:14:32,698 [WARN] PackLoader:240 - Cannot read IP mode file for wolfSSL.I-CUBE-wolfTPM.3.8.0
2026-06-09 10:14:32,711 [WARN] PackLoader:240 - Cannot read IP mode file for STMicroelectronics.X-CUBE-TCPP.4.2.0
2026-06-09 10:14:32,724 [WARN] PackLoader:240 - Cannot read IP mode file for RealThread.X-CUBE-RT-Thread_Nano.4.1.1
2026-06-09 10:14:32,736 [WARN] PackLoader:240 - Cannot read IP mode file for STMicroelectronics.FP-ATR-SIGFOX1.3.2.0
2026-06-09 10:14:32,744 [ERROR] Engine:466 - /home/santiago/.stm32cubemx/thirdparties/pdsc/STMicroelectronics.X-CUBE-FREERTOS.1.5.0.pdsc: PDSC version is not supported
2026-06-09 10:14:32,754 [WARN] PackLoader:240 - Cannot read IP mode file for ITTIA_DB.I-CUBE-ITTIADB.8.9.0
2026-06-09 10:14:32,759 [WARN] PackLoader:240 - Cannot read IP mode file for Cesanta.I-CUBE-Mongoose.7.21.7
2026-06-09 10:14:32,773 [WARN] PackLoader:240 - Cannot read IP mode file for STMicroelectronics.X-CUBE-NFC6.3.2.0
2026-06-09 10:14:32,857 [WARN] PackLoader:240 - Cannot read IP mode file for STMicroelectronics.X-CUBE-MEMS1.12.1.0
2026-06-09 10:14:33,065 [INFO] WebApp:168 - Instantiating new browser for Auth
2026-06-09 10:14:33,261 [WARN] PackLoader:240 - Cannot read IP mode file for SEGGER.I-CUBE-embOS.1.3.1
2026-06-09 10:14:33,460 [WARN] PackLoader:240 - Cannot read IP mode file for STMicroelectronics.X-CUBE-ALGOBUILD.1.4.0
2026-06-09 10:14:33,471 [WARN] PackLoader:240 - Cannot read IP mode file for STMicroelectronics.X-CUBE-PM33A1.1.0.0
2026-06-09 10:14:33,515 [WARN] PackLoader:240 - Cannot read IP mode file for STMicroelectronics.X-CUBE-AZRTOS-F4.1.1.0
2026-06-09 10:14:33,528 [WARN] PackLoader:240 - Cannot read IP mode file for STMicroelectronics.X-CUBE-ISPU.2.1.0
2026-06-09 10:14:33,543 [ERROR] Engine:466 - /home/santiago/.stm32cubemx/thirdparties/pdsc/STMicroelectronics.X-CUBE-IPS.3.2.0.pdsc: PDSC version is not supported
2026-06-09 10:14:33,546 [WARN] PackLoader:240 - Cannot read IP mode file for STMicroelectronics.eDS-WB_DPC_TT-BIDIR.2.1.1
2026-06-09 10:14:33,561 [WARN] PackLoader:240 - Cannot read IP mode file for STMicroelectronics.X-CUBE-NFC12.1.0.0
2026-06-09 10:14:33,608 [WARN] PackLoader:240 - Cannot read IP mode file for STMicroelectronics.X-CUBE-AZRTOS-L5.2.0.0
2026-06-09 10:14:33,630 [WARN] PackLoader:240 - Cannot read IP mode file for STMicroelectronics.X-CUBE-ALGOBUILD.1.5.0
2026-06-09 10:14:33,637 [WARN] PackLoader:240 - Cannot read IP mode file for STMicroelectronics.eDS-WB_DPC_VIENNA.1.2.0
2026-06-09 10:14:33,641 [WARN] PackLoader:240 - Cannot read IP mode file for STMicroelectronics.eDS-WB_DPC_3PH2L-BIDIR.1.1.1
2026-06-09 10:14:33,647 [ERROR] Engine:466 - /home/santiago/.stm32cubemx/thirdparties/pdsc/STMicroelectronics.X-CUBE-ST67W61.1.3.0.pdsc: PDSC version is not supported
2026-06-09 10:14:33,654 [WARN] PackLoader:240 - Cannot read IP mode file for STMicroelectronics.X-CUBE-TOUCHGFX.4.26.1
2026-06-09 10:14:33,663 [WARN] PackLoader:240 - Cannot read IP mode file for STMicroelectronics.FP-SNS-STAIOTCFT.1.0.0
2026-06-09 10:14:33,709 [WARN] ConditionMgr:438 - getConditionDescription Invalid condition id : LAN8742 Phy interface Condition cause : null
2026-06-09 10:14:33,711 [WARN] PackLoader:240 - Cannot read IP mode file for STMicroelectronics.X-CUBE-AZRTOS-L4.2.0.0
2026-06-09 10:14:33,715 [WARN] ConditionMgr:1044 - genDependencies : Invalid condition id : LAN8742 Phy interface Condition cause : null
2026-06-09 10:14:33,716 [WARN] ConditionMgr:1044 - genDependencies : Invalid condition id : LAN8742 Phy interface Condition cause : null
2026-06-09 10:14:33,717 [WARN] ConditionMgr:1044 - genDependencies : Invalid condition id : LAN8742 Phy interface Condition cause : null
2026-06-09 10:14:33,734 [WARN] PackLoader:240 - Cannot read IP mode file for STMicroelectronics.X-CUBE-SFXS2LP1.4.0.0
2026-06-09 10:14:33,745 [WARN] PackLoader:240 - Cannot read IP mode file for STMicroelectronics.X-CUBE-WB05N.2.1.0
2026-06-09 10:14:33,792 [WARN] ConditionMgr:438 - getConditionDescription Invalid condition id : UX DEVICE CLASS RTOS Condition cause : null
2026-06-09 10:14:33,793 [WARN] ConditionMgr:438 - getConditionDescription Invalid condition id : UX DEVICE CLASS RTOS Condition cause : null
2026-06-09 10:14:33,799 [WARN] PackLoader:240 - Cannot read IP mode file for STMicroelectronics.X-CUBE-AZRTOS-WB.2.0.0
2026-06-09 10:14:33,801 [WARN] ConditionMgr:1044 - genDependencies : Invalid condition id : UX DEVICE CLASS RTOS Condition cause : null
2026-06-09 10:14:33,801 [WARN] ConditionMgr:1044 - genDependencies : Invalid condition id : UX DEVICE CLASS RTOS Condition cause : null
2026-06-09 10:14:33,802 [WARN] ConditionMgr:1044 - genDependencies : Invalid condition id : UX DEVICE CLASS RTOS Condition cause : null
2026-06-09 10:14:33,803 [WARN] ConditionMgr:1044 - genDependencies : Invalid condition id : UX DEVICE CLASS RTOS Condition cause : null
2026-06-09 10:14:33,803 [WARN] ConditionMgr:1044 - genDependencies : Invalid condition id : UX DEVICE CLASS RTOS Condition cause : null
2026-06-09 10:14:33,810 [WARN] ConditionMgr:438 - getConditionDescription Invalid condition id : Cortex-A Device cause : null
2026-06-09 10:14:33,824 [WARN] ConditionMgr:1044 - genDependencies : Invalid condition id : Cortex-A Device cause : null
2026-06-09 10:14:33,824 [WARN] ConditionMgr:1044 - genDependencies : Invalid condition id : Cortex-A Device cause : null
2026-06-09 10:14:33,825 [WARN] ConditionMgr:1044 - genDependencies : Invalid condition id : Cortex-A Device cause : null
2026-06-09 10:14:33,837 [WARN] PackLoader:240 - Cannot read IP mode file for STMicroelectronics.X-CUBE-STSE01.2.0.0
2026-06-09 10:14:33,861 [WARN] PackLoader:240 - Cannot read IP mode file for STMicroelectronics.X-CUBE-SUBG2.5.0.0
2026-06-09 10:14:33,902 [WARN] PackLoader:240 - Cannot read IP mode file for STMicroelectronics.X-CUBE-AZRTOS-G4.2.0.0
2026-06-09 10:14:33,911 [WARN] PackLoader:240 - Cannot read IP mode file for wolfSSL.I-CUBE-wolfSSH.1.4.20
2026-06-09 10:14:33,919 [WARN] PackLoader:240 - Cannot read IP mode file for STMicroelectronics.X-CUBE-NFC7.2.0.0
2026-06-09 10:14:33,926 [WARN] PackLoader:240 - Cannot read IP mode file for STMicroelectronics.X-CUBE-ALS.1.0.2
2026-06-09 10:14:33,950 [WARN] PackLoader:240 - Cannot read IP mode file for STMicroelectronics.X-CUBE-TOF1.3.4.3
2026-06-09 10:14:33,980 [INFO] ThirdParty:978 - Integrity check success = true
2026-06-09 10:14:33,980 [INFO] IntegrityCheckThread:100 - exiting critical section [integrity check]
2026-06-09 10:14:33,980 [INFO] IntegrityCheckThread:103 - End integrity checks thread
2026-06-09 10:14:33,983 [INFO] ServerAccessManage:473 - Download File mcusAds.json._tmp_
2026-06-09 10:14:34,099 [INFO] LoadUrlFilesThread:156 - End of LoadUrlFiles Thread
2026-06-09 10:14:34,664 [INFO] WebApp:449 - Apply proxy settings
2026-06-09 10:14:34,665 [INFO] WebApp:534 - Chromium requires no authentication
2026-06-09 10:14:34,678 [INFO] WebApp:477 - Direct internet connection detected
2026-06-09 10:14:34,708 [INFO] WebApp:880 - Register for checkConnection events
2026-06-09 10:14:34,709 [INFO] WebApp:449 - Apply proxy settings
2026-06-09 10:14:34,709 [INFO] WebApp:534 - Chromium requires no authentication
2026-06-09 10:14:34,710 [INFO] WebApp:477 - Direct internet connection detected
2026-06-09 10:14:34,938 [INFO] WebApp:221 - Starting web application
2026-06-09 10:14:34,938 [INFO] WebApp:579 - Web application path used /opt/st/stm32cubeide_1.17.0_2/plugins/com.st.stm32cube.common.mx_6.13.0.202411220809/db/plugins/mcufinder/reactClient1/index.html
2026-06-09 10:14:35,085 [INFO] UserAuth:486 - Internet connection configuration mode: 1
2026-06-09 10:14:35,259 [INFO] WebApp:187 - Connection restablished
2026-06-09 10:14:35,268 [INFO] ServerAccessManage:473 - Download File cube-finder-db.zip
2026-06-09 10:14:45,003 [INFO] FileExtend:240 - Unzip File : cube-finder-db.zip
2026-06-09 10:14:45,005 [INFO] FileExtend:255 - Standard Zip Deflate
2026-06-09 10:14:46,484 [INFO] LoadUrlFilesThread:156 - End of LoadUrlFiles Thread
2026-06-09 10:14:51,781 [INFO] ServerAccessManage:473 - Download File crdb.zip
2026-06-09 10:14:54,865 [INFO] FileExtend:240 - Unzip File : crdb.zip
2026-06-09 10:14:54,866 [INFO] FileExtend:255 - Standard Zip Deflate
2026-06-09 10:14:55,089 [INFO] LoadUrlFilesThread:156 - End of LoadUrlFiles Thread
2026-06-09 10:14:57,127 [INFO] ServerAccessManage:473 - Download File tutoVideoDB.zip
2026-06-09 10:14:57,281 [INFO] FileExtend:240 - Unzip File : tutoVideoDB.zip
2026-06-09 10:14:57,282 [INFO] FileExtend:255 - Standard Zip Deflate
2026-06-09 10:14:57,394 [INFO] LoadUrlFilesThread:156 - End of LoadUrlFiles Thread
2026-06-09 10:14:57,396 [WARN] DbFile:41 - Overriding database path with different value: /home/santiago/.stmcufinder/plugins/mcufinder/ => /home/santiago/.stmcufinder/plugins/mcufinder
2026-06-09 10:14:57,585 [INFO] ServerAccessManage:473 - Download File api_config.json
2026-06-09 10:14:57,696 [INFO] LoadUrlFilesThread:156 - End of LoadUrlFiles Thread
2026-06-09 10:14:57,697 [INFO] DbMcusAds:53 - JSON generation date=Thu May 28 11:08:17 COT 2026 (1779984497073)
2026-06-09 10:14:57,731 [INFO] LoadUrlFilesThread:185 - End of LoadServerUrlFiles without Thread
2026-06-09 10:14:57,731 [INFO] TargetSelectorAdapter:259 - Refresh data is successful
2026-06-09 10:14:57,940 [INFO] ApiDb:581 - Connected to CubeFinder SQLite database (/home/santiago/.stmcufinder/plugins/mcufinder/mcu/cube-finder-db.db)
2026-06-09 10:14:58,092 [INFO] ApiDb:668 - CubeFinder database Data Model version=2.1
2026-06-09 10:14:58,092 [INFO] ApiDb:669 - CubeFinder database Configuration version=3.0.42
2026-06-09 10:14:58,092 [INFO] ApiDb:670 - CubeFinder database generation date=2026-05-14 (1778746352)
2026-06-09 10:14:58,093 [INFO] ApiDb:671 - CubeFinder database FW Pack versions=[FP-ATR-ASTRA1_V2.0.0, FP-SNS-FLIGHT1_V5.1.0, FP-SNS-MOTENV1_V5.1.0, FP-SNS-MOTENVWB1_V1.5.0, FP-SNS-SMARTAG2_V1.2.0, FP-SNS-STBOX1_V2.1.0, STM32Cube_FW_C0_V1.4.0, STM32Cube_FW_F4_V1.28.3, STM32Cube_FW_F7_V1.17.4, STM32Cube_FW_G0_V1.6.3, STM32Cube_FW_G4_V1.6.2, STM32Cube_FW_H5_V1.6.0, STM32Cube_FW_H7RS_V1.3.0, STM32Cube_FW_H7_V1.13.0, STM32Cube_FW_L0_V1.12.2, STM32Cube_FW_L4_V1.18.2, STM32Cube_FW_L5_V1.6.0, STM32Cube_FW_N6_V1.3.0, STM32Cube_FW_U0_V1.3.0, STM32Cube_FW_U3_V1.3.0, STM32Cube_FW_U5_V1.8.0, STM32Cube_FW_WB0_V1.4.0, STM32Cube_FW_WBA_V1.9.0, STM32Cube_FW_WB_V1.24.0, STM32Cube_FW_WL3_V1.4.0, STM32Cube_FW_WL_V1.5.0, X-CUBE-ALGOBUILD_V1.4.0, X-CUBE-ALS_V1.0.2, X-CUBE-AZRTOS-F4_V1.1.0, X-CUBE-AZRTOS-F7_V1.1.0, X-CUBE-AZRTOS-G0_V1.1.0, X-CUBE-AZRTOS-G4_V2.0.0, X-CUBE-AZRTOS-H7RS_V1.1.0, X-CUBE-AZRTOS-H7_V3.5.0, X-CUBE-AZRTOS-L4_V2.0.0, X-CUBE-AZRTOS-L5_V2.0.0, X-CUBE-AZRTOS-WB_V2.0.0, X-CUBE-AZRTOS-WL_V2.0.0, X-CUBE-BLE1_V7.1.0, X-CUBE-BLE2_V3.3.0, X-CUBE-BLEMGR_V4.1.0, X-CUBE-EEPRMA1_V5.2.0, X-CUBE-FREERTOS_V1.5.0, X-CUBE-GNSS1_V7.1.1, X-CUBE-MEMS1_V12.1.0, X-CUBE-NFC4_V3.0.0, X-CUBE-NFC7_V2.0.0, X-CUBE-SFXS2LP1_V4.0.0, X-CUBE-ST67W61_V1.3.0, X-CUBE-SUBG2_V5.0.0, X-CUBE-TOF1_V3.4.3]
2026-06-09 10:15:03,737 [INFO] ApiDb:240 - Found 858 in-development CPN: [B-G473E-ZEST1S, B-WB1M-WPAN1, B-WBA5M-WPAN, B-WL5M-SUBG1, NUCLEO-C031C6, NUCLEO-C051C8, NUCLEO-C071RB, NUCLEO-C092RC, NUCLEO-H503RB, NUCLEO-H533RE, NUCLEO-H563ZI, NUCLEO-H7S3L8, NUCLEO-N657X0-Q, NUCLEO-U031R8, NUCLEO-U083RC, NUCLEO-U385RG-Q, NUCLEO-U545RE-Q, NUCLEO-U5A5ZJ-Q, NUCLEO-WB05KZ, NUCLEO-WB07CC, NUCLEO-WB09KE, NUCLEO-WBA52CG, NUCLEO-WBA55CG, NUCLEO-WL33CC1, NUCLEO-WL33CC2, STEVAL-PROTEUS1, STEVAL-SMARTAG2, STEVAL-STWINBX1, STM320518-EVAL, STM32C0116-DK, STM32C011D6Y3TR, STM32C011D6Y6TR, STM32C011F4P3, STM32C011F4P6, STM32C011F4U3, STM32C011F4U6TR, STM32C011F6P3, STM32C011F6P6, STM32C011F6U3, STM32C011F6U6TR, STM32C011J4M3, STM32C011J4M6, STM32C011J6M3, STM32C011J6M6, STM32C0316-DK, STM32C031C4T3, STM32C031C4T6, STM32C031C4U3, STM32C031C4U6, STM32C031C6T3, STM32C031C6T6, STM32C031C6U3, STM32C031C6U6, STM32C031F4P3, STM32C031F4P6, STM32C031F6P3, STM32C031F6P6, STM32C031G4U3, STM32C031G4U6, STM32C031G6U3, STM32C031G6U6, STM32C031K4T3, STM32C031K4T6, STM32C031K4U3, STM32C031K4U6, STM32C031K6T3, STM32C031K6T6, STM32C031K6U3, STM32C031K6U6, STM32C051C6T6, STM32C051C6U6, STM32C051C8T6, STM32C051C8U6, STM32C051D8Y6TR, STM32C051F6P6, STM32C051F8P6, STM32C051G6U6, STM32C051G8U6, STM32C051K6T6, STM32C051K6U6, STM32C051K8T6, STM32C071C8T6, STM32C071C8T6N, STM32C071C8U6, STM32C071C8U6N, STM32C071CBT6, STM32C071CBT6N, STM32C071CBU6, STM32C071CBU6N, STM32C071F8P6, STM32C071F8P6N, STM32C071FBP6, STM32C071FBP6N, STM32C071FBY6TR, STM32C071G8U6, STM32C071G8U6N, STM32C071GBU6, STM32C071GBU6N, STM32C071K8T6, STM32C071K8T6N, STM32C071K8U6, STM32C071K8U6N, STM32C071KBT6, STM32C071KBT6N, STM32C071KBU6, STM32C071KBU6N, STM32C071R8T6, STM32C071R8T6N, STM32C071RBI6N, STM32C071RBT6, STM32C071RBT6N, STM32C091CBT6, STM32C091CBU6, STM32C091CCT6, STM32C091CCU6, STM32C091ECY6TR, STM32C091FBP6, STM32C091FCP6, STM32C091GBU6, STM32C091GCU6, STM32C091KBT6, STM32C091KBU6, STM32C091KCT6, STM32C091KCU6, STM32C091RBT6, STM32C091RCI6, STM32C091RCT6, STM32C092CBT6, STM32C092CBU6, STM32C092CCT6, STM32C092CCU6, STM32C092ECY6TR, STM32C092FBP6, STM32C092FCP6, STM32C092GBU6, STM32C092GCU6, STM32C092KBT6, STM32C092KBU6, STM32C092KCT6, STM32C092KCU6, STM32C092RBT6, STM32C092RCI6, STM32C092RCT6, STM32G071K8TXN, STM32G071K8UXN, STM32G081GBU6N, STM32G081KBT6N, STM32G081KBUXN, STM32G0B1CCT6N, STM32G0B1KCT6, STM32G0B1NEY6TR, STM32G0B1RCT6N, STM32G0C1CCT6, STM32G0C1CCT6N, STM32G0C1CCU6N, STM32G0C1CET6N, STM32G0C1CEU6N, STM32G0C1KCT6, STM32G0C1NEY6TR, STM32G0C1RCI6N, STM32G0C1RCT6N, STM32G0C1REI6N, STM32G0C1RET6N, STM32G0C1VCI6, STM32G0C1VEI6, STM32G411C6T3, STM32G411C6T6, STM32G411C6U3, STM32G411C6U6, STM32G411C8T3, STM32G411C8T6, STM32G411C8U3, STM32G411C8U6, STM32G411CBT3, STM32G411CBT6, STM32G411CBU3, STM32G411CBU6, STM32G411CCT3, STM32G411CCT6, STM32G411CCU3, STM32G411CCU6, STM32G411K6T3, STM32G411K6T6, STM32G411K6U3, STM32G411K6U6, STM32G411K8T3, STM32G411K8T6, STM32G411K8U3, STM32G411K8U6, STM32G411KBT3, STM32G411KBT6, STM32G411KBU3, STM32G411KBU6, STM32G411M6T3, STM32G411M6T6, STM32G411M8T3, STM32G411M8T6, STM32G411MBT3, STM32G411MBT6, STM32G411MCT3, STM32G411MCT6, STM32G411R6T3, STM32G411R6T6, STM32G411R8T3, STM32G411R8T6, STM32G411RBT3, STM32G411RBT6, STM32G411RCT3, STM32G411RCT6, STM32G414CBT3, STM32G414CBT6, STM32G414CBU3, STM32G414CBU6, STM32G414CCT3, STM32G414CCT6, STM32G414CCU3, STM32G414CCU6, STM32G414MBT3, STM32G414MBT6, STM32G414MCT3, STM32G414MCT6, STM32G414RBT3, STM32G414RBT6, STM32G414RCT3, STM32G414RCT6, STM32G414VBT3, STM32G414VBT6, STM32G414VCT3, STM32G414VCT6, STM32G431CBT3Z, STM32G431RBT3Z, STM32G471CCT6, STM32G471CCU6, STM32G471CET3, STM32G471CET6, STM32G471CEU3, STM32G471CEU6, STM32G471MCT6, STM32G471MET3, STM32G471MET6, STM32G471MEY6TR, STM32G471QCT6, STM32G471QET3, STM32G471RCT6, STM32G471RET3, STM32G471RET6, STM32G471VCH6, STM32G471VCI6, STM32G471VCT6, STM32G471VEH3, STM32G471VEH6, STM32G471VEI3, STM32G471VEI6, STM32G471VET3, STM32G471VET6, STM32G473QET3Z, STM32G473RET3Z, STM32G474CCT6, STM32G491RET3Z, STM32H503CBT6, STM32H503CBU6, STM32H503EBY6TR, STM32H503KBU6, STM32H503RBT6, STM32H523CCT6, STM32H523CCU6, STM32H523CET6, STM32H523CEU6, STM32H523HEY6TR, STM32H523RCT6, STM32H523RET6, STM32H523VCI6, STM32H523VCT6, STM32H523VEI6, STM32H523VET6, STM32H523ZCJ6, STM32H523ZCT6, STM32H523ZEJ6, STM32H523ZET6, STM32H533CET6, STM32H533CEU6, STM32H533HEY6TR, STM32H533RET6, STM32H533VEI6, STM32H533VET6, STM32H533ZEJ6, STM32H533ZET6, STM32H562AGI6, STM32H562AII6, STM32H562IGK6, STM32H562IGT6, STM32H562IIK6, STM32H562IIT6, STM32H562RGT6, STM32H562RGV6, STM32H562RIT6, STM32H562RIV6, STM32H562VGT6, STM32H562VIT6, STM32H562ZGT6, STM32H562ZIT6, STM32H563AGI6, STM32H563AII3Q, STM32H563AII6, STM32H563IGK6, STM32H563IGT6, STM32H563IIK3Q, STM32H563IIK6, STM32H563IIT3Q, STM32H563IIT6, STM32H563MIY3QTR, STM32H563RGT6, STM32H563RGV6, STM32H563RIT6, STM32H563RIV6, STM32H563VGT6, STM32H563VIT3Q, STM32H563VIT6, STM32H563ZGT6, STM32H563ZIT3Q, STM32H563ZIT6, STM32H573AII3Q, STM32H573AII6, STM32H573I-DK, STM32H573IIK3Q, STM32H573IIK6, STM32H573IIT3Q, STM32H573IIT6, STM32H573MIY3QTR, STM32H573RIT6, STM32H573RIV6, STM32H573VIT3Q, STM32H573VIT6, STM32H573ZIT3Q, STM32H573ZIT6, STM32H7R3A8I6, STM32H7R3I8K6, STM32H7R3I8T6, STM32H7R3L8H6, STM32H7R3L8H6H, STM32H7R3R8V6, STM32H7R3V8H6, STM32H7R3V8T6, STM32H7R3V8Y6TR, STM32H7R3Z8J6, STM32H7R3Z8T6, STM32H7R7A8I6, STM32H7R7I8K6, STM32H7R7I8T6, STM32H7R7L8H6, STM32H7R7L8H6H, STM32H7R7Z8J6, STM32H7S3A8I6, STM32H7S3I8K6, STM32H7S3I8T6, STM32H7S3L8H6, STM32H7S3L8H6H, STM32H7S3R8V6, STM32H7S3V8H6, STM32H7S3V8T6, STM32H7S3V8Y6TR, STM32H7S3Z8J6, STM32H7S3Z8T6, STM32H7S78-DK, STM32H7S7A8I6, STM32H7S7I8K6, STM32H7S7I8T6, STM32H7S7L8H6, STM32H7S7L8H6H, STM32H7S7Z8J6, STM32L4R5QGI6STR, STM32MP131AAE3, STM32MP131AAF3, STM32MP131AAG3, STM32MP131CAE3, STM32MP131CAF3, STM32MP131CAG3, STM32MP131DAE7, STM32MP131DAF7, STM32MP131DAG7, STM32MP131FAE7, STM32MP131FAF7, STM32MP131FAG7, STM32MP133AAE3, STM32MP133AAF3, STM32MP133AAG3, STM32MP133CAE3, STM32MP133CAF3, STM32MP133CAG3, STM32MP133DAE7, STM32MP133DAF7, STM32MP133DAG7, STM32MP133FAE7, STM32MP133FAF7, STM32MP133FAG7, STM32MP135AAE3, STM32MP135AAF3, STM32MP135AAG3, STM32MP135CAE3, STM32MP135CAF3, STM32MP135CAG3, STM32MP135DAE7, STM32MP135DAF7, STM32MP135DAG7, STM32MP135F-DK, STM32MP135FAE7, STM32MP135FAF7, STM32MP135FAF7T, STM32MP135FAF7U, STM32MP135FAG7, STM32MP231AAJ3, STM32MP231AAK3, STM32MP231AAL3, STM32MP231CAJ3, STM32MP231CAK3, STM32MP231CAL3, STM32MP231DAJ3, STM32MP231DAK3, STM32MP231DAL3, STM32MP231FAJ3, STM32MP231FAK3, STM32MP231FAL3, STM32MP233AAJ3, STM32MP233AAK3, STM32MP233AAL3, STM32MP233CAJ3, STM32MP233CAK3, STM32MP233CAL3, STM32MP233DAJ3, STM32MP233DAK3, STM32MP233DAL3, STM32MP233FAJ3, STM32MP233FAK3, STM32MP233FAL3, STM32MP235AAJ3, STM32MP235AAK3, STM32MP235AAL3, STM32MP235CAJ3, STM32MP235CAK3, STM32MP235CAL3, STM32MP235DAJ3, STM32MP235DAK3, STM32MP235DAL3, STM32MP235FAJ3, STM32MP235FAK3, STM32MP235FAL3, STM32MP251AAI3, STM32MP251AAJ3, STM32MP251AAK3, STM32MP251AAL3, STM32MP251CAI3, STM32MP251CAJ3, STM32MP251CAK3, STM32MP251CAL3, STM32MP251DAI3, STM32MP251DAJ3, STM32MP251DAK3, STM32MP251DAL3, STM32MP251FAI3, STM32MP251FAJ3, STM32MP251FAK3, STM32MP251FAL3, STM32MP253AAI3, STM32MP253AAJ3, STM32MP253AAK3, STM32MP253AAL3, STM32MP253CAI3, STM32MP253CAJ3, STM32MP253CAK3, STM32MP253CAL3, STM32MP253DAI3, STM32MP253DAJ3, STM32MP253DAK3, STM32MP253DAL3, STM32MP253FAI3, STM32MP253FAJ3, STM32MP253FAK3, STM32MP253FAL3, STM32MP255AAI3, STM32MP255AAJ3, STM32MP255AAK3, STM32MP255AAL3, STM32MP255CAI3, STM32MP255CAJ3, STM32MP255CAK3, STM32MP255CAL3, STM32MP255DAI3, STM32MP255DAJ3, STM32MP255DAK3, STM32MP255DAL3, STM32MP255FAI3, STM32MP255FAJ3, STM32MP255FAK3, STM32MP255FAL3, STM32MP257AAI3, STM32MP257AAJ3, STM32MP257AAK3, STM32MP257AAL3, STM32MP257CAI3, STM32MP257CAJ3, STM32MP257CAK3, STM32MP257CAL3, STM32MP257DAI3, STM32MP257DAJ3, STM32MP257DAK3, STM32MP257DAL3, STM32MP257F-DK, STM32MP257F-EV1, STM32MP257FAI3, STM32MP257FAJ3, STM32MP257FAK3, STM32MP257FAL3, STM32N645A0H3Q, STM32N645B0H3Q, STM32N645I0H3Q, STM32N645L0H3Q, STM32N645X0H3Q, STM32N645Z0H3Q, STM32N647A0H3Q, STM32N647B0H3Q, STM32N647I0H3Q, STM32N647L0H3Q, STM32N647X0H3Q, STM32N647Z0H3Q, STM32N655A0H3Q, STM32N655B0H3Q, STM32N655I0H3Q, STM32N655L0H3Q, STM32N655X0H3Q, STM32N655Z0H3Q, STM32N6570-DK, STM32N657A0H3Q, STM32N657B0H3Q, STM32N657I0H3Q, STM32N657L0H3Q, STM32N657X0H3Q, STM32N657Z0H3Q, STM32U031C6T6, STM32U031C6U6, STM32U031C8T6, STM32U031C8U6, STM32U031F4P6, STM32U031F6P6, STM32U031F8P6, STM32U031G6Y6TR, STM32U031G8Y6TR, STM32U031K4U6, STM32U031K6U6, STM32U031K8U6, STM32U031R6I6, STM32U031R6T6, STM32U031R8I6, STM32U031R8T6, STM32U073C8T6, STM32U073C8U6, STM32U073CBT6, STM32U073CBU6, STM32U073CCT6, STM32U073CCU6, STM32U073H8Y6TR, STM32U073HBY6TR, STM32U073HCY6TR, STM32U073K8U6, STM32U073KBU6, STM32U073KCU6, STM32U073M8I6, STM32U073M8T6, STM32U073MBI6, STM32U073MBT6, STM32U073MCI6, STM32U073MCT6, STM32U073R8I6, STM32U073R8T6, STM32U073RBI6, STM32U073RBT6, STM32U073RCI6, STM32U073RCT6, STM32U083C-DK, STM32U083CCT6, STM32U083CCU6, STM32U083HCY6TR, STM32U083KCU6, STM32U083MCI6, STM32U083MCT6, STM32U083RCI6, STM32U083RCT6, STM32U375CET6, STM32U375CET6Q, STM32U375CEU6, STM32U375CEU6Q, STM32U375CEY6QTR, STM32U375CGT6, STM32U375CGT6Q, STM32U375CGU6, STM32U375CGU6Q, STM32U375CGY6QTR, STM32U375KEU6, STM32U375KGU6, STM32U375REI6, STM32U375REI6Q, STM32U375RET6, STM32U375RET6Q, STM32U375REY6GTR, STM32U375REY6QTR, STM32U375RGI6, STM32U375RGI6Q, STM32U375RGT6, STM32U375RGT6Q, STM32U375RGY6GTR, STM32U375RGY6QTR, STM32U375VEI6, STM32U375VEI6Q, STM32U375VET6, STM32U375VET6Q, STM32U375VGI6, STM32U375VGI6Q, STM32U375VGT6, STM32U375VGT6Q, STM32U385CGT6, STM32U385CGT6Q, STM32U385CGU6, STM32U385CGU6Q, STM32U385CGY6QTR, STM32U385KGU6, STM32U385RGI6, STM32U385RGI6Q, STM32U385RGT6, STM32U385RGT6Q, STM32U385RGY6GTR, STM32U385RGY6QTR, STM32U385VGI6, STM32U385VGI6Q, STM32U385VGT6, STM32U385VGT6Q, STM32U535CBT6, STM32U535CBT6Q, STM32U535CBU6, STM32U535CBU6Q, STM32U535CCT6, STM32U535CCT6Q, STM32U535CCU6, STM32U535CCU6Q, STM32U535CET6, STM32U535CET6Q, STM32U535CEU6, STM32U535CEU6Q, STM32U535JEY6QTR, STM32U535NCY6QTR, STM32U535NEY6QTR, STM32U535RBI6, STM32U535RBI6Q, STM32U535RBT6, STM32U535RBT6Q, STM32U535RCI6, STM32U535RCI6Q, STM32U535RCT6, STM32U535RCT6Q, STM32U535REI6, STM32U535REI6Q, STM32U535RET6, STM32U535RET6Q, STM32U535VCI6, STM32U535VCI6Q, STM32U535VCT6, STM32U535VCT6Q, STM32U535VEI6, STM32U535VEI6Q, STM32U535VET6, STM32U535VET6Q, STM32U545CET6, STM32U545CET6Q, STM32U545CEU6, STM32U545CEU6Q, STM32U545JEY6QTR, STM32U545NEY6QTR, STM32U545REI6, STM32U545REI6Q, STM32U545RET6, STM32U545RET6Q, STM32U545VEI6, STM32U545VEI6Q, STM32U545VET6, STM32U545VET6Q, STM32U595AIH6, STM32U595AIH6Q, STM32U595AJH6, STM32U595AJH6Q, STM32U595QII6, STM32U595QII6Q, STM32U595QJI6, STM32U595QJI6Q, STM32U595RIT6, STM32U595RIT6Q, STM32U595RJT6, STM32U595RJT6Q, STM32U595VIT6, STM32U595VIT6Q, STM32U595VJT6, STM32U595VJT6Q, STM32U595ZIT6, STM32U595ZIT6Q, STM32U595ZIY6QTR, STM32U595ZJT6, STM32U595ZJT6Q, STM32U595ZJY6QTR, STM32U599BJY6QTR, STM32U599NIH6Q, STM32U599NJH6Q, STM32U599VIT6Q, STM32U599VJT6, STM32U599VJT6Q, STM32U599ZIT6Q, STM32U599ZIY6QTR, STM32U599ZJT6Q, STM32U599ZJY6QTR, STM32U5A5AJH6, STM32U5A5AJH6Q, STM32U5A5QII3Q , STM32U5A5QJI6, STM32U5A5QJI6Q, STM32U5A5RJT6, STM32U5A5RJT6Q, STM32U5A5VJT6, STM32U5A5VJT6Q, STM32U5A5ZJT6, STM32U5A5ZJT6Q, STM32U5A5ZJY6QTR, STM32U5A9BJY6QTR, STM32U5A9J-DK, STM32U5A9NJH6Q, STM32U5A9VJT6Q, STM32U5A9ZJT6Q, STM32U5A9ZJY6QTR, STM32U5F7VIT6, STM32U5F7VIT6Q, STM32U5F7VJT6, STM32U5F7VJT6Q, STM32U5F9BJY6QTR, STM32U5F9NJH6Q, STM32U5F9VIT6Q, STM32U5F9VJT6Q, STM32U5F9ZIJ6QTR, STM32U5F9ZIT6Q, STM32U5F9ZJJ6QTR, STM32U5F9ZJT6Q, STM32U5G7VJT6, STM32U5G7VJT6Q, STM32U5G9BJY6QTR, STM32U5G9J-DK1, STM32U5G9J-DK2, STM32U5G9NJH6Q, STM32U5G9VJT6Q, STM32U5G9ZJJ6QTR, STM32U5G9ZJT6Q, STM32WB05KZV6TR, STM32WB05KZV7TR, STM32WB05TZF6TR, STM32WB05TZF7TR, STM32WB06CCF6TR, STM32WB06CCF7TR, STM32WB06CCV6TR, STM32WB06CCV7TR, STM32WB06KCV6TR, STM32WB06KCV7TR, STM32WB07CCF6TR, STM32WB07CCF7TR, STM32WB07CCV6TR, STM32WB07CCV7TR, STM32WB07KCV6TR, STM32WB07KCV7TR, STM32WB09KEV6TR, STM32WB09KEV7TR, STM32WB09TEF6TR, STM32WB09TEF7TR, STM32WB1MMCH6, STM32WBA50KGU6, STM32WBA50KGU6TR, STM32WBA52CEU6, STM32WBA52CEU6TR, STM32WBA52CEU7, STM32WBA52CEU7TR, STM32WBA52CGU6, STM32WBA52CGU6TR, STM32WBA52CGU6U, STM32WBA52CGU7, STM32WBA52CGU7TR, STM32WBA52KEU6, STM32WBA52KEU6TR, STM32WBA52KGU6, STM32WBA52KGU6TR, STM32WBA54CEU6, STM32WBA54CEU6TR, STM32WBA54CEU7, STM32WBA54CEU7TR, STM32WBA54CGU6, STM32WBA54CGU6TR, STM32WBA54CGU7, STM32WBA54CGU7TR, STM32WBA54KEU6, STM32WBA54KEU6TR, STM32WBA54KEU7, STM32WBA54KEU7TR, STM32WBA54KGU6, STM32WBA54KGU6TR, STM32WBA54KGU7, STM32WBA54KGU7TR, STM32WBA55CEU6, STM32WBA55CEU6TR, STM32WBA55CEU7, STM32WBA55CEU7TR, STM32WBA55CGU6, STM32WBA55CGU6TR, STM32WBA55CGU6U, STM32WBA55CGU7, STM32WBA55CGU7TR, STM32WBA55G-DK1, STM32WBA55HEF6, STM32WBA55HEF7, STM32WBA55HGF6, STM32WBA55HGF7, STM32WBA55UEI6, STM32WBA55UEI6TR, STM32WBA55UEI7, STM32WBA55UEI7TR, STM32WBA55UGI6, STM32WBA55UGI6TR, STM32WBA55UGI7, STM32WBA55UGI7TR, STM32WBA5MJGH6TR, STM32WBA5MJGH6U, STM32WL33C8V6, STM32WL33C8V6TR, STM32WL33C8V7, STM32WL33C8V7TR, STM32WL33CBV6, STM32WL33CBV6TR, STM32WL33CBV7, STM32WL33CBV7TR, STM32WL33CCV6, STM32WL33CCV6TR, STM32WL33CCV7, STM32WL33CCV7A, STM32WL33CCV7ATR, STM32WL33CCV7TR, STM32WL33K8V6, STM32WL33K8V6TR, STM32WL33K8V7, STM32WL33K8V7TR, STM32WL33KBV6, STM32WL33KBV6TR, STM32WL33KBV7, STM32WL33KBV7TR, STM32WL33KCV6, STM32WL33KCV6TR, STM32WL33KCV7, STM32WL33KCV7TR, STM32WL5MOCH6, STM32WL5MOCH6TR]
2026-06-09 10:15:03,750 [INFO] DbMcus:218 - Found 5077 MCUs, 4959 are supported
2026-06-09 10:15:03,752 [INFO] ApiDb:423 - Load user favorites file /home/santiago/.stm32cubeide/favorites.mcus.txt: 0 item(s)
2026-06-09 10:15:03,752 [INFO] ApiDb:427 - User favorites MCUs=[]
2026-06-09 10:15:03,752 [INFO] DbMcus:224 - Set 0 / 0 favorites MCUs
2026-06-09 10:15:05,037 [INFO] ApiDb:668 - CubeFinder database Data Model version=2.1
2026-06-09 10:15:05,037 [INFO] ApiDb:669 - CubeFinder database Configuration version=3.0.42
2026-06-09 10:15:05,038 [INFO] ApiDb:670 - CubeFinder database generation date=2026-05-14 (1778746352)
2026-06-09 10:15:05,038 [INFO] ApiDb:671 - CubeFinder database FW Pack versions=[FP-ATR-ASTRA1_V2.0.0, FP-SNS-FLIGHT1_V5.1.0, FP-SNS-MOTENV1_V5.1.0, FP-SNS-MOTENVWB1_V1.5.0, FP-SNS-SMARTAG2_V1.2.0, FP-SNS-STBOX1_V2.1.0, STM32Cube_FW_C0_V1.4.0, STM32Cube_FW_F4_V1.28.3, STM32Cube_FW_F7_V1.17.4, STM32Cube_FW_G0_V1.6.3, STM32Cube_FW_G4_V1.6.2, STM32Cube_FW_H5_V1.6.0, STM32Cube_FW_H7RS_V1.3.0, STM32Cube_FW_H7_V1.13.0, STM32Cube_FW_L0_V1.12.2, STM32Cube_FW_L4_V1.18.2, STM32Cube_FW_L5_V1.6.0, STM32Cube_FW_N6_V1.3.0, STM32Cube_FW_U0_V1.3.0, STM32Cube_FW_U3_V1.3.0, STM32Cube_FW_U5_V1.8.0, STM32Cube_FW_WB0_V1.4.0, STM32Cube_FW_WBA_V1.9.0, STM32Cube_FW_WB_V1.24.0, STM32Cube_FW_WL3_V1.4.0, STM32Cube_FW_WL_V1.5.0, X-CUBE-ALGOBUILD_V1.4.0, X-CUBE-ALS_V1.0.2, X-CUBE-AZRTOS-F4_V1.1.0, X-CUBE-AZRTOS-F7_V1.1.0, X-CUBE-AZRTOS-G0_V1.1.0, X-CUBE-AZRTOS-G4_V2.0.0, X-CUBE-AZRTOS-H7RS_V1.1.0, X-CUBE-AZRTOS-H7_V3.5.0, X-CUBE-AZRTOS-L4_V2.0.0, X-CUBE-AZRTOS-L5_V2.0.0, X-CUBE-AZRTOS-WB_V2.0.0, X-CUBE-AZRTOS-WL_V2.0.0, X-CUBE-BLE1_V7.1.0, X-CUBE-BLE2_V3.3.0, X-CUBE-BLEMGR_V4.1.0, X-CUBE-EEPRMA1_V5.2.0, X-CUBE-FREERTOS_V1.5.0, X-CUBE-GNSS1_V7.1.1, X-CUBE-MEMS1_V12.1.0, X-CUBE-NFC4_V3.0.0, X-CUBE-NFC7_V2.0.0, X-CUBE-SFXS2LP1_V4.0.0, X-CUBE-ST67W61_V1.3.0, X-CUBE-SUBG2_V5.0.0, X-CUBE-TOF1_V3.4.3]
2026-06-09 10:15:05,148 [INFO] DbBoardsSqlite:226 - include board P-NUCLEO-WB55-NUCLEO as a kit item of type 'Nucleo-64'
2026-06-09 10:15:05,149 [INFO] DbBoardsSqlite:226 - include board P-NUCLEO-WB55-USBDONGLE as a kit item of type 'Nucleo USB Dongle'
2026-06-09 10:15:05,149 [INFO] DbBoardsSqlite:226 - include board STEVAL-IDP005V1 as a kit item of type 'Evaluation Board'
2026-06-09 10:15:05,150 [INFO] DbBoardsSqlite:226 - include board STEVAL-IDP005V2 as a kit item of type 'Evaluation Board'
2026-06-09 10:15:05,282 [INFO] ApiDb:240 - Found 858 in-development CPN: [B-G473E-ZEST1S, B-WB1M-WPAN1, B-WBA5M-WPAN, B-WL5M-SUBG1, NUCLEO-C031C6, NUCLEO-C051C8, NUCLEO-C071RB, NUCLEO-C092RC, NUCLEO-H503RB, NUCLEO-H533RE, NUCLEO-H563ZI, NUCLEO-H7S3L8, NUCLEO-N657X0-Q, NUCLEO-U031R8, NUCLEO-U083RC, NUCLEO-U385RG-Q, NUCLEO-U545RE-Q, NUCLEO-U5A5ZJ-Q, NUCLEO-WB05KZ, NUCLEO-WB07CC, NUCLEO-WB09KE, NUCLEO-WBA52CG, NUCLEO-WBA55CG, NUCLEO-WL33CC1, NUCLEO-WL33CC2, STEVAL-PROTEUS1, STEVAL-SMARTAG2, STEVAL-STWINBX1, STM320518-EVAL, STM32C0116-DK, STM32C011D6Y3TR, STM32C011D6Y6TR, STM32C011F4P3, STM32C011F4P6, STM32C011F4U3, STM32C011F4U6TR, STM32C011F6P3, STM32C011F6P6, STM32C011F6U3, STM32C011F6U6TR, STM32C011J4M3, STM32C011J4M6, STM32C011J6M3, STM32C011J6M6, STM32C0316-DK, STM32C031C4T3, STM32C031C4T6, STM32C031C4U3, STM32C031C4U6, STM32C031C6T3, STM32C031C6T6, STM32C031C6U3, STM32C031C6U6, STM32C031F4P3, STM32C031F4P6, STM32C031F6P3, STM32C031F6P6, STM32C031G4U3, STM32C031G4U6, STM32C031G6U3, STM32C031G6U6, STM32C031K4T3, STM32C031K4T6, STM32C031K4U3, STM32C031K4U6, STM32C031K6T3, STM32C031K6T6, STM32C031K6U3, STM32C031K6U6, STM32C051C6T6, STM32C051C6U6, STM32C051C8T6, STM32C051C8U6, STM32C051D8Y6TR, STM32C051F6P6, STM32C051F8P6, STM32C051G6U6, STM32C051G8U6, STM32C051K6T6, STM32C051K6U6, STM32C051K8T6, STM32C071C8T6, STM32C071C8T6N, STM32C071C8U6, STM32C071C8U6N, STM32C071CBT6, STM32C071CBT6N, STM32C071CBU6, STM32C071CBU6N, STM32C071F8P6, STM32C071F8P6N, STM32C071FBP6, STM32C071FBP6N, STM32C071FBY6TR, STM32C071G8U6, STM32C071G8U6N, STM32C071GBU6, STM32C071GBU6N, STM32C071K8T6, STM32C071K8T6N, STM32C071K8U6, STM32C071K8U6N, STM32C071KBT6, STM32C071KBT6N, STM32C071KBU6, STM32C071KBU6N, STM32C071R8T6, STM32C071R8T6N, STM32C071RBI6N, STM32C071RBT6, STM32C071RBT6N, STM32C091CBT6, STM32C091CBU6, STM32C091CCT6, STM32C091CCU6, STM32C091ECY6TR, STM32C091FBP6, STM32C091FCP6, STM32C091GBU6, STM32C091GCU6, STM32C091KBT6, STM32C091KBU6, STM32C091KCT6, STM32C091KCU6, STM32C091RBT6, STM32C091RCI6, STM32C091RCT6, STM32C092CBT6, STM32C092CBU6, STM32C092CCT6, STM32C092CCU6, STM32C092ECY6TR, STM32C092FBP6, STM32C092FCP6, STM32C092GBU6, STM32C092GCU6, STM32C092KBT6, STM32C092KBU6, STM32C092KCT6, STM32C092KCU6, STM32C092RBT6, STM32C092RCI6, STM32C092RCT6, STM32G071K8TXN, STM32G071K8UXN, STM32G081GBU6N, STM32G081KBT6N, STM32G081KBUXN, STM32G0B1CCT6N, STM32G0B1KCT6, STM32G0B1NEY6TR, STM32G0B1RCT6N, STM32G0C1CCT6, STM32G0C1CCT6N, STM32G0C1CCU6N, STM32G0C1CET6N, STM32G0C1CEU6N, STM32G0C1KCT6, STM32G0C1NEY6TR, STM32G0C1RCI6N, STM32G0C1RCT6N, STM32G0C1REI6N, STM32G0C1RET6N, STM32G0C1VCI6, STM32G0C1VEI6, STM32G411C6T3, STM32G411C6T6, STM32G411C6U3, STM32G411C6U6, STM32G411C8T3, STM32G411C8T6, STM32G411C8U3, STM32G411C8U6, STM32G411CBT3, STM32G411CBT6, STM32G411CBU3, STM32G411CBU6, STM32G411CCT3, STM32G411CCT6, STM32G411CCU3, STM32G411CCU6, STM32G411K6T3, STM32G411K6T6, STM32G411K6U3, STM32G411K6U6, STM32G411K8T3, STM32G411K8T6, STM32G411K8U3, STM32G411K8U6, STM32G411KBT3, STM32G411KBT6, STM32G411KBU3, STM32G411KBU6, STM32G411M6T3, STM32G411M6T6, STM32G411M8T3, STM32G411M8T6, STM32G411MBT3, STM32G411MBT6, STM32G411MCT3, STM32G411MCT6, STM32G411R6T3, STM32G411R6T6, STM32G411R8T3, STM32G411R8T6, STM32G411RBT3, STM32G411RBT6, STM32G411RCT3, STM32G411RCT6, STM32G414CBT3, STM32G414CBT6, STM32G414CBU3, STM32G414CBU6, STM32G414CCT3, STM32G414CCT6, STM32G414CCU3, STM32G414CCU6, STM32G414MBT3, STM32G414MBT6, STM32G414MCT3, STM32G414MCT6, STM32G414RBT3, STM32G414RBT6, STM32G414RCT3, STM32G414RCT6, STM32G414VBT3, STM32G414VBT6, STM32G414VCT3, STM32G414VCT6, STM32G431CBT3Z, STM32G431RBT3Z, STM32G471CCT6, STM32G471CCU6, STM32G471CET3, STM32G471CET6, STM32G471CEU3, STM32G471CEU6, STM32G471MCT6, STM32G471MET3, STM32G471MET6, STM32G471MEY6TR, STM32G471QCT6, STM32G471QET3, STM32G471RCT6, STM32G471RET3, STM32G471RET6, STM32G471VCH6, STM32G471VCI6, STM32G471VCT6, STM32G471VEH3, STM32G471VEH6, STM32G471VEI3, STM32G471VEI6, STM32G471VET3, STM32G471VET6, STM32G473QET3Z, STM32G473RET3Z, STM32G474CCT6, STM32G491RET3Z, STM32H503CBT6, STM32H503CBU6, STM32H503EBY6TR, STM32H503KBU6, STM32H503RBT6, STM32H523CCT6, STM32H523CCU6, STM32H523CET6, STM32H523CEU6, STM32H523HEY6TR, STM32H523RCT6, STM32H523RET6, STM32H523VCI6, STM32H523VCT6, STM32H523VEI6, STM32H523VET6, STM32H523ZCJ6, STM32H523ZCT6, STM32H523ZEJ6, STM32H523ZET6, STM32H533CET6, STM32H533CEU6, STM32H533HEY6TR, STM32H533RET6, STM32H533VEI6, STM32H533VET6, STM32H533ZEJ6, STM32H533ZET6, STM32H562AGI6, STM32H562AII6, STM32H562IGK6, STM32H562IGT6, STM32H562IIK6, STM32H562IIT6, STM32H562RGT6, STM32H562RGV6, STM32H562RIT6, STM32H562RIV6, STM32H562VGT6, STM32H562VIT6, STM32H562ZGT6, STM32H562ZIT6, STM32H563AGI6, STM32H563AII3Q, STM32H563AII6, STM32H563IGK6, STM32H563IGT6, STM32H563IIK3Q, STM32H563IIK6, STM32H563IIT3Q, STM32H563IIT6, STM32H563MIY3QTR, STM32H563RGT6, STM32H563RGV6, STM32H563RIT6, STM32H563RIV6, STM32H563VGT6, STM32H563VIT3Q, STM32H563VIT6, STM32H563ZGT6, STM32H563ZIT3Q, STM32H563ZIT6, STM32H573AII3Q, STM32H573AII6, STM32H573I-DK, STM32H573IIK3Q, STM32H573IIK6, STM32H573IIT3Q, STM32H573IIT6, STM32H573MIY3QTR, STM32H573RIT6, STM32H573RIV6, STM32H573VIT3Q, STM32H573VIT6, STM32H573ZIT3Q, STM32H573ZIT6, STM32H7R3A8I6, STM32H7R3I8K6, STM32H7R3I8T6, STM32H7R3L8H6, STM32H7R3L8H6H, STM32H7R3R8V6, STM32H7R3V8H6, STM32H7R3V8T6, STM32H7R3V8Y6TR, STM32H7R3Z8J6, STM32H7R3Z8T6, STM32H7R7A8I6, STM32H7R7I8K6, STM32H7R7I8T6, STM32H7R7L8H6, STM32H7R7L8H6H, STM32H7R7Z8J6, STM32H7S3A8I6, STM32H7S3I8K6, STM32H7S3I8T6, STM32H7S3L8H6, STM32H7S3L8H6H, STM32H7S3R8V6, STM32H7S3V8H6, STM32H7S3V8T6, STM32H7S3V8Y6TR, STM32H7S3Z8J6, STM32H7S3Z8T6, STM32H7S78-DK, STM32H7S7A8I6, STM32H7S7I8K6, STM32H7S7I8T6, STM32H7S7L8H6, STM32H7S7L8H6H, STM32H7S7Z8J6, STM32L4R5QGI6STR, STM32MP131AAE3, STM32MP131AAF3, STM32MP131AAG3, STM32MP131CAE3, STM32MP131CAF3, STM32MP131CAG3, STM32MP131DAE7, STM32MP131DAF7, STM32MP131DAG7, STM32MP131FAE7, STM32MP131FAF7, STM32MP131FAG7, STM32MP133AAE3, STM32MP133AAF3, STM32MP133AAG3, STM32MP133CAE3, STM32MP133CAF3, STM32MP133CAG3, STM32MP133DAE7, STM32MP133DAF7, STM32MP133DAG7, STM32MP133FAE7, STM32MP133FAF7, STM32MP133FAG7, STM32MP135AAE3, STM32MP135AAF3, STM32MP135AAG3, STM32MP135CAE3, STM32MP135CAF3, STM32MP135CAG3, STM32MP135DAE7, STM32MP135DAF7, STM32MP135DAG7, STM32MP135F-DK, STM32MP135FAE7, STM32MP135FAF7, STM32MP135FAF7T, STM32MP135FAF7U, STM32MP135FAG7, STM32MP231AAJ3, STM32MP231AAK3, STM32MP231AAL3, STM32MP231CAJ3, STM32MP231CAK3, STM32MP231CAL3, STM32MP231DAJ3, STM32MP231DAK3, STM32MP231DAL3, STM32MP231FAJ3, STM32MP231FAK3, STM32MP231FAL3, STM32MP233AAJ3, STM32MP233AAK3, STM32MP233AAL3, STM32MP233CAJ3, STM32MP233CAK3, STM32MP233CAL3, STM32MP233DAJ3, STM32MP233DAK3, STM32MP233DAL3, STM32MP233FAJ3, STM32MP233FAK3, STM32MP233FAL3, STM32MP235AAJ3, STM32MP235AAK3, STM32MP235AAL3, STM32MP235CAJ3, STM32MP235CAK3, STM32MP235CAL3, STM32MP235DAJ3, STM32MP235DAK3, STM32MP235DAL3, STM32MP235FAJ3, STM32MP235FAK3, STM32MP235FAL3, STM32MP251AAI3, STM32MP251AAJ3, STM32MP251AAK3, STM32MP251AAL3, STM32MP251CAI3, STM32MP251CAJ3, STM32MP251CAK3, STM32MP251CAL3, STM32MP251DAI3, STM32MP251DAJ3, STM32MP251DAK3, STM32MP251DAL3, STM32MP251FAI3, STM32MP251FAJ3, STM32MP251FAK3, STM32MP251FAL3, STM32MP253AAI3, STM32MP253AAJ3, STM32MP253AAK3, STM32MP253AAL3, STM32MP253CAI3, STM32MP253CAJ3, STM32MP253CAK3, STM32MP253CAL3, STM32MP253DAI3, STM32MP253DAJ3, STM32MP253DAK3, STM32MP253DAL3, STM32MP253FAI3, STM32MP253FAJ3, STM32MP253FAK3, STM32MP253FAL3, STM32MP255AAI3, STM32MP255AAJ3, STM32MP255AAK3, STM32MP255AAL3, STM32MP255CAI3, STM32MP255CAJ3, STM32MP255CAK3, STM32MP255CAL3, STM32MP255DAI3, STM32MP255DAJ3, STM32MP255DAK3, STM32MP255DAL3, STM32MP255FAI3, STM32MP255FAJ3, STM32MP255FAK3, STM32MP255FAL3, STM32MP257AAI3, STM32MP257AAJ3, STM32MP257AAK3, STM32MP257AAL3, STM32MP257CAI3, STM32MP257CAJ3, STM32MP257CAK3, STM32MP257CAL3, STM32MP257DAI3, STM32MP257DAJ3, STM32MP257DAK3, STM32MP257DAL3, STM32MP257F-DK, STM32MP257F-EV1, STM32MP257FAI3, STM32MP257FAJ3, STM32MP257FAK3, STM32MP257FAL3, STM32N645A0H3Q, STM32N645B0H3Q, STM32N645I0H3Q, STM32N645L0H3Q, STM32N645X0H3Q, STM32N645Z0H3Q, STM32N647A0H3Q, STM32N647B0H3Q, STM32N647I0H3Q, STM32N647L0H3Q, STM32N647X0H3Q, STM32N647Z0H3Q, STM32N655A0H3Q, STM32N655B0H3Q, STM32N655I0H3Q, STM32N655L0H3Q, STM32N655X0H3Q, STM32N655Z0H3Q, STM32N6570-DK, STM32N657A0H3Q, STM32N657B0H3Q, STM32N657I0H3Q, STM32N657L0H3Q, STM32N657X0H3Q, STM32N657Z0H3Q, STM32U031C6T6, STM32U031C6U6, STM32U031C8T6, STM32U031C8U6, STM32U031F4P6, STM32U031F6P6, STM32U031F8P6, STM32U031G6Y6TR, STM32U031G8Y6TR, STM32U031K4U6, STM32U031K6U6, STM32U031K8U6, STM32U031R6I6, STM32U031R6T6, STM32U031R8I6, STM32U031R8T6, STM32U073C8T6, STM32U073C8U6, STM32U073CBT6, STM32U073CBU6, STM32U073CCT6, STM32U073CCU6, STM32U073H8Y6TR, STM32U073HBY6TR, STM32U073HCY6TR, STM32U073K8U6, STM32U073KBU6, STM32U073KCU6, STM32U073M8I6, STM32U073M8T6, STM32U073MBI6, STM32U073MBT6, STM32U073MCI6, STM32U073MCT6, STM32U073R8I6, STM32U073R8T6, STM32U073RBI6, STM32U073RBT6, STM32U073RCI6, STM32U073RCT6, STM32U083C-DK, STM32U083CCT6, STM32U083CCU6, STM32U083HCY6TR, STM32U083KCU6, STM32U083MCI6, STM32U083MCT6, STM32U083RCI6, STM32U083RCT6, STM32U375CET6, STM32U375CET6Q, STM32U375CEU6, STM32U375CEU6Q, STM32U375CEY6QTR, STM32U375CGT6, STM32U375CGT6Q, STM32U375CGU6, STM32U375CGU6Q, STM32U375CGY6QTR, STM32U375KEU6, STM32U375KGU6, STM32U375REI6, STM32U375REI6Q, STM32U375RET6, STM32U375RET6Q, STM32U375REY6GTR, STM32U375REY6QTR, STM32U375RGI6, STM32U375RGI6Q, STM32U375RGT6, STM32U375RGT6Q, STM32U375RGY6GTR, STM32U375RGY6QTR, STM32U375VEI6, STM32U375VEI6Q, STM32U375VET6, STM32U375VET6Q, STM32U375VGI6, STM32U375VGI6Q, STM32U375VGT6, STM32U375VGT6Q, STM32U385CGT6, STM32U385CGT6Q, STM32U385CGU6, STM32U385CGU6Q, STM32U385CGY6QTR, STM32U385KGU6, STM32U385RGI6, STM32U385RGI6Q, STM32U385RGT6, STM32U385RGT6Q, STM32U385RGY6GTR, STM32U385RGY6QTR, STM32U385VGI6, STM32U385VGI6Q, STM32U385VGT6, STM32U385VGT6Q, STM32U535CBT6, STM32U535CBT6Q, STM32U535CBU6, STM32U535CBU6Q, STM32U535CCT6, STM32U535CCT6Q, STM32U535CCU6, STM32U535CCU6Q, STM32U535CET6, STM32U535CET6Q, STM32U535CEU6, STM32U535CEU6Q, STM32U535JEY6QTR, STM32U535NCY6QTR, STM32U535NEY6QTR, STM32U535RBI6, STM32U535RBI6Q, STM32U535RBT6, STM32U535RBT6Q, STM32U535RCI6, STM32U535RCI6Q, STM32U535RCT6, STM32U535RCT6Q, STM32U535REI6, STM32U535REI6Q, STM32U535RET6, STM32U535RET6Q, STM32U535VCI6, STM32U535VCI6Q, STM32U535VCT6, STM32U535VCT6Q, STM32U535VEI6, STM32U535VEI6Q, STM32U535VET6, STM32U535VET6Q, STM32U545CET6, STM32U545CET6Q, STM32U545CEU6, STM32U545CEU6Q, STM32U545JEY6QTR, STM32U545NEY6QTR, STM32U545REI6, STM32U545REI6Q, STM32U545RET6, STM32U545RET6Q, STM32U545VEI6, STM32U545VEI6Q, STM32U545VET6, STM32U545VET6Q, STM32U595AIH6, STM32U595AIH6Q, STM32U595AJH6, STM32U595AJH6Q, STM32U595QII6, STM32U595QII6Q, STM32U595QJI6, STM32U595QJI6Q, STM32U595RIT6, STM32U595RIT6Q, STM32U595RJT6, STM32U595RJT6Q, STM32U595VIT6, STM32U595VIT6Q, STM32U595VJT6, STM32U595VJT6Q, STM32U595ZIT6, STM32U595ZIT6Q, STM32U595ZIY6QTR, STM32U595ZJT6, STM32U595ZJT6Q, STM32U595ZJY6QTR, STM32U599BJY6QTR, STM32U599NIH6Q, STM32U599NJH6Q, STM32U599VIT6Q, STM32U599VJT6, STM32U599VJT6Q, STM32U599ZIT6Q, STM32U599ZIY6QTR, STM32U599ZJT6Q, STM32U599ZJY6QTR, STM32U5A5AJH6, STM32U5A5AJH6Q, STM32U5A5QII3Q , STM32U5A5QJI6, STM32U5A5QJI6Q, STM32U5A5RJT6, STM32U5A5RJT6Q, STM32U5A5VJT6, STM32U5A5VJT6Q, STM32U5A5ZJT6, STM32U5A5ZJT6Q, STM32U5A5ZJY6QTR, STM32U5A9BJY6QTR, STM32U5A9J-DK, STM32U5A9NJH6Q, STM32U5A9VJT6Q, STM32U5A9ZJT6Q, STM32U5A9ZJY6QTR, STM32U5F7VIT6, STM32U5F7VIT6Q, STM32U5F7VJT6, STM32U5F7VJT6Q, STM32U5F9BJY6QTR, STM32U5F9NJH6Q, STM32U5F9VIT6Q, STM32U5F9VJT6Q, STM32U5F9ZIJ6QTR, STM32U5F9ZIT6Q, STM32U5F9ZJJ6QTR, STM32U5F9ZJT6Q, STM32U5G7VJT6, STM32U5G7VJT6Q, STM32U5G9BJY6QTR, STM32U5G9J-DK1, STM32U5G9J-DK2, STM32U5G9NJH6Q, STM32U5G9VJT6Q, STM32U5G9ZJJ6QTR, STM32U5G9ZJT6Q, STM32WB05KZV6TR, STM32WB05KZV7TR, STM32WB05TZF6TR, STM32WB05TZF7TR, STM32WB06CCF6TR, STM32WB06CCF7TR, STM32WB06CCV6TR, STM32WB06CCV7TR, STM32WB06KCV6TR, STM32WB06KCV7TR, STM32WB07CCF6TR, STM32WB07CCF7TR, STM32WB07CCV6TR, STM32WB07CCV7TR, STM32WB07KCV6TR, STM32WB07KCV7TR, STM32WB09KEV6TR, STM32WB09KEV7TR, STM32WB09TEF6TR, STM32WB09TEF7TR, STM32WB1MMCH6, STM32WBA50KGU6, STM32WBA50KGU6TR, STM32WBA52CEU6, STM32WBA52CEU6TR, STM32WBA52CEU7, STM32WBA52CEU7TR, STM32WBA52CGU6, STM32WBA52CGU6TR, STM32WBA52CGU6U, STM32WBA52CGU7, STM32WBA52CGU7TR, STM32WBA52KEU6, STM32WBA52KEU6TR, STM32WBA52KGU6, STM32WBA52KGU6TR, STM32WBA54CEU6, STM32WBA54CEU6TR, STM32WBA54CEU7, STM32WBA54CEU7TR, STM32WBA54CGU6, STM32WBA54CGU6TR, STM32WBA54CGU7, STM32WBA54CGU7TR, STM32WBA54KEU6, STM32WBA54KEU6TR, STM32WBA54KEU7, STM32WBA54KEU7TR, STM32WBA54KGU6, STM32WBA54KGU6TR, STM32WBA54KGU7, STM32WBA54KGU7TR, STM32WBA55CEU6, STM32WBA55CEU6TR, STM32WBA55CEU7, STM32WBA55CEU7TR, STM32WBA55CGU6, STM32WBA55CGU6TR, STM32WBA55CGU6U, STM32WBA55CGU7, STM32WBA55CGU7TR, STM32WBA55G-DK1, STM32WBA55HEF6, STM32WBA55HEF7, STM32WBA55HGF6, STM32WBA55HGF7, STM32WBA55UEI6, STM32WBA55UEI6TR, STM32WBA55UEI7, STM32WBA55UEI7TR, STM32WBA55UGI6, STM32WBA55UGI6TR, STM32WBA55UGI7, STM32WBA55UGI7TR, STM32WBA5MJGH6TR, STM32WBA5MJGH6U, STM32WL33C8V6, STM32WL33C8V6TR, STM32WL33C8V7, STM32WL33C8V7TR, STM32WL33CBV6, STM32WL33CBV6TR, STM32WL33CBV7, STM32WL33CBV7TR, STM32WL33CCV6, STM32WL33CCV6TR, STM32WL33CCV7, STM32WL33CCV7A, STM32WL33CCV7ATR, STM32WL33CCV7TR, STM32WL33K8V6, STM32WL33K8V6TR, STM32WL33K8V7, STM32WL33K8V7TR, STM32WL33KBV6, STM32WL33KBV6TR, STM32WL33KBV7, STM32WL33KBV7TR, STM32WL33KCV6, STM32WL33KCV6TR, STM32WL33KCV7, STM32WL33KCV7TR, STM32WL5MOCH6, STM32WL5MOCH6TR]
2026-06-09 10:15:05,452 [INFO] BoardInfo:889 - No configuration file found for board NUCLEO-H5E5ZJ
2026-06-09 10:15:05,453 [INFO] DbBoards:161 - Board is not supported: NUCLEO-H5E5ZJ
2026-06-09 10:15:05,537 [INFO] BoardInfo:889 - No configuration file found for board NUCLEO-U3C5ZI-Q
2026-06-09 10:15:05,537 [INFO] DbBoards:161 - Board is not supported: NUCLEO-U3C5ZI-Q
2026-06-09 10:15:05,563 [INFO] BoardInfo:889 - No configuration file found for board NUCLEO-WBA25CE1
2026-06-09 10:15:05,564 [INFO] DbBoards:161 - Board is not supported: NUCLEO-WBA25CE1
2026-06-09 10:15:05,572 [INFO] BoardInfo:889 - No configuration file found for board NUCLEO-WBA65RI
2026-06-09 10:15:05,573 [INFO] DbBoards:161 - Board is not supported: NUCLEO-WBA65RI
2026-06-09 10:15:05,580 [INFO] BoardInfo:889 - No configuration file found for board NUCLEO-WL3RKB1
2026-06-09 10:15:05,581 [INFO] DbBoards:161 - Board is not supported: NUCLEO-WL3RKB1
2026-06-09 10:15:05,582 [INFO] BoardInfo:889 - No configuration file found for board NUCLEO-WL3RKB2
2026-06-09 10:15:05,583 [INFO] DbBoards:161 - Board is not supported: NUCLEO-WL3RKB2
2026-06-09 10:15:05,595 [INFO] BoardInfo:889 - No configuration file found for board P-NUCLEO-WB55
2026-06-09 10:15:05,596 [INFO] DbBoards:161 - Kit is not supported: P-NUCLEO-WB55
2026-06-09 10:15:05,607 [INFO] BoardInfo:889 - No configuration file found for board STEVAL-BFA001V1B
2026-06-09 10:15:05,608 [INFO] DbBoards:161 - Kit is not supported: STEVAL-BFA001V1B
2026-06-09 10:15:05,611 [INFO] BoardInfo:889 - No configuration file found for board STEVAL-BFA001V2B
2026-06-09 10:15:05,611 [INFO] DbBoards:161 - Kit is not supported: STEVAL-BFA001V2B
2026-06-09 10:15:05,748 [INFO] BoardInfo:889 - No configuration file found for board STM32H5F5J-DK
2026-06-09 10:15:05,748 [INFO] DbBoards:161 - Board is not supported: STM32H5F5J-DK
2026-06-09 10:15:05,818 [INFO] BoardInfo:889 - No configuration file found for board STM32MP215F-DK
2026-06-09 10:15:05,819 [INFO] DbBoards:161 - Board is not supported: STM32MP215F-DK
2026-06-09 10:15:05,843 [INFO] BoardInfo:889 - No configuration file found for board STM32WBA65I-DK1
2026-06-09 10:15:05,844 [INFO] DbBoards:161 - Board is not supported: STM32WBA65I-DK1
2026-06-09 10:15:05,844 [INFO] DbBoards:168 - Found 218 boards, 206 are supported
2026-06-09 10:15:05,844 [INFO] DbBoards:169 - Found 218 boards, 42 of them is supported for  Bsp
2026-06-09 10:15:05,853 [INFO] ApiDb:423 - Load user favorites file /home/santiago/.stm32cubeide/favorites.boards.txt: 1 item(s)
2026-06-09 10:15:05,854 [INFO] ApiDb:427 - User favorites Boards=[NUCLEO-F411RE]
2026-06-09 10:15:05,854 [INFO] DbBoards:198 - Set 1 / 1 favorites Boards
2026-06-09 10:15:05,858 [INFO] ApiDb:668 - CubeFinder database Data Model version=2.1
2026-06-09 10:15:05,859 [INFO] ApiDb:669 - CubeFinder database Configuration version=3.0.42
2026-06-09 10:15:05,859 [INFO] ApiDb:670 - CubeFinder database generation date=2026-05-14 (1778746352)
2026-06-09 10:15:05,859 [INFO] ApiDb:671 - CubeFinder database FW Pack versions=[FP-ATR-ASTRA1_V2.0.0, FP-SNS-FLIGHT1_V5.1.0, FP-SNS-MOTENV1_V5.1.0, FP-SNS-MOTENVWB1_V1.5.0, FP-SNS-SMARTAG2_V1.2.0, FP-SNS-STBOX1_V2.1.0, STM32Cube_FW_C0_V1.4.0, STM32Cube_FW_F4_V1.28.3, STM32Cube_FW_F7_V1.17.4, STM32Cube_FW_G0_V1.6.3, STM32Cube_FW_G4_V1.6.2, STM32Cube_FW_H5_V1.6.0, STM32Cube_FW_H7RS_V1.3.0, STM32Cube_FW_H7_V1.13.0, STM32Cube_FW_L0_V1.12.2, STM32Cube_FW_L4_V1.18.2, STM32Cube_FW_L5_V1.6.0, STM32Cube_FW_N6_V1.3.0, STM32Cube_FW_U0_V1.3.0, STM32Cube_FW_U3_V1.3.0, STM32Cube_FW_U5_V1.8.0, STM32Cube_FW_WB0_V1.4.0, STM32Cube_FW_WBA_V1.9.0, STM32Cube_FW_WB_V1.24.0, STM32Cube_FW_WL3_V1.4.0, STM32Cube_FW_WL_V1.5.0, X-CUBE-ALGOBUILD_V1.4.0, X-CUBE-ALS_V1.0.2, X-CUBE-AZRTOS-F4_V1.1.0, X-CUBE-AZRTOS-F7_V1.1.0, X-CUBE-AZRTOS-G0_V1.1.0, X-CUBE-AZRTOS-G4_V2.0.0, X-CUBE-AZRTOS-H7RS_V1.1.0, X-CUBE-AZRTOS-H7_V3.5.0, X-CUBE-AZRTOS-L4_V2.0.0, X-CUBE-AZRTOS-L5_V2.0.0, X-CUBE-AZRTOS-WB_V2.0.0, X-CUBE-AZRTOS-WL_V2.0.0, X-CUBE-BLE1_V7.1.0, X-CUBE-BLE2_V3.3.0, X-CUBE-BLEMGR_V4.1.0, X-CUBE-EEPRMA1_V5.2.0, X-CUBE-FREERTOS_V1.5.0, X-CUBE-GNSS1_V7.1.1, X-CUBE-MEMS1_V12.1.0, X-CUBE-NFC4_V3.0.0, X-CUBE-NFC7_V2.0.0, X-CUBE-SFXS2LP1_V4.0.0, X-CUBE-ST67W61_V1.3.0, X-CUBE-SUBG2_V5.0.0, X-CUBE-TOF1_V3.4.3]
2026-06-09 10:15:07,440 [ERROR] DbExamplesSqlite:437 - Missing JSON key: board_cpn
2026-06-09 10:15:07,440 [ERROR] DbExamplesSqlite:437 - Missing JSON key: board_cpn
2026-06-09 10:15:07,441 [ERROR] DbExamplesSqlite:437 - Missing JSON key: board_cpn
2026-06-09 10:15:07,441 [ERROR] DbExamplesSqlite:437 - Missing JSON key: board_cpn
2026-06-09 10:15:08,120 [ERROR] DbExamplesSqlite:437 - Missing JSON key: board_cpn
2026-06-09 10:15:08,121 [ERROR] DbExamplesSqlite:437 - Missing JSON key: board_cpn
2026-06-09 10:15:08,249 [INFO] DbExamplesSqlite:395 - Ignored 39 examples not supported by CubeIDE
2026-06-09 10:15:08,250 [INFO] DbExamplesSqlite:396 - Found 11215 examples active
2026-06-09 10:15:08,250 [INFO] DbExamplesSqlite:397 - Found 0 examples obsolete
2026-06-09 10:15:08,251 [INFO] DbExamplesSqlite:398 - Found 0 examples under development
2026-06-09 10:15:08,251 [INFO] DbExamplesSqlite:399 - Found 76 examples not building
2026-06-09 10:15:08,255 [INFO] DbExamples:125 - Found 11252 examples
2026-06-09 10:15:08,491 [ERROR] DbExamples:208 - Found 381 examples with invalid data (board or MCU)
2026-06-09 10:15:08,492 [INFO] DbExamples:222 - Found 140 boards with related examples
2026-06-09 10:15:08,494 [INFO] DbExamples:235 - Found 114 MCUs with related examples
2026-06-09 10:15:08,529 [INFO] ApiDb:414 - User favorites file not found: /home/santiago/.stm32cubeide/favorites.examples.txt
2026-06-09 10:15:08,531 [INFO] DbExamples:250 - Set 0 / 0 favorites Examples
2026-06-09 10:15:08,727 [INFO] McuFinderGlobals:76 - Set McuFinderConnectedMode to true
2026-06-09 10:15:08,743 [INFO] MultiScanPanel:200 - Auto-refresh data requested => check proxy status ongoing
2026-06-09 10:15:08,750 [INFO] FinderPluginLoader:95 - Searching for filters in installed packs
2026-06-09 10:15:13,112 [INFO] LoadUrlFilesThread:185 - End of LoadServerUrlFiles without Thread
2026-06-09 10:15:13,141 [INFO] DetailPanel:341 - Set advertising image to /home/santiago/STM32Cube/Repository//en.prom-stm32wl3r-0526.jpg
2026-06-09 10:15:21,600 [INFO] MultiScanPanel:200 - Auto-refresh data requested => check proxy status ongoing
2026-06-09 10:15:21,817 [INFO] LoadUrlFilesThread:185 - End of LoadServerUrlFiles without Thread
2026-06-09 10:15:21,818 [INFO] DetailPanel:341 - Set advertising image to /home/santiago/STM32Cube/Repository//en.prom-stm32wl3r-0526.jpg
2026-06-09 10:15:21,838 [INFO] DbBoards:642 - Loading board mini-images...
2026-06-09 10:15:26,988 [INFO] DbBoards:665 - Loaded 218 board mini-images
2026-06-09 10:16:14,037 [INFO] McuFinderGlobals:76 - Set McuFinderConnectedMode to true
2026-06-09 10:16:14,048 [INFO] ApiDb:448 - Save user favorites file /home/santiago/.stm32cubeide/favorites.mcus.txt: 0 item(s)
2026-06-09 10:16:14,048 [INFO] ApiDb:452 - User favorites MCUs=[]
2026-06-09 10:16:14,054 [INFO] ApiDb:448 - Save user favorites file /home/santiago/.stm32cubeide/favorites.boards.txt: 1 item(s)
2026-06-09 10:16:14,054 [INFO] ApiDb:452 - User favorites Boards=[NUCLEO-F411RE]
2026-06-09 10:21:01,567 [ERROR] LogOutputStream:75 - [STDERR_REDIRECT] 
2026-06-09 11:10:45,172 [INFO] Activator:176 - 


2026-06-09 11:10:45,174 [INFO] Activator:177 - !SESSION log4j initialized
2026-06-09 11:10:52,566 [INFO] LogOutputStream:77 - [STDOUT_REDIRECT] 
2026-06-09 11:10:53,466 [INFO] ApplicationProperties:184 - Using Application install path: /opt/st/stm32cubeide_1.17.0_2/plugins/com.st.stm32cube.common.mx_6.13.0.202411220809
2026-06-09 11:10:53,492 [INFO] DbMcusXml:78 - Set database path to: /opt/st/stm32cubeide_1.17.0_2/plugins/com.st.stm32cube.common.mx_6.13.0.202411220809//db//mcu/
2026-06-09 11:10:53,493 [INFO] ApiDb:274 - Set plugin database path to: /opt/st/stm32cubeide_1.17.0_2/plugins/com.st.stm32cube.common.mx_6.13.0.202411220809//db//plugins/boardmanager/
2026-06-09 11:10:53,493 [WARN] ApiDb:259 - Overriding images path with different value:  => /opt/st/stm32cubeide_1.17.0_2/plugins/com.st.stm32cube.common.mx_6.13.0.202411220809//db//plugins/mcufinder/images/
2026-06-09 11:10:53,502 [INFO] ApiDb:250 - Set database path to: /home/santiago/.stmcufinder/plugins/mcufinder//mcu/
2026-06-09 11:10:53,504 [INFO] DbMcusAds:125 - Set database path to: /home/santiago/.stmcufinder/plugins/mcufinder//mcu/
2026-06-09 11:10:53,507 [INFO] CrossReferenceDbSqlite:203 - Set database path to: /home/santiago/.stmcufinder/plugins/mcufinder//mcu/cs/
2026-06-09 11:10:53,726 [INFO] RulesReader:64 - Compatibility file has been processed (297 Rules)
2026-06-09 11:10:53,833 [INFO] DbMcusXml:78 - Set database path to: /opt/st/stm32cubeide_1.17.0_2/plugins/com.st.stm32cube.common.mx_6.13.0.202411220809//db//mcu/
2026-06-09 11:10:53,833 [INFO] ApiDb:274 - Set plugin database path to: /opt/st/stm32cubeide_1.17.0_2/plugins/com.st.stm32cube.common.mx_6.13.0.202411220809//db//plugins/boardmanager/
2026-06-09 11:10:53,833 [INFO] ApiDb:261 - Set plugin images path to: /opt/st/stm32cubeide_1.17.0_2/plugins/com.st.stm32cube.common.mx_6.13.0.202411220809//db//plugins/mcufinder/images/
2026-06-09 11:10:53,834 [WARN] DbFile:41 - Overriding database path with different value: /home/santiago/.stmcufinder/plugins/mcufinder/ => /home/santiago/.stmcufinder/plugins/mcufinder
2026-06-09 11:10:53,834 [INFO] ApiDb:250 - Set database path to: /home/santiago/.stmcufinder/plugins/mcufinder//mcu/
2026-06-09 11:10:53,834 [WARN] DbFile:41 - Overriding database path with different value: /home/santiago/.stmcufinder/plugins/mcufinder/ => /home/santiago/.stmcufinder/plugins/mcufinder
2026-06-09 11:10:53,834 [INFO] DbMcusAds:125 - Set database path to: /home/santiago/.stmcufinder/plugins/mcufinder//mcu/
2026-06-09 11:10:53,835 [WARN] DbFile:41 - Overriding database path with different value: /home/santiago/.stmcufinder/plugins/mcufinder/ => /home/santiago/.stmcufinder/plugins/mcufinder
2026-06-09 11:10:53,835 [WARN] DbFile:41 - Overriding database path with different value: /home/santiago/.stmcufinder/plugins/mcufinder/ => /home/santiago/.stmcufinder/plugins/mcufinder
2026-06-09 11:10:53,835 [INFO] CrossReferenceDbSqlite:203 - Set database path to: /home/santiago/.stmcufinder/plugins/mcufinder//mcu/cs/
2026-06-09 11:10:53,945 [INFO] MainPanel:272 - HeapMemory: 268435456
2026-06-09 11:10:54,153 [INFO] DbMcusXml:78 - Set database path to: /opt/st/stm32cubeide_1.17.0_2/plugins/com.st.stm32cube.common.mx_6.13.0.202411220809//db//mcu/
2026-06-09 11:10:54,154 [INFO] ApiDb:274 - Set plugin database path to: /opt/st/stm32cubeide_1.17.0_2/plugins/com.st.stm32cube.common.mx_6.13.0.202411220809//db//plugins/boardmanager/
2026-06-09 11:10:54,154 [INFO] ApiDb:261 - Set plugin images path to: /opt/st/stm32cubeide_1.17.0_2/plugins/com.st.stm32cube.common.mx_6.13.0.202411220809//db//plugins/mcufinder/images/
2026-06-09 11:10:54,155 [WARN] DbFile:41 - Overriding database path with different value: /home/santiago/.stmcufinder/plugins/mcufinder/ => /home/santiago/.stmcufinder/plugins/mcufinder
2026-06-09 11:10:54,155 [INFO] ApiDb:250 - Set database path to: /home/santiago/.stmcufinder/plugins/mcufinder//mcu/
2026-06-09 11:10:54,155 [WARN] DbFile:41 - Overriding database path with different value: /home/santiago/.stmcufinder/plugins/mcufinder/ => /home/santiago/.stmcufinder/plugins/mcufinder
2026-06-09 11:10:54,155 [INFO] DbMcusAds:125 - Set database path to: /home/santiago/.stmcufinder/plugins/mcufinder//mcu/
2026-06-09 11:10:54,156 [WARN] DbFile:41 - Overriding database path with different value: /home/santiago/.stmcufinder/plugins/mcufinder/ => /home/santiago/.stmcufinder/plugins/mcufinder
2026-06-09 11:10:54,156 [WARN] DbFile:41 - Overriding database path with different value: /home/santiago/.stmcufinder/plugins/mcufinder/ => /home/santiago/.stmcufinder/plugins/mcufinder
2026-06-09 11:10:54,156 [INFO] CrossReferenceDbSqlite:203 - Set database path to: /home/santiago/.stmcufinder/plugins/mcufinder//mcu/cs/
2026-06-09 11:10:54,182 [INFO] ApplicationProperties:184 - Using Application install path: /opt/st/stm32cubeide_1.17.0_2/plugins/com.st.stm32cube.common.mx_6.13.0.202411220809
2026-06-09 11:10:54,185 [INFO] PluginManage:196 - Search for loadable plugins [exclusion list=, ]
2026-06-09 11:10:54,188 [INFO] PluginManage:310 - Check plugin analytics
2026-06-09 11:10:54,507 [INFO] AnalyticsPlugin:253 - Accepted Software Licenses: 
2026-06-09 11:10:54,507 [INFO] AnalyticsPlugin:255 - Accepted CMSIS Pack Licenses: 
2026-06-09 11:10:54,507 [INFO] AnalyticsPlugin:257 - Accepted Firmware Licenses: FW.F4.1.28.0
2026-06-09 11:10:54,512 [INFO] PluginManage:359 - Loaded plugin analytics (category:tool,tabindex:-1)
2026-06-09 11:10:54,513 [INFO] PluginManage:310 - Check plugin cadmodel
2026-06-09 11:10:54,519 [INFO] CADModel:105 - Init CAD model plugin
2026-06-09 11:10:54,520 [INFO] PluginManage:359 - Loaded plugin cadmodel (category:power,tabindex:5)
2026-06-09 11:10:54,520 [INFO] PluginManage:310 - Check plugin clock
2026-06-09 11:10:54,535 [INFO] PluginManage:359 - Loaded plugin clock (category:base,tabindex:2)
2026-06-09 11:10:54,536 [INFO] PluginManage:310 - Check plugin ddr
2026-06-09 11:10:54,540 [INFO] PluginManage:359 - Loaded plugin ddr (category:tool,tabindex:6)
2026-06-09 11:10:54,540 [INFO] PluginManage:310 - Check plugin filemanager
2026-06-09 11:10:54,803 [INFO] PluginManage:359 - Loaded plugin filemanager (category:base,tabindex:10)
2026-06-09 11:10:54,803 [INFO] PluginManage:310 - Check plugin ipmanager
2026-06-09 11:10:54,811 [INFO] PluginManage:359 - Loaded plugin ipmanager (category:base,tabindex:5)
2026-06-09 11:10:54,811 [INFO] PluginManage:310 - Check plugin lpbam
2026-06-09 11:10:54,824 [INFO] PluginManage:359 - Loaded plugin lpbam (category:base,tabindex:0)
2026-06-09 11:10:54,825 [INFO] PluginManage:310 - Check plugin memorymap
2026-06-09 11:10:54,842 [INFO] PluginManage:359 - Loaded plugin memorymap (category:base,tabindex:4)
2026-06-09 11:10:54,842 [INFO] PluginManage:310 - Check plugin pinoutandconfiguration
2026-06-09 11:10:54,854 [INFO] PluginManage:359 - Loaded plugin pinoutandconfiguration (category:base,tabindex:1)
2026-06-09 11:10:54,854 [INFO] PluginManage:310 - Check plugin pinoutconfig
2026-06-09 11:10:54,991 [WARN] SupportedApi:132 - Cannot load RTOS API schema: s4s-elt-must-match.1: The content of 'definitions' must match (annotation?, (simpleType | complexType)?, (unique | key | keyref)*)). A problem was found starting at: attribute.
2026-06-09 11:10:55,203 [INFO] PluginManage:359 - Loaded plugin pinoutconfig (category:base,tabindex:0)
2026-06-09 11:10:55,203 [INFO] PluginManage:310 - Check plugin power
2026-06-09 11:10:55,217 [INFO] PluginManage:359 - Loaded plugin power (category:power,tabindex:4)
2026-06-09 11:10:55,217 [INFO] PluginManage:310 - Check plugin projectmanager
2026-06-09 11:10:55,244 [INFO] PluginManage:359 - Loaded plugin projectmanager (category:projectmanager,tabindex:4)
2026-06-09 11:10:55,245 [INFO] PluginManage:310 - Check plugin rif
2026-06-09 11:10:55,255 [INFO] PluginManage:359 - Loaded plugin rif (category:base,tabindex:3)
2026-06-09 11:10:55,255 [INFO] PluginManage:310 - Check plugin thirdparty
2026-06-09 11:10:55,442 [WARN] IntegrityCheckThread:84 - waiting for thirdparty lock release [integrity check]
2026-06-09 11:10:55,442 [INFO] PluginManage:359 - Loaded plugin thirdparty (category:base,tabindex:-1)
2026-06-09 11:10:55,443 [INFO] IntegrityCheckThread:86 - entering critical section [integrity check]
2026-06-09 11:10:55,443 [INFO] PluginManage:310 - Check plugin tools
2026-06-09 11:10:55,443 [INFO] ThirdPartyUpdaterWithRetryManager:70 - Updater plugin not ready yet. [1/15]
2026-06-09 11:10:55,446 [INFO] PluginManage:359 - Loaded plugin tools (category:base,tabindex:7)
2026-06-09 11:10:55,446 [INFO] PluginManage:310 - Check plugin tutovideos
2026-06-09 11:10:55,732 [INFO] PluginManage:359 - Loaded plugin tutovideos (category:base,tabindex:-1)
2026-06-09 11:10:55,732 [INFO] PluginManage:310 - Check plugin updater
2026-06-09 11:10:55,775 [INFO] PluginManage:359 - Loaded plugin updater (category:base,tabindex:12)
2026-06-09 11:10:55,775 [INFO] PluginManage:310 - Check plugin userauth
2026-06-09 11:10:55,781 [INFO] UserAuth:118 - Init User Auth plugin
2026-06-09 11:10:55,783 [INFO] PluginManage:359 - Loaded plugin userauth (category:base,tabindex:14)
2026-06-09 11:10:55,784 [INFO] PluginManage:283 - PluginManage : Loaded plugins [18]
2026-06-09 11:10:56,092 [INFO] PinOutPanel:1589 - setPackage(No Configuration,No Configuration)
2026-06-09 11:10:56,226 [INFO] CADModel:165 - CPN selected for project level
2026-06-09 11:10:56,226 [INFO] CADModel:114 - Register for checkConnection events
2026-06-09 11:10:56,248 [INFO] IPUIPlugin:80 - create IPUIPlugin
2026-06-09 11:10:56,248 [INFO] PluginManager:220 - loadIPPluginJar : add ipddr
2026-06-09 11:10:56,252 [INFO] IPUIPlugin:80 - create IPUIPlugin
2026-06-09 11:10:56,252 [INFO] PluginManager:220 - loadIPPluginJar : add gtzc
2026-06-09 11:10:56,257 [INFO] IPUIPlugin:80 - create IPUIPlugin
2026-06-09 11:10:56,257 [INFO] PluginManager:220 - loadIPPluginJar : add usbx
2026-06-09 11:10:56,261 [INFO] IPUIPlugin:80 - create IPUIPlugin
2026-06-09 11:10:56,262 [INFO] PluginManager:220 - loadIPPluginJar : add openamp
2026-06-09 11:10:56,265 [INFO] IPUIPlugin:80 - create IPUIPlugin
2026-06-09 11:10:56,266 [INFO] PluginManager:220 - loadIPPluginJar : add can
2026-06-09 11:10:56,277 [INFO] IPUIPlugin:80 - create IPUIPlugin
2026-06-09 11:10:56,278 [INFO] PluginManager:220 - loadIPPluginJar : add linkedlist
2026-06-09 11:10:56,280 [INFO] IPUIPlugin:80 - create IPUIPlugin
2026-06-09 11:10:56,280 [INFO] PluginManager:220 - loadIPPluginJar : add tim
2026-06-09 11:10:56,290 [INFO] IPUIPlugin:80 - create IPUIPlugin
2026-06-09 11:10:56,290 [INFO] PluginManager:220 - loadIPPluginJar : add fmc
2026-06-09 11:10:56,293 [INFO] IPUIPlugin:80 - create IPUIPlugin
2026-06-09 11:10:56,294 [INFO] PluginManager:220 - loadIPPluginJar : add i2s
2026-06-09 11:10:56,297 [INFO] IPUIPlugin:80 - create IPUIPlugin
2026-06-09 11:10:56,297 [INFO] PluginManager:220 - loadIPPluginJar : add cryp
2026-06-09 11:10:56,313 [INFO] IPUIPlugin:80 - create IPUIPlugin
2026-06-09 11:10:56,313 [INFO] PluginManager:220 - loadIPPluginJar : add stm32_wpan
2026-06-09 11:10:56,318 [INFO] IPUIPlugin:80 - create IPUIPlugin
2026-06-09 11:10:56,318 [INFO] PluginManager:220 - loadIPPluginJar : add i3c
2026-06-09 11:10:56,320 [INFO] IPUIPlugin:80 - create IPUIPlugin
2026-06-09 11:10:56,320 [INFO] PluginManager:220 - loadIPPluginJar : add quadspi
2026-06-09 11:10:56,331 [INFO] IPUIPlugin:80 - create IPUIPlugin
2026-06-09 11:10:56,332 [INFO] PluginManager:220 - loadIPPluginJar : add dma
2026-06-09 11:10:56,334 [INFO] IPUIPlugin:80 - create IPUIPlugin
2026-06-09 11:10:56,335 [INFO] PluginManager:220 - loadIPPluginJar : add ltdc
2026-06-09 11:10:56,343 [INFO] IPUIPlugin:80 - create IPUIPlugin
2026-06-09 11:10:56,344 [INFO] PluginManager:220 - loadIPPluginJar : add nvic
2026-06-09 11:10:56,352 [INFO] IPUIPlugin:80 - create IPUIPlugin
2026-06-09 11:10:56,352 [INFO] PluginManager:220 - loadIPPluginJar : add opamp
2026-06-09 11:10:56,368 [INFO] IPUIPlugin:80 - create IPUIPlugin
2026-06-09 11:10:56,368 [INFO] PluginManager:220 - loadIPPluginJar : add freertos
2026-06-09 11:10:56,373 [INFO] IPUIPlugin:80 - create IPUIPlugin
2026-06-09 11:10:56,374 [INFO] PluginManager:220 - loadIPPluginJar : add hash
2026-06-09 11:10:56,382 [INFO] IPUIPlugin:80 - create IPUIPlugin
2026-06-09 11:10:56,382 [INFO] PluginManager:220 - loadIPPluginJar : add touchsensing
2026-06-09 11:10:56,385 [INFO] IPUIPlugin:80 - create IPUIPlugin
2026-06-09 11:10:56,385 [INFO] PluginManager:220 - loadIPPluginJar : add spi
2026-06-09 11:10:56,388 [INFO] IPUIPlugin:80 - create IPUIPlugin
2026-06-09 11:10:56,389 [INFO] PluginManager:220 - loadIPPluginJar : add comp
2026-06-09 11:10:56,394 [INFO] IPUIPlugin:80 - create IPUIPlugin
2026-06-09 11:10:56,394 [INFO] PluginManager:220 - loadIPPluginJar : add ucpd
2026-06-09 11:10:56,398 [INFO] IPUIPlugin:80 - create IPUIPlugin
2026-06-09 11:10:56,399 [INFO] PluginManager:220 - loadIPPluginJar : add ddr_ctrl_phy
2026-06-09 11:10:56,401 [INFO] IPUIPlugin:80 - create IPUIPlugin
2026-06-09 11:10:56,401 [INFO] PluginManager:220 - loadIPPluginJar : add fatfs
2026-06-09 11:10:56,405 [INFO] IPUIPlugin:80 - create IPUIPlugin
2026-06-09 11:10:56,405 [INFO] PluginManager:220 - loadIPPluginJar : add dma3
2026-06-09 11:10:56,411 [INFO] IPUIPlugin:80 - create IPUIPlugin
2026-06-09 11:10:56,411 [INFO] PluginManager:220 - loadIPPluginJar : add sai
2026-06-09 11:10:56,416 [INFO] IPUIPlugin:80 - create IPUIPlugin
2026-06-09 11:10:56,416 [INFO] PluginManager:220 - loadIPPluginJar : add extmemmanager
2026-06-09 11:10:56,420 [INFO] IPUIPlugin:80 - create IPUIPlugin
2026-06-09 11:10:56,420 [INFO] PluginManager:220 - loadIPPluginJar : add i2c
2026-06-09 11:10:56,424 [INFO] IPUIPlugin:80 - create IPUIPlugin
2026-06-09 11:10:56,424 [INFO] PluginManager:220 - loadIPPluginJar : add tracer_emb
2026-06-09 11:10:56,427 [INFO] IPUIPlugin:80 - create IPUIPlugin
2026-06-09 11:10:56,427 [INFO] PluginManager:220 - loadIPPluginJar : add ts
2026-06-09 11:10:56,433 [INFO] IPUIPlugin:80 - create IPUIPlugin
2026-06-09 11:10:56,433 [INFO] PluginManager:220 - loadIPPluginJar : add resmgrutility
2026-06-09 11:10:56,444 [INFO] IPUIPlugin:80 - create IPUIPlugin
2026-06-09 11:10:56,445 [INFO] PluginManager:220 - loadIPPluginJar : add gic
2026-06-09 11:10:56,448 [INFO] IPUIPlugin:80 - create IPUIPlugin
2026-06-09 11:10:56,448 [INFO] PluginManager:220 - loadIPPluginJar : add usart
2026-06-09 11:10:56,451 [INFO] IPUIPlugin:80 - create IPUIPlugin
2026-06-09 11:10:56,451 [INFO] PluginManager:220 - loadIPPluginJar : add tsc
2026-06-09 11:10:56,454 [INFO] IPUIPlugin:80 - create IPUIPlugin
2026-06-09 11:10:56,454 [INFO] PluginManager:220 - loadIPPluginJar : add gfxmmu
2026-06-09 11:10:56,468 [INFO] IPUIPlugin:80 - create IPUIPlugin
2026-06-09 11:10:56,468 [INFO] PluginManager:220 - loadIPPluginJar : add mdma
2026-06-09 11:10:56,473 [INFO] IPUIPlugin:80 - create IPUIPlugin
2026-06-09 11:10:56,474 [INFO] PluginManager:220 - loadIPPluginJar : add lorawan
2026-06-09 11:10:56,483 [INFO] IPUIPlugin:80 - create IPUIPlugin
2026-06-09 11:10:56,483 [INFO] PluginManager:220 - loadIPPluginJar : add adc
2026-06-09 11:10:56,485 [INFO] IPUIPlugin:80 - create IPUIPlugin
2026-06-09 11:10:56,485 [INFO] PluginManager:220 - loadIPPluginJar : add genericplugin
2026-06-09 11:10:56,491 [INFO] IPUIPlugin:80 - create IPUIPlugin
2026-06-09 11:10:56,491 [INFO] PluginManager:220 - loadIPPluginJar : add pdm2pcm
2026-06-09 11:10:56,494 [INFO] IPUIPlugin:80 - create IPUIPlugin
2026-06-09 11:10:56,495 [INFO] PluginManager:220 - loadIPPluginJar : add radio
2026-06-09 11:10:56,499 [INFO] IPUIPlugin:80 - create IPUIPlugin
2026-06-09 11:10:56,499 [INFO] PluginManager:220 - loadIPPluginJar : add aes
2026-06-09 11:10:56,509 [INFO] IPUIPlugin:80 - create IPUIPlugin
2026-06-09 11:10:56,518 [INFO] PluginManager:220 - loadIPPluginJar : add plateformsettings
2026-06-09 11:10:56,526 [INFO] IPUIPlugin:80 - create IPUIPlugin
2026-06-09 11:10:56,526 [INFO] PluginManager:220 - loadIPPluginJar : add gpio
2026-06-09 11:10:56,530 [INFO] IPUIPlugin:80 - create IPUIPlugin
2026-06-09 11:10:56,530 [INFO] PluginManager:220 - loadIPPluginJar : add dfsdm
2026-06-09 11:10:56,662 [FATAL] Updater:351 - Updater called before beeing initialized
2026-06-09 11:10:56,720 [INFO] RulesReader:64 - Compatibility file has been processed (297 Rules)
2026-06-09 11:10:56,750 [INFO] RulesReader:64 - Compatibility file has been processed (297 Rules)
2026-06-09 11:10:56,762 [INFO] CADModel:165 - CPN selected for project level
2026-06-09 11:10:56,762 [INFO] CADModel:114 - Register for checkConnection events
2026-06-09 11:10:56,763 [FATAL] Updater:351 - Updater called before beeing initialized
2026-06-09 11:10:56,763 [ERROR] CADModel:125 - Updater not yet initialized, retry later 
2026-06-09 11:10:56,982 [FATAL] Updater:351 - Updater called before beeing initialized
2026-06-09 11:10:56,984 [INFO] CADModel:165 - CPN selected for project level
2026-06-09 11:10:56,985 [INFO] CADModel:114 - Register for checkConnection events
2026-06-09 11:10:56,985 [FATAL] Updater:351 - Updater called before beeing initialized
2026-06-09 11:10:56,985 [ERROR] CADModel:125 - Updater not yet initialized, retry later 
2026-06-09 11:10:56,990 [FATAL] Updater:351 - Updater called before beeing initialized
2026-06-09 11:10:57,127 [FATAL] Updater:351 - Updater called before beeing initialized
2026-06-09 11:10:57,134 [INFO] DbMcusAds:53 - JSON generation date=Thu May 28 11:08:17 COT 2026 (1779984497073)
2026-06-09 11:10:57,134 [FATAL] Updater:351 - Updater called before beeing initialized
2026-06-09 11:10:57,196 [WARN] DetailPanel:346 - Failed to get advertising image, set to default
2026-06-09 11:10:57,693 [FATAL] Updater:351 - Updater called before beeing initialized
2026-06-09 11:10:57,700 [FATAL] Updater:351 - Updater called before beeing initialized
2026-06-09 11:10:57,701 [FATAL] Updater:351 - Updater called before beeing initialized
2026-06-09 11:10:57,701 [WARN] DetailPanel:346 - Failed to get advertising image, set to default
2026-06-09 11:10:57,703 [FATAL] Updater:351 - Updater called before beeing initialized
2026-06-09 11:10:57,762 [ERROR] Updater:1198 - MainUpdater not yet initialized. External WinMGr cannot be set.
2026-06-09 11:10:57,764 [INFO] Updater:1134 - Updater Version found : 6.13.0
2026-06-09 11:10:57,795 [INFO] ApplicationProperties:184 - Using Application install path: /opt/st/stm32cubeide_1.17.0_2/plugins/com.st.stm32cube.common.mx_6.13.0.202411220809
2026-06-09 11:10:58,416 [INFO] MainUpdater:2872 - connection check result : 10
2026-06-09 11:10:58,417 [INFO] MainUpdater:289 - Updater Check For Update Now.
2026-06-09 11:10:58,417 [INFO] MicroXplorer:498 - Change Database Version : DB.6.0.130
2026-06-09 11:10:58,427 [INFO] McuFinderGlobals:63 - Set McuFinder mode to 2 (CubeIDE integrated)
2026-06-09 11:10:58,429 [INFO] UserAuth:486 - Internet connection configuration mode: 1
2026-06-09 11:10:58,444 [WARN] MainUpdater:1193 - Updater busy. Cannot search thirdparties
2026-06-09 11:10:58,445 [INFO] ThirdPartyUpdaterWithRetryManager:96 - Updater plugin is busy. [1/15]
2026-06-09 11:10:58,466 [INFO] JxBrowserEngine:152 - Initiate JxBrowser Engine with user profile folder
2026-06-09 11:10:58,714 [INFO] CheckServerUpdateThread:120 - End of CheckServer Thread
2026-06-09 11:11:00,137 [INFO] WebApp:168 - Instantiating new browser for Auth
2026-06-09 11:11:01,751 [INFO] WebApp:449 - Apply proxy settings
2026-06-09 11:11:01,752 [INFO] WebApp:534 - Chromium requires no authentication
2026-06-09 11:11:01,776 [INFO] WebApp:477 - Direct internet connection detected
2026-06-09 11:11:01,826 [INFO] WebApp:880 - Register for checkConnection events
2026-06-09 11:11:01,827 [INFO] WebApp:449 - Apply proxy settings
2026-06-09 11:11:01,827 [INFO] WebApp:534 - Chromium requires no authentication
2026-06-09 11:11:01,828 [INFO] WebApp:477 - Direct internet connection detected
2026-06-09 11:11:02,023 [WARN] PackLoader:240 - Cannot read IP mode file for STMicroelectronics.X-CUBE-AZRTOS-H7.3.5.0
2026-06-09 11:11:02,054 [WARN] PackLoader:240 - Cannot read IP mode file for STMicroelectronics.FP-SNS-MOTENVWB1.1.4.0
2026-06-09 11:11:02,067 [ERROR] Engine:466 - /home/santiago/.stm32cubemx/thirdparties/pdsc/STMicroelectronics.X-CUBE-SMBUS.2.1.1.pdsc: PDSC version is not supported
2026-06-09 11:11:02,072 [WARN] PackLoader:240 - Cannot read IP mode file for STMicroelectronics.X-CUBE-SMBUS.2.1.0
2026-06-09 11:11:02,113 [WARN] PackLoader:240 - Cannot read IP mode file for STMicroelectronics.X-CUBE-AZRTOS-F7.1.1.0
2026-06-09 11:11:02,131 [ERROR] Engine:466 - /home/santiago/.stm32cubemx/thirdparties/pdsc/WES.I-CUBE-Cesium.1.4.0.pdsc: PDSC version is not supported
2026-06-09 11:11:02,146 [INFO] WebApp:221 - Starting web application
2026-06-09 11:11:02,147 [INFO] WebApp:579 - Web application path used /opt/st/stm32cubeide_1.17.0_2/plugins/com.st.stm32cube.common.mx_6.13.0.202411220809/db/plugins/mcufinder/reactClient1/index.html
2026-06-09 11:11:02,149 [WARN] PackLoader:240 - Cannot read IP mode file for STMicroelectronics.X-CUBE-DISPLAY.3.0.0
2026-06-09 11:11:02,193 [WARN] PackLoader:240 - Cannot read IP mode file for STMicroelectronics.X-CUBE-GNSS1.7.1.1
2026-06-09 11:11:02,202 [ERROR] Engine:466 - /home/santiago/.stm32cubemx/thirdparties/pdsc/STMicroelectronics.FP-SNS-MOTENVWB1.1.5.0.pdsc: PDSC version is not supported
2026-06-09 11:11:02,210 [WARN] PackLoader:240 - Cannot read IP mode file for wolfSSL.I-CUBE-wolfSSL.5.9.1
2026-06-09 11:11:02,226 [WARN] PackLoader:240 - Cannot read IP mode file for STMicroelectronics.X-CUBE-NFC10.1.0.0
2026-06-09 11:11:02,242 [WARN] PackLoader:240 - Cannot read IP mode file for STMicroelectronics.X-CUBE-ST60.1.1.0
2026-06-09 11:11:02,256 [WARN] PackLoader:240 - Cannot read IP mode file for emotas.I-CUBE-CANOPEN.1.3.0
2026-06-09 11:11:02,267 [WARN] PackLoader:240 - Cannot read IP mode file for STMicroelectronics.FP-SNS-SMARTAG2.1.2.0
2026-06-09 11:11:02,289 [INFO] LogOutputStream:77 - [STDOUT_REDIRECT] 1 : Invalid condition id : UX_CORESTACK_Condition cause : null
2026-06-09 11:11:02,290 [INFO] LogOutputStream:77 - [STDOUT_REDIRECT] 1 : Invalid condition id : UX_CORESTACK_Condition cause : null
2026-06-09 11:11:02,291 [INFO] LogOutputStream:77 - [STDOUT_REDIRECT] 1 : Invalid condition id : UX_CORESTACK_Condition cause : null
2026-06-09 11:11:02,292 [INFO] LogOutputStream:77 - [STDOUT_REDIRECT] 1 : Invalid condition id : UX_CORESTACK_Condition cause : null
2026-06-09 11:11:02,292 [INFO] LogOutputStream:77 - [STDOUT_REDIRECT] 1 : Invalid condition id : UX_CORESTACK_Condition cause : null
2026-06-09 11:11:02,302 [WARN] PackLoader:240 - Cannot read IP mode file for STMicroelectronics.X-CUBE-AZRTOS-WL.2.0.0
2026-06-09 11:11:02,356 [WARN] PackLoader:240 - Cannot read IP mode file for STMicroelectronics.X-CUBE-AZRTOS-H7RS.1.2.0
2026-06-09 11:11:02,372 [WARN] PackLoader:240 - Cannot read IP mode file for STMicroelectronics.X-CUBE-BLE2.3.3.0
2026-06-09 11:11:02,374 [INFO] UserAuth:486 - Internet connection configuration mode: 1
2026-06-09 11:11:02,468 [WARN] PackLoader:240 - Cannot read IP mode file for Infineon.AIROC-Wi-Fi-Bluetooth-STM32.1.8.0
2026-06-09 11:11:02,497 [WARN] PackLoader:240 - Cannot read IP mode file for STMicroelectronics.X-CUBE-NFC9.1.0.0
2026-06-09 11:11:02,507 [WARN] PackLoader:240 - Cannot read IP mode file for wolfSSL.I-CUBE-wolfMQTT.1.19.2
2026-06-09 11:11:02,513 [ERROR] Engine:466 - /home/santiago/.stm32cubemx/thirdparties/pdsc/STMicroelectronics.FP-SNS-STAIOTCFT.1.1.0.pdsc: PDSC version is not supported
2026-06-09 11:11:02,547 [WARN] PackLoader:240 - Cannot read IP mode file for STMicroelectronics.X-CUBE-AZRTOS-G0.1.1.0
2026-06-09 11:11:02,563 [WARN] PackLoader:240 - Cannot read IP mode file for STMicroelectronics.X-CUBE-NFC4.3.0.0
2026-06-09 11:11:02,580 [WARN] PackLoader:240 - Cannot read IP mode file for EmbeddedOffice.I-CUBE-FS-RTOS.1.0.1
2026-06-09 11:11:02,602 [WARN] PackLoader:240 - Cannot read IP mode file for wolfSSL.I-CUBE-wolfTPM.3.8.0
2026-06-09 11:11:02,615 [WARN] PackLoader:240 - Cannot read IP mode file for STMicroelectronics.X-CUBE-TCPP.4.2.0
2026-06-09 11:11:02,630 [WARN] PackLoader:240 - Cannot read IP mode file for RealThread.X-CUBE-RT-Thread_Nano.4.1.1
2026-06-09 11:11:02,637 [WARN] PackLoader:240 - Cannot read IP mode file for STMicroelectronics.FP-ATR-SIGFOX1.3.2.0
2026-06-09 11:11:02,642 [ERROR] Engine:466 - /home/santiago/.stm32cubemx/thirdparties/pdsc/STMicroelectronics.X-CUBE-FREERTOS.1.5.0.pdsc: PDSC version is not supported
2026-06-09 11:11:02,651 [WARN] PackLoader:240 - Cannot read IP mode file for ITTIA_DB.I-CUBE-ITTIADB.8.9.0
2026-06-09 11:11:02,655 [WARN] PackLoader:240 - Cannot read IP mode file for Cesanta.I-CUBE-Mongoose.7.21.7
2026-06-09 11:11:02,671 [WARN] PackLoader:240 - Cannot read IP mode file for STMicroelectronics.X-CUBE-NFC6.3.2.0
2026-06-09 11:11:02,811 [WARN] PackLoader:240 - Cannot read IP mode file for STMicroelectronics.X-CUBE-MEMS1.12.1.0
2026-06-09 11:11:02,990 [INFO] WebApp:187 - Connection restablished
2026-06-09 11:11:03,179 [WARN] PackLoader:240 - Cannot read IP mode file for SEGGER.I-CUBE-embOS.1.3.1
2026-06-09 11:11:03,305 [WARN] PackLoader:240 - Cannot read IP mode file for STMicroelectronics.X-CUBE-ALGOBUILD.1.4.0
2026-06-09 11:11:03,313 [WARN] PackLoader:240 - Cannot read IP mode file for STMicroelectronics.X-CUBE-PM33A1.1.0.0
2026-06-09 11:11:03,352 [WARN] PackLoader:240 - Cannot read IP mode file for STMicroelectronics.X-CUBE-AZRTOS-F4.1.1.0
2026-06-09 11:11:03,365 [WARN] PackLoader:240 - Cannot read IP mode file for STMicroelectronics.X-CUBE-ISPU.2.1.0
2026-06-09 11:11:03,378 [ERROR] Engine:466 - /home/santiago/.stm32cubemx/thirdparties/pdsc/STMicroelectronics.X-CUBE-IPS.3.2.0.pdsc: PDSC version is not supported
2026-06-09 11:11:03,381 [WARN] PackLoader:240 - Cannot read IP mode file for STMicroelectronics.eDS-WB_DPC_TT-BIDIR.2.1.1
2026-06-09 11:11:03,391 [WARN] PackLoader:240 - Cannot read IP mode file for STMicroelectronics.X-CUBE-NFC12.1.0.0
2026-06-09 11:11:03,435 [WARN] PackLoader:240 - Cannot read IP mode file for STMicroelectronics.X-CUBE-AZRTOS-L5.2.0.0
2026-06-09 11:11:03,451 [WARN] PackLoader:240 - Cannot read IP mode file for STMicroelectronics.X-CUBE-ALGOBUILD.1.5.0
2026-06-09 11:11:03,459 [WARN] PackLoader:240 - Cannot read IP mode file for STMicroelectronics.eDS-WB_DPC_VIENNA.1.2.0
2026-06-09 11:11:03,464 [WARN] PackLoader:240 - Cannot read IP mode file for STMicroelectronics.eDS-WB_DPC_3PH2L-BIDIR.1.1.1
2026-06-09 11:11:03,482 [ERROR] Engine:466 - /home/santiago/.stm32cubemx/thirdparties/pdsc/STMicroelectronics.X-CUBE-ST67W61.1.3.0.pdsc: PDSC version is not supported
2026-06-09 11:11:03,491 [WARN] PackLoader:240 - Cannot read IP mode file for STMicroelectronics.X-CUBE-TOUCHGFX.4.26.1
2026-06-09 11:11:03,500 [WARN] PackLoader:240 - Cannot read IP mode file for STMicroelectronics.FP-SNS-STAIOTCFT.1.0.0
2026-06-09 11:11:03,550 [WARN] ConditionMgr:438 - getConditionDescription Invalid condition id : LAN8742 Phy interface Condition cause : null
2026-06-09 11:11:03,552 [WARN] PackLoader:240 - Cannot read IP mode file for STMicroelectronics.X-CUBE-AZRTOS-L4.2.0.0
2026-06-09 11:11:03,556 [WARN] ConditionMgr:1044 - genDependencies : Invalid condition id : LAN8742 Phy interface Condition cause : null
2026-06-09 11:11:03,556 [WARN] ConditionMgr:1044 - genDependencies : Invalid condition id : LAN8742 Phy interface Condition cause : null
2026-06-09 11:11:03,558 [WARN] ConditionMgr:1044 - genDependencies : Invalid condition id : LAN8742 Phy interface Condition cause : null
2026-06-09 11:11:03,569 [WARN] PackLoader:240 - Cannot read IP mode file for STMicroelectronics.X-CUBE-SFXS2LP1.4.0.0
2026-06-09 11:11:03,581 [WARN] PackLoader:240 - Cannot read IP mode file for STMicroelectronics.X-CUBE-WB05N.2.1.0
2026-06-09 11:11:03,613 [WARN] ConditionMgr:438 - getConditionDescription Invalid condition id : UX DEVICE CLASS RTOS Condition cause : null
2026-06-09 11:11:03,614 [WARN] ConditionMgr:438 - getConditionDescription Invalid condition id : UX DEVICE CLASS RTOS Condition cause : null
2026-06-09 11:11:03,618 [WARN] PackLoader:240 - Cannot read IP mode file for STMicroelectronics.X-CUBE-AZRTOS-WB.2.0.0
2026-06-09 11:11:03,621 [WARN] ConditionMgr:1044 - genDependencies : Invalid condition id : UX DEVICE CLASS RTOS Condition cause : null
2026-06-09 11:11:03,621 [WARN] ConditionMgr:1044 - genDependencies : Invalid condition id : UX DEVICE CLASS RTOS Condition cause : null
2026-06-09 11:11:03,623 [WARN] ConditionMgr:1044 - genDependencies : Invalid condition id : UX DEVICE CLASS RTOS Condition cause : null
2026-06-09 11:11:03,623 [WARN] ConditionMgr:1044 - genDependencies : Invalid condition id : UX DEVICE CLASS RTOS Condition cause : null
2026-06-09 11:11:03,623 [WARN] ConditionMgr:1044 - genDependencies : Invalid condition id : UX DEVICE CLASS RTOS Condition cause : null
2026-06-09 11:11:03,632 [WARN] ConditionMgr:438 - getConditionDescription Invalid condition id : Cortex-A Device cause : null
2026-06-09 11:11:03,649 [WARN] ConditionMgr:1044 - genDependencies : Invalid condition id : Cortex-A Device cause : null
2026-06-09 11:11:03,649 [WARN] ConditionMgr:1044 - genDependencies : Invalid condition id : Cortex-A Device cause : null
2026-06-09 11:11:03,649 [WARN] ConditionMgr:1044 - genDependencies : Invalid condition id : Cortex-A Device cause : null
2026-06-09 11:11:03,664 [WARN] PackLoader:240 - Cannot read IP mode file for STMicroelectronics.X-CUBE-STSE01.2.0.0
2026-06-09 11:11:03,683 [WARN] PackLoader:240 - Cannot read IP mode file for STMicroelectronics.X-CUBE-SUBG2.5.0.0
2026-06-09 11:11:03,737 [WARN] PackLoader:240 - Cannot read IP mode file for STMicroelectronics.X-CUBE-AZRTOS-G4.2.0.0
2026-06-09 11:11:03,744 [WARN] PackLoader:240 - Cannot read IP mode file for wolfSSL.I-CUBE-wolfSSH.1.4.20
2026-06-09 11:11:03,751 [WARN] PackLoader:240 - Cannot read IP mode file for STMicroelectronics.X-CUBE-NFC7.2.0.0
2026-06-09 11:11:03,761 [WARN] PackLoader:240 - Cannot read IP mode file for STMicroelectronics.X-CUBE-ALS.1.0.2
2026-06-09 11:11:03,784 [WARN] PackLoader:240 - Cannot read IP mode file for STMicroelectronics.X-CUBE-TOF1.3.4.3
2026-06-09 11:11:03,832 [INFO] ThirdParty:978 - Integrity check success = true
2026-06-09 11:11:03,832 [INFO] IntegrityCheckThread:100 - exiting critical section [integrity check]
2026-06-09 11:11:03,832 [INFO] IntegrityCheckThread:103 - End integrity checks thread
